host_clade_id	host_scope	n_genomes	n_mtc_genomes	mtc_fraction
host_clade_0001	NTM	12635	0	0.0000
host_clade_0002	MTC	7467	7273	0.9740
host_clade_0003	NTM	3980	0	0.0000
host_clade_0004	NTM	2479	0	0.0000
host_clade_0005	NTM	1904	0	0.0000
host_clade_0006	NTM	1065	0	0.0000
host_clade_0007	NTM	702	0	0.0000
host_clade_0008	NTM	485	0	0.0000
host_clade_0009	NTM	192	0	0.0000
host_clade_0010	NTM	120	0	0.0000
host_clade_0011	NTM	103	0	0.0000
host_clade_0012	NTM	91	0	0.0000
host_clade_0013	NTM	75	0	0.0000
host_clade_0014	NTM	73	0	0.0000
host_clade_0015	NTM	70	0	0.0000
host_clade_0016	NTM	60	0	0.0000
host_clade_0017	NTM	55	0	0.0000
host_clade_0018	NTM	55	0	0.0000
host_clade_0019	NTM	53	0	0.0000
host_clade_0020	NTM	51	0	0.0000
host_clade_0021	NTM	50	0	0.0000
host_clade_0022	NTM	48	0	0.0000
host_clade_0023	NTM	48	0	0.0000
host_clade_0024	NTM	43	0	0.0000
host_clade_0025	NTM	31	0	0.0000
host_clade_0026	NTM	29	0	0.0000
host_clade_0027	NTM	28	0	0.0000
host_clade_0028	NTM	28	0	0.0000
host_clade_0029	NTM	27	0	0.0000
host_clade_0030	NTM	25	0	0.0000
host_clade_0031	NTM	24	0	0.0000
host_clade_0032	NTM	24	0	0.0000
host_clade_0033	NTM	23	0	0.0000
host_clade_0034	NTM	23	0	0.0000
host_clade_0035	NTM	23	0	0.0000
host_clade_0036	NTM	23	0	0.0000
host_clade_0037	NTM	23	0	0.0000
host_clade_0038	NTM	22	0	0.0000
host_clade_0039	NTM	22	0	0.0000
host_clade_0040	NTM	22	0	0.0000
host_clade_0041	NTM	21	0	0.0000
host_clade_0042	NTM	21	0	0.0000
host_clade_0043	NTM	21	0	0.0000
host_clade_0044	NTM	20	0	0.0000
host_clade_0045	NTM	20	0	0.0000
host_clade_0046	NTM	19	0	0.0000
host_clade_0047	NTM	19	0	0.0000
host_clade_0048	NTM	18	0	0.0000
host_clade_0049	NTM	17	0	0.0000
host_clade_0050	NTM	17	0	0.0000
host_clade_0051	NTM	17	0	0.0000
host_clade_0052	NTM	17	0	0.0000
host_clade_0053	NTM	17	0	0.0000
host_clade_0054	NTM	17	0	0.0000
host_clade_0055	NTM	16	0	0.0000
host_clade_0056	NTM	16	0	0.0000
host_clade_0057	NTM	16	0	0.0000
host_clade_0058	NTM	16	0	0.0000
host_clade_0059	NTM	15	0	0.0000
host_clade_0060	NTM	15	0	0.0000
host_clade_0061	NTM	14	0	0.0000
host_clade_0062	NTM	14	0	0.0000
host_clade_0063	NTM	14	0	0.0000
host_clade_0064	NTM	14	0	0.0000
host_clade_0065	NTM	14	0	0.0000
host_clade_0066	NTM	13	0	0.0000
host_clade_0067	NTM	13	0	0.0000
host_clade_0068	NTM	13	0	0.0000
host_clade_0069	NTM	13	0	0.0000
host_clade_0070	NTM	13	0	0.0000
host_clade_0071	NTM	13	0	0.0000
host_clade_0072	NTM	12	0	0.0000
host_clade_0073	NTM	12	0	0.0000
host_clade_0074	NTM	11	0	0.0000
host_clade_0075	NTM	11	0	0.0000
host_clade_0076	NTM	11	0	0.0000
host_clade_0077	NTM	11	0	0.0000
host_clade_0078	NTM	11	0	0.0000
host_clade_0079	NTM	11	0	0.0000
host_clade_0080	NTM	11	0	0.0000
host_clade_0081	NTM	11	0	0.0000
host_clade_0082	NTM	11	0	0.0000
host_clade_0083	NTM	10	0	0.0000
host_clade_0084	NTM	10	0	0.0000
host_clade_0085	NTM	10	0	0.0000
host_clade_0086	NTM	10	0	0.0000
host_clade_0087	NTM	10	0	0.0000
host_clade_0088	NTM	10	0	0.0000
host_clade_0089	NTM	10	0	0.0000
host_clade_0090	NTM	10	0	0.0000
host_clade_0091	NTM	10	0	0.0000
host_clade_0092	NTM	9	0	0.0000
host_clade_0093	NTM	9	0	0.0000
host_clade_0094	NTM	9	0	0.0000
host_clade_0095	NTM	9	0	0.0000
host_clade_0096	NTM	9	0	0.0000
host_clade_0097	NTM	9	0	0.0000
host_clade_0098	NTM	9	0	0.0000
host_clade_0099	NTM	9	0	0.0000
host_clade_0100	NTM	9	0	0.0000
host_clade_0101	NTM	9	0	0.0000
host_clade_0102	NTM	9	0	0.0000
host_clade_0103	NTM	9	0	0.0000
host_clade_0104	NTM	9	0	0.0000
host_clade_0105	NTM	8	0	0.0000
host_clade_0106	NTM	8	0	0.0000
host_clade_0107	NTM	8	0	0.0000
host_clade_0108	NTM	8	0	0.0000
host_clade_0109	NTM	8	0	0.0000
host_clade_0110	NTM	8	0	0.0000
host_clade_0111	NTM	8	0	0.0000
host_clade_0112	NTM	8	0	0.0000
host_clade_0113	NTM	8	0	0.0000
host_clade_0114	NTM	8	0	0.0000
host_clade_0115	NTM	8	0	0.0000
host_clade_0116	NTM	8	0	0.0000
host_clade_0117	NTM	8	0	0.0000
host_clade_0118	NTM	8	0	0.0000
host_clade_0119	NTM	8	0	0.0000
host_clade_0120	NTM	8	0	0.0000
host_clade_0121	NTM	8	0	0.0000
host_clade_0122	NTM	8	0	0.0000
host_clade_0123	NTM	8	0	0.0000
host_clade_0124	NTM	8	0	0.0000
host_clade_0125	NTM	8	0	0.0000
host_clade_0126	NTM	8	0	0.0000
host_clade_0127	NTM	8	0	0.0000
host_clade_0128	NTM	8	0	0.0000
host_clade_0129	NTM	8	0	0.0000
host_clade_0130	NTM	7	0	0.0000
host_clade_0131	NTM	7	0	0.0000
host_clade_0132	NTM	7	0	0.0000
host_clade_0133	NTM	7	0	0.0000
host_clade_0134	NTM	7	0	0.0000
host_clade_0135	NTM	7	0	0.0000
host_clade_0136	NTM	7	0	0.0000
host_clade_0137	NTM	7	0	0.0000
host_clade_0138	NTM	7	0	0.0000
host_clade_0139	NTM	7	0	0.0000
host_clade_0140	NTM	7	0	0.0000
host_clade_0141	NTM	7	0	0.0000
host_clade_0142	NTM	7	0	0.0000
host_clade_0143	NTM	7	0	0.0000
host_clade_0144	NTM	7	0	0.0000
host_clade_0145	NTM	6	0	0.0000
host_clade_0146	NTM	6	0	0.0000
host_clade_0147	NTM	6	0	0.0000
host_clade_0148	NTM	6	0	0.0000
host_clade_0149	NTM	6	0	0.0000
host_clade_0150	NTM	6	0	0.0000
host_clade_0151	NTM	6	0	0.0000
host_clade_0152	NTM	6	0	0.0000
host_clade_0153	NTM	6	0	0.0000
host_clade_0154	NTM	6	0	0.0000
host_clade_0155	NTM	6	0	0.0000
host_clade_0156	NTM	6	0	0.0000
host_clade_0157	NTM	6	0	0.0000
host_clade_0158	NTM	6	0	0.0000
host_clade_0159	NTM	6	0	0.0000
host_clade_0160	NTM	6	0	0.0000
host_clade_0161	NTM	6	0	0.0000
host_clade_0162	NTM	6	0	0.0000
host_clade_0163	NTM	6	0	0.0000
host_clade_0164	NTM	5	0	0.0000
host_clade_0165	NTM	5	0	0.0000
host_clade_0166	NTM	5	0	0.0000
host_clade_0167	NTM	5	0	0.0000
host_clade_0168	NTM	5	0	0.0000
host_clade_0169	NTM	5	0	0.0000
host_clade_0170	NTM	5	0	0.0000
host_clade_0171	NTM	5	0	0.0000
host_clade_0172	NTM	5	0	0.0000
host_clade_0173	NTM	5	0	0.0000
host_clade_0174	NTM	5	0	0.0000
host_clade_0175	NTM	5	0	0.0000
host_clade_0176	NTM	5	0	0.0000
host_clade_0177	NTM	5	0	0.0000
host_clade_0178	NTM	5	0	0.0000
host_clade_0179	NTM	5	0	0.0000
host_clade_0180	NTM	5	0	0.0000
host_clade_0181	NTM	5	0	0.0000
host_clade_0182	NTM	4	0	0.0000
host_clade_0183	NTM	4	0	0.0000
host_clade_0184	NTM	4	0	0.0000
host_clade_0185	NTM	4	0	0.0000
host_clade_0186	NTM	4	0	0.0000
host_clade_0187	NTM	4	0	0.0000
host_clade_0188	NTM	4	0	0.0000
host_clade_0189	NTM	4	0	0.0000
host_clade_0190	NTM	4	0	0.0000
host_clade_0191	NTM	4	0	0.0000
host_clade_0192	NTM	4	0	0.0000
host_clade_0193	NTM	4	0	0.0000
host_clade_0194	NTM	4	0	0.0000
host_clade_0195	NTM	4	0	0.0000
host_clade_0196	NTM	4	0	0.0000
host_clade_0197	NTM	4	0	0.0000
host_clade_0198	NTM	4	0	0.0000
host_clade_0199	NTM	4	0	0.0000
host_clade_0200	NTM	4	0	0.0000
host_clade_0201	NTM	4	0	0.0000
host_clade_0202	NTM	4	0	0.0000
host_clade_0203	NTM	4	0	0.0000
host_clade_0204	NTM	4	0	0.0000
host_clade_0205	NTM	4	0	0.0000
host_clade_0206	NTM	4	0	0.0000
host_clade_0207	NTM	4	0	0.0000
host_clade_0208	NTM	4	0	0.0000
host_clade_0209	NTM	4	0	0.0000
host_clade_0210	NTM	3	0	0.0000
host_clade_0211	NTM	3	0	0.0000
host_clade_0212	NTM	3	0	0.0000
host_clade_0213	NTM	3	0	0.0000
host_clade_0214	NTM	3	0	0.0000
host_clade_0215	NTM	3	0	0.0000
host_clade_0216	NTM	3	0	0.0000
host_clade_0217	NTM	3	0	0.0000
host_clade_0218	NTM	3	0	0.0000
host_clade_0219	NTM	3	0	0.0000
host_clade_0220	NTM	3	0	0.0000
host_clade_0221	NTM	3	0	0.0000
host_clade_0222	NTM	3	0	0.0000
host_clade_0223	NTM	3	0	0.0000
host_clade_0224	NTM	3	0	0.0000
host_clade_0225	NTM	3	0	0.0000
host_clade_0226	NTM	3	0	0.0000
host_clade_0227	NTM	3	0	0.0000
host_clade_0228	NTM	3	0	0.0000
host_clade_0229	NTM	3	0	0.0000
host_clade_0230	NTM	3	0	0.0000
host_clade_0231	NTM	3	0	0.0000
host_clade_0232	NTM	3	0	0.0000
host_clade_0233	NTM	3	0	0.0000
host_clade_0234	NTM	3	0	0.0000
host_clade_0235	NTM	3	0	0.0000
host_clade_0236	NTM	3	0	0.0000
host_clade_0237	NTM	3	0	0.0000
host_clade_0238	NTM	3	0	0.0000
host_clade_0239	NTM	3	0	0.0000
host_clade_0240	NTM	3	0	0.0000
host_clade_0241	NTM	3	0	0.0000
host_clade_0242	NTM	3	0	0.0000
host_clade_0243	NTM	3	0	0.0000
host_clade_0244	NTM	3	0	0.0000
host_clade_0245	NTM	3	0	0.0000
host_clade_0246	NTM	3	0	0.0000
host_clade_0247	NTM	3	0	0.0000
host_clade_0248	NTM	3	0	0.0000
host_clade_0249	NTM	3	0	0.0000
host_clade_0250	NTM	2	0	0.0000
host_clade_0251	NTM	2	0	0.0000
host_clade_0252	NTM	2	0	0.0000
host_clade_0253	NTM	2	0	0.0000
host_clade_0254	NTM	2	0	0.0000
host_clade_0255	NTM	2	0	0.0000
host_clade_0256	NTM	2	0	0.0000
host_clade_0257	NTM	2	0	0.0000
host_clade_0258	NTM	2	0	0.0000
host_clade_0259	NTM	2	0	0.0000
host_clade_0260	NTM	2	0	0.0000
host_clade_0261	NTM	2	0	0.0000
host_clade_0262	NTM	2	0	0.0000
host_clade_0263	NTM	2	0	0.0000
host_clade_0264	NTM	2	0	0.0000
host_clade_0265	NTM	2	0	0.0000
host_clade_0266	NTM	2	0	0.0000
host_clade_0267	NTM	2	0	0.0000
host_clade_0268	NTM	2	0	0.0000
host_clade_0269	NTM	2	0	0.0000
host_clade_0270	NTM	2	0	0.0000
host_clade_0271	NTM	2	0	0.0000
host_clade_0272	NTM	2	0	0.0000
host_clade_0273	NTM	2	0	0.0000
host_clade_0274	NTM	2	0	0.0000
host_clade_0275	NTM	2	0	0.0000
host_clade_0276	NTM	2	0	0.0000
host_clade_0277	NTM	2	0	0.0000
host_clade_0278	NTM	2	0	0.0000
host_clade_0279	NTM	2	0	0.0000
host_clade_0280	NTM	2	0	0.0000
host_clade_0281	NTM	2	0	0.0000
host_clade_0282	NTM	2	0	0.0000
host_clade_0283	NTM	2	0	0.0000
host_clade_0284	NTM	2	0	0.0000
host_clade_0285	NTM	2	0	0.0000
host_clade_0286	NTM	2	0	0.0000
host_clade_0287	NTM	2	0	0.0000
host_clade_0288	NTM	2	0	0.0000
host_clade_0289	NTM	2	0	0.0000
host_clade_0290	NTM	2	0	0.0000
host_clade_0291	NTM	2	0	0.0000
host_clade_0292	NTM	2	0	0.0000
host_clade_0293	NTM	2	0	0.0000
host_clade_0294	NTM	2	0	0.0000
host_clade_0295	NTM	2	0	0.0000
host_clade_0296	NTM	2	0	0.0000
host_clade_0297	NTM	2	0	0.0000
host_clade_0298	NTM	2	0	0.0000
host_clade_0299	NTM	2	0	0.0000
host_clade_0300	NTM	2	0	0.0000
host_clade_0301	NTM	2	0	0.0000
host_clade_0302	NTM	2	0	0.0000
host_clade_0303	NTM	2	0	0.0000
host_clade_0304	NTM	2	0	0.0000
host_clade_0305	NTM	2	0	0.0000
host_clade_0306	NTM	2	0	0.0000
host_clade_0307	NTM	2	0	0.0000
host_clade_0308	NTM	2	0	0.0000
host_clade_0309	NTM	2	0	0.0000
host_clade_0310	NTM	2	0	0.0000
host_clade_0311	NTM	2	0	0.0000
host_clade_0312	NTM	2	0	0.0000
host_clade_0313	NTM	2	0	0.0000
host_clade_0314	NTM	2	0	0.0000
host_clade_0315	NTM	2	0	0.0000
host_clade_0316	NTM	2	0	0.0000
host_clade_0317	NTM	2	0	0.0000
host_clade_0318	NTM	2	0	0.0000
host_clade_0319	NTM	2	0	0.0000
host_clade_0320	NTM	2	0	0.0000
host_clade_0321	NTM	2	0	0.0000
host_clade_0322	NTM	2	0	0.0000
host_clade_0323	NTM	2	0	0.0000
host_clade_0324	NTM	2	0	0.0000
host_clade_0325	NTM	2	0	0.0000
host_clade_0326	NTM	2	0	0.0000
host_clade_0327	NTM	2	0	0.0000
host_clade_0328	NTM	2	0	0.0000
host_clade_0329	NTM	2	0	0.0000
host_clade_0330	NTM	2	0	0.0000
host_clade_0331	NTM	2	0	0.0000
host_clade_0332	NTM	2	0	0.0000
host_clade_0333	NTM	2	0	0.0000
host_clade_0334	NTM	2	0	0.0000
host_clade_0335	NTM	2	0	0.0000
host_clade_0336	NTM	2	0	0.0000
host_clade_0337	NTM	2	0	0.0000
host_clade_0338	NTM	2	0	0.0000
host_clade_0339	NTM	2	0	0.0000
host_clade_0340	NTM	2	0	0.0000
host_clade_0341	NTM	2	0	0.0000
host_clade_0342	NTM	2	0	0.0000
host_clade_0343	NTM	2	0	0.0000
host_clade_0344	NTM	1	0	0.0000
host_clade_0345	NTM	1	0	0.0000
host_clade_0346	NTM	1	0	0.0000
host_clade_0347	NTM	1	0	0.0000
host_clade_0348	NTM	1	0	0.0000
host_clade_0349	NTM	1	0	0.0000
host_clade_0350	NTM	1	0	0.0000
host_clade_0351	NTM	1	0	0.0000
host_clade_0352	NTM	1	0	0.0000
host_clade_0353	NTM	1	0	0.0000
host_clade_0354	NTM	1	0	0.0000
host_clade_0355	NTM	1	0	0.0000
host_clade_0356	NTM	1	0	0.0000
host_clade_0357	NTM	1	0	0.0000
host_clade_0358	NTM	1	0	0.0000
host_clade_0359	NTM	1	0	0.0000
host_clade_0360	NTM	1	0	0.0000
host_clade_0361	NTM	1	0	0.0000
host_clade_0362	NTM	1	0	0.0000
host_clade_0363	NTM	1	0	0.0000
host_clade_0364	NTM	1	0	0.0000
host_clade_0365	NTM	1	0	0.0000
host_clade_0366	NTM	1	0	0.0000
host_clade_0367	NTM	1	0	0.0000
host_clade_0368	NTM	1	0	0.0000
host_clade_0369	NTM	1	0	0.0000
host_clade_0370	NTM	1	0	0.0000
host_clade_0371	NTM	1	0	0.0000
host_clade_0372	NTM	1	0	0.0000
host_clade_0373	NTM	1	0	0.0000
host_clade_0374	NTM	1	0	0.0000
host_clade_0375	NTM	1	0	0.0000
host_clade_0376	NTM	1	0	0.0000
host_clade_0377	NTM	1	0	0.0000
host_clade_0378	NTM	1	0	0.0000
host_clade_0379	NTM	1	0	0.0000
host_clade_0380	NTM	1	0	0.0000
host_clade_0381	NTM	1	0	0.0000
host_clade_0382	NTM	1	0	0.0000
host_clade_0383	NTM	1	0	0.0000
host_clade_0384	NTM	1	0	0.0000
host_clade_0385	NTM	1	0	0.0000
host_clade_0386	NTM	1	0	0.0000
host_clade_0387	NTM	1	0	0.0000
host_clade_0388	NTM	1	0	0.0000
host_clade_0389	NTM	1	0	0.0000
host_clade_0390	NTM	1	0	0.0000
host_clade_0391	NTM	1	0	0.0000
host_clade_0392	NTM	1	0	0.0000
host_clade_0393	NTM	1	0	0.0000
host_clade_0394	NTM	1	0	0.0000
host_clade_0395	NTM	1	0	0.0000
host_clade_0396	NTM	1	0	0.0000
host_clade_0397	NTM	1	0	0.0000
host_clade_0398	NTM	1	0	0.0000
host_clade_0399	NTM	1	0	0.0000
host_clade_0400	NTM	1	0	0.0000
host_clade_0401	NTM	1	0	0.0000
host_clade_0402	NTM	1	0	0.0000
host_clade_0403	NTM	1	0	0.0000
host_clade_0404	NTM	1	0	0.0000
host_clade_0405	NTM	1	0	0.0000
host_clade_0406	NTM	1	0	0.0000
host_clade_0407	NTM	1	0	0.0000
host_clade_0408	NTM	1	0	0.0000
host_clade_0409	NTM	1	0	0.0000
host_clade_0410	NTM	1	0	0.0000
host_clade_0411	NTM	1	0	0.0000
host_clade_0412	NTM	1	0	0.0000
host_clade_0413	NTM	1	0	0.0000
host_clade_0414	NTM	1	0	0.0000
host_clade_0415	NTM	1	0	0.0000
host_clade_0416	NTM	1	0	0.0000
host_clade_0417	NTM	1	0	0.0000
host_clade_0418	NTM	1	0	0.0000
host_clade_0419	NTM	1	0	0.0000
host_clade_0420	NTM	1	0	0.0000
host_clade_0421	NTM	1	0	0.0000
host_clade_0422	NTM	1	0	0.0000
host_clade_0423	NTM	1	0	0.0000
host_clade_0424	NTM	1	0	0.0000
host_clade_0425	NTM	1	0	0.0000
host_clade_0426	NTM	1	0	0.0000
host_clade_0427	NTM	1	0	0.0000
host_clade_0428	NTM	1	0	0.0000
host_clade_0429	NTM	1	0	0.0000
host_clade_0430	NTM	1	0	0.0000
host_clade_0431	NTM	1	0	0.0000
host_clade_0432	NTM	1	0	0.0000
host_clade_0433	NTM	1	0	0.0000
host_clade_0434	NTM	1	0	0.0000
host_clade_0435	NTM	1	0	0.0000
host_clade_0436	NTM	1	0	0.0000
host_clade_0437	NTM	1	0	0.0000
host_clade_0438	NTM	1	0	0.0000
host_clade_0439	NTM	1	0	0.0000
host_clade_0440	NTM	1	0	0.0000
host_clade_0441	NTM	1	0	0.0000
host_clade_0442	NTM	1	0	0.0000
host_clade_0443	NTM	1	0	0.0000
