ecor_strain	assembly_accession	bioproject	wgs_master	asm_submitter	seq_rel_date	assembly_level	strain_label	paper_contamination_flag	note
ECOR-1	GCF_002190105.1	PRJNA224116	LYBJ00000000.1	Max von Pettenkofer-Institute	2017-06-12	Contig	strain=ECOR01; na; ASM219010v1; Escherichia coli	yes	alternate ECOR-labeled assembly in cohort; canonical is the 2018 PRJNA230969 reference
ECOR-2	GCF_002190145.1	PRJNA224116	LYBI00000000.1	Max von Pettenkofer-Institute	2017-06-12	Contig	strain=ECOR02; na; ASM219014v1; Escherichia coli	yes	alternate ECOR-labeled assembly in cohort; canonical is the 2018 PRJNA230969 reference
ECOR-4	GCF_002190165.1	PRJNA224116	LYBG00000000.1	Max von Pettenkofer-Institute	2017-06-12	Contig	strain=ECOR04; na; ASM219016v1; Escherichia coli	yes	alternate ECOR-labeled assembly in cohort; canonical is the 2018 PRJNA230969 reference
ECOR-5	GCF_002190205.1	PRJNA224116	LYBF00000000.1	Max von Pettenkofer-Institute	2017-06-12	Contig	strain=ECOR05; na; ASM219020v1; Escherichia coli	yes	alternate ECOR-labeled assembly in cohort; canonical is the 2018 PRJNA230969 reference
ECOR-6	GCF_002190225.1	PRJNA224116	LYBE00000000.1	Max von Pettenkofer-Institute	2017-06-12	Contig	strain=ECOR06; na; ASM219022v1; Escherichia coli	yes	alternate ECOR-labeled assembly in cohort; canonical is the 2018 PRJNA230969 reference
ECOR-7	GCF_002190245.1	PRJNA224116	LYBD00000000.1	Max von Pettenkofer-Institute	2017-06-12	Contig	strain=ECOR07; na; ASM219024v1; Escherichia coli	no	alternate ECOR-labeled assembly in cohort; canonical is the 2018 PRJNA230969 reference
ECOR-8	GCF_002190275.1	PRJNA224116	LYBC00000000.1	Max von Pettenkofer-Institute	2017-06-12	Contig	strain=ECOR08; na; ASM219027v1; Escherichia coli	yes	alternate ECOR-labeled assembly in cohort; canonical is the 2018 PRJNA230969 reference
ECOR-10	GCF_002190295.1	PRJNA224116	LYBA00000000.1	Max von Pettenkofer-Institute	2017-06-12	Contig	strain=ECOR10; na; ASM219029v1; Escherichia coli	yes	alternate ECOR-labeled assembly in cohort; canonical is the 2018 PRJNA230969 reference
ECOR-11	GCF_002190305.1	PRJNA224116	LYAZ00000000.1	Max von Pettenkofer-Institute	2017-06-12	Contig	strain=ECOR11; na; ASM219030v1; Escherichia coli	no	alternate ECOR-labeled assembly in cohort; canonical is the 2018 PRJNA230969 reference
ECOR-12	GCF_002190355.1	PRJNA224116	LYAY00000000.1	Max von Pettenkofer-Institute	2017-06-12	Contig	strain=ECOR12; na; ASM219035v1; Escherichia coli	yes	alternate ECOR-labeled assembly in cohort; canonical is the 2018 PRJNA230969 reference
ECOR-13	GCF_002190365.1	PRJNA224116	LYAX00000000.1	Max von Pettenkofer-Institute	2017-06-12	Contig	strain=ECOR13; na; ASM219036v1; Escherichia coli	no	alternate ECOR-labeled assembly in cohort; canonical is the 2018 PRJNA230969 reference
ECOR-13	GCF_002197975.1	PRJNA224116	MSQA00000000.1	UMass Medical School	2017-06-19	Contig	strain=ECOR13; na; ASM219797v1; Escherichia coli	no	alternate ECOR-labeled assembly in cohort; canonical is the 2018 PRJNA230969 reference
ECOR-14	GCF_002190375.1	PRJNA224116	LYAW00000000.1	Max von Pettenkofer-Institute	2017-06-12	Contig	strain=ECOR14; na; ASM219037v1; Escherichia coli	yes	alternate ECOR-labeled assembly in cohort; canonical is the 2018 PRJNA230969 reference
ECOR-15	GCF_002190395.1	PRJNA224116	LYAV00000000.1	Max von Pettenkofer-Institute	2017-06-12	Contig	strain=ECOR15; na; ASM219039v1; Escherichia coli	no	alternate ECOR-labeled assembly in cohort; canonical is the 2018 PRJNA230969 reference
ECOR-16	GCF_002190435.1	PRJNA224116	LYAU00000000.1	Max von Pettenkofer-Institute	2017-06-12	Contig	strain=ECOR16; na; ASM219043v1; Escherichia coli	no	alternate ECOR-labeled assembly in cohort; canonical is the 2018 PRJNA230969 reference
ECOR-17	GCF_002190455.1	PRJNA224116	LYAT00000000.1	Max von Pettenkofer-Institute	2017-06-12	Contig	strain=ECOR17; na; ASM219045v1; Escherichia coli	no	alternate ECOR-labeled assembly in cohort; canonical is the 2018 PRJNA230969 reference
ECOR-18	GCF_002190465.1	PRJNA224116	LYAS00000000.1	Max von Pettenkofer-Institute	2017-06-12	Contig	strain=ECOR18; na; ASM219046v1; Escherichia coli	no	alternate ECOR-labeled assembly in cohort; canonical is the 2018 PRJNA230969 reference
ECOR-19	GCF_002190475.1	PRJNA224116	LYAR00000000.1	Max von Pettenkofer-Institute	2017-06-12	Contig	strain=ECOR19; na; ASM219047v1; Escherichia coli	no	alternate ECOR-labeled assembly in cohort; canonical is the 2018 PRJNA230969 reference
ECOR-20	GCF_002190515.1	PRJNA224116	LYAQ00000000.1	Max von Pettenkofer-Institute	2017-06-12	Contig	strain=ECOR20; na; ASM219051v1; Escherichia coli	no	alternate ECOR-labeled assembly in cohort; canonical is the 2018 PRJNA230969 reference
ECOR-21	GCF_002190545.1	PRJNA224116	LYAP00000000.1	Max von Pettenkofer-Institute	2017-06-12	Contig	strain=ECOR21; na; ASM219054v1; Escherichia coli	no	alternate ECOR-labeled assembly in cohort; canonical is the 2018 PRJNA230969 reference
ECOR-22	GCF_002190535.1	PRJNA224116	LYAO00000000.1	Max von Pettenkofer-Institute	2017-06-12	Contig	strain=ECOR22; na; ASM219053v1; Escherichia coli	no	alternate ECOR-labeled assembly in cohort; canonical is the 2018 PRJNA230969 reference
ECOR-23	GCF_002190555.1	PRJNA224116	LYAN00000000.1	Max von Pettenkofer-Institute	2017-06-12	Contig	strain=ECOR23; na; ASM219055v1; Escherichia coli	no	alternate ECOR-labeled assembly in cohort; canonical is the 2018 PRJNA230969 reference
ECOR-24	GCF_002190595.1	PRJNA224116	LYAM00000000.1	Max von Pettenkofer-Institute	2017-06-12	Contig	strain=ECOR24; na; ASM219059v1; Escherichia coli	no	alternate ECOR-labeled assembly in cohort; canonical is the 2018 PRJNA230969 reference
ECOR-25	GCF_002190605.1	PRJNA224116	LYAL00000000.1	Max von Pettenkofer-Institute	2017-06-12	Contig	strain=ECOR25; na; ASM219060v1; Escherichia coli	no	alternate ECOR-labeled assembly in cohort; canonical is the 2018 PRJNA230969 reference
ECOR-26	GCF_002190625.1	PRJNA224116	LYAK00000000.1	Max von Pettenkofer-Institute	2017-06-12	Contig	strain=ECOR26; na; ASM219062v1; Escherichia coli	no	alternate ECOR-labeled assembly in cohort; canonical is the 2018 PRJNA230969 reference
ECOR-27	GCF_002190645.1	PRJNA224116	LYAJ00000000.1	Max von Pettenkofer-Institute	2017-06-12	Contig	strain=ECOR27; na; ASM219064v1; Escherichia coli	no	alternate ECOR-labeled assembly in cohort; canonical is the 2018 PRJNA230969 reference
ECOR-28	GCF_002190675.1	PRJNA224116	LYAI00000000.1	Max von Pettenkofer-Institute	2017-06-12	Contig	strain=ECOR28; na; ASM219067v1; Escherichia coli	no	alternate ECOR-labeled assembly in cohort; canonical is the 2018 PRJNA230969 reference
ECOR-29	GCF_002190685.1	PRJNA224116	LYAH00000000.1	Max von Pettenkofer-Institute	2017-06-12	Contig	strain=ECOR29; na; ASM219068v1; Escherichia coli	no	alternate ECOR-labeled assembly in cohort; canonical is the 2018 PRJNA230969 reference
ECOR-30	GCF_002190705.1	PRJNA224116	LYAG00000000.1	Max von Pettenkofer-Institute	2017-06-12	Contig	strain=ECOR30; na; ASM219070v1; Escherichia coli	yes	alternate ECOR-labeled assembly in cohort; canonical is the 2018 PRJNA230969 reference
ECOR-31	GCF_001865905.1	PRJNA224116	MIIL00000000.1	Karolinska Institute	2016-11-03	Scaffold	strain=ECOR31; na; ASM186590v1; Escherichia coli	no	alternate ECOR-labeled assembly in cohort; canonical is the 2018 PRJNA230969 reference
ECOR-31	GCF_002190715.1	PRJNA224116	LYAF00000000.1	Max von Pettenkofer-Institute	2017-06-12	Contig	strain=ECOR31; na; ASM219071v1; Escherichia coli	no	alternate ECOR-labeled assembly in cohort; canonical is the 2018 PRJNA230969 reference
ECOR-32	GCF_002190745.1	PRJNA224116	LYAE00000000.1	Max von Pettenkofer-Institute	2017-06-12	Contig	strain=ECOR32; na; ASM219074v1; Escherichia coli	no	alternate ECOR-labeled assembly in cohort; canonical is the 2018 PRJNA230969 reference
ECOR-33	GCF_002190775.1	PRJNA224116	LYAD00000000.1	Max von Pettenkofer-Institute	2017-06-12	Contig	strain=ECOR33; na; ASM219077v1; Escherichia coli	yes	alternate ECOR-labeled assembly in cohort; canonical is the 2018 PRJNA230969 reference
ECOR-34	GCF_002190785.1	PRJNA224116	LYAC00000000.1	Max von Pettenkofer-Institute	2017-06-12	Contig	strain=ECOR34; na; ASM219078v1; Escherichia coli	yes	alternate ECOR-labeled assembly in cohort; canonical is the 2018 PRJNA230969 reference
ECOR-35	GCF_002190815.1	PRJNA224116	LYAB00000000.1	Max von Pettenkofer-Institute	2017-06-12	Contig	strain=ECOR35; na; ASM219081v1; Escherichia coli	no	alternate ECOR-labeled assembly in cohort; canonical is the 2018 PRJNA230969 reference
ECOR-36	GCF_002190825.1	PRJNA224116	LYBO00000000.1	Max von Pettenkofer-Institute	2017-06-12	Contig	strain=ECOR36; na; ASM219082v1; Escherichia coli	no	alternate ECOR-labeled assembly in cohort; canonical is the 2018 PRJNA230969 reference
ECOR-38	GCF_002190865.1	PRJNA224116	LXZZ00000000.1	Max von Pettenkofer-Institute	2017-06-12	Contig	strain=ECOR38; na; ASM219086v1; Escherichia coli	yes	alternate ECOR-labeled assembly in cohort; canonical is the 2018 PRJNA230969 reference
ECOR-39	GCF_002190875.1	PRJNA224116	LYCJ00000000.1	Max von Pettenkofer-Institute	2017-06-12	Contig	strain=ECOR39; na; ASM219087v1; Escherichia coli	yes	alternate ECOR-labeled assembly in cohort; canonical is the 2018 PRJNA230969 reference
ECOR-40	GCF_002191055.1	PRJNA224116	LYCI00000000.1	Max von Pettenkofer-Institute	2017-06-12	Contig	strain=ECOR40; na; ASM219105v1; Escherichia coli	yes	alternate ECOR-labeled assembly in cohort; canonical is the 2018 PRJNA230969 reference
ECOR-41	GCF_002190885.1	PRJNA224116	LYCH00000000.1	Max von Pettenkofer-Institute	2017-06-12	Contig	strain=ECOR41; na; ASM219088v1; Escherichia coli	no	alternate ECOR-labeled assembly in cohort; canonical is the 2018 PRJNA230969 reference
ECOR-42	GCF_002190935.1	PRJNA224116	LYCG00000000.1	Max von Pettenkofer-Institute	2017-06-12	Contig	strain=ECOR42; na; ASM219093v1; Escherichia coli	yes	alternate ECOR-labeled assembly in cohort; canonical is the 2018 PRJNA230969 reference
ECOR-43	GCF_002190955.1	PRJNA224116	LYCF00000000.1	Max von Pettenkofer-Institute	2017-06-12	Contig	strain=ECOR43; na; ASM219095v1; Escherichia coli	yes	alternate ECOR-labeled assembly in cohort; canonical is the 2018 PRJNA230969 reference
ECOR-44	GCF_002191075.1	PRJNA224116	LYCE00000000.1	Max von Pettenkofer-Institute	2017-06-12	Contig	strain=ECOR44; na; ASM219107v1; Escherichia coli	yes	alternate ECOR-labeled assembly in cohort; canonical is the 2018 PRJNA230969 reference
ECOR-45	GCF_002191105.1	PRJNA224116	LYCD00000000.1	Max von Pettenkofer-Institute	2017-06-12	Contig	strain=ECOR45; na; ASM219110v1; Escherichia coli	yes	alternate ECOR-labeled assembly in cohort; canonical is the 2018 PRJNA230969 reference
ECOR-47	GCF_002190945.1	PRJNA224116	LYCB00000000.1	Max von Pettenkofer-Institute	2017-06-12	Contig	strain=ECOR47; na; ASM219094v1; Escherichia coli	yes	alternate ECOR-labeled assembly in cohort; canonical is the 2018 PRJNA230969 reference
ECOR-48	GCF_002191025.1	PRJNA224116	LYCA00000000.1	Max von Pettenkofer-Institute	2017-06-12	Contig	strain=ECOR48; na; ASM219102v1; Escherichia coli	yes	alternate ECOR-labeled assembly in cohort; canonical is the 2018 PRJNA230969 reference
ECOR-49	GCF_002190975.1	PRJNA224116	LYBZ00000000.1	Max von Pettenkofer-Institute	2017-06-12	Contig	strain=ECOR49; na; ASM219097v1; Escherichia coli	no	alternate ECOR-labeled assembly in cohort; canonical is the 2018 PRJNA230969 reference
ECOR-50	GCF_002191035.1	PRJNA224116	LYBY00000000.1	Max von Pettenkofer-Institute	2017-06-12	Contig	strain=ECOR50; na; ASM219103v1; Escherichia coli	no	alternate ECOR-labeled assembly in cohort; canonical is the 2018 PRJNA230969 reference
ECOR-52	GCF_002189755.1	PRJNA224116	LYCT00000000.1	Max von Pettenkofer-Institute	2017-06-12	Contig	strain=ECOR52; na; ASM218975v1; Escherichia coli	no	alternate ECOR-labeled assembly in cohort; canonical is the 2018 PRJNA230969 reference
ECOR-53	GCF_002189745.1	PRJNA224116	LYCU00000000.1	Max von Pettenkofer-Institute	2017-06-12	Contig	strain=ECOR53; na; ASM218974v1; Escherichia coli	no	alternate ECOR-labeled assembly in cohort; canonical is the 2018 PRJNA230969 reference
ECOR-54	GCF_002189715.1	PRJNA224116	LYCV00000000.1	Max von Pettenkofer-Institute	2017-06-12	Contig	strain=ECOR54; na; ASM218971v1; Escherichia coli	no	alternate ECOR-labeled assembly in cohort; canonical is the 2018 PRJNA230969 reference
ECOR-55	GCF_002189735.1	PRJNA224116	LYCW00000000.1	Max von Pettenkofer-Institute	2017-06-12	Contig	strain=ECOR55; na; ASM218973v1; Escherichia coli	no	alternate ECOR-labeled assembly in cohort; canonical is the 2018 PRJNA230969 reference
ECOR-57	GCF_002189815.1	PRJNA224116	LYCX00000000.1	Max von Pettenkofer-Institute	2017-06-12	Contig	strain=ECOR57; na; ASM218981v1; Escherichia coli	yes	alternate ECOR-labeled assembly in cohort; canonical is the 2018 PRJNA230969 reference
ECOR-58	GCF_002189825.1	PRJNA224116	LYCY00000000.1	Max von Pettenkofer-Institute	2017-06-12	Contig	strain=ECOR58; na; ASM218982v1; Escherichia coli	yes	alternate ECOR-labeled assembly in cohort; canonical is the 2018 PRJNA230969 reference
ECOR-60	GCF_002189835.1	PRJNA224116	LYDA00000000.1	Max von Pettenkofer-Institute	2017-06-12	Contig	strain=ECOR60; na; ASM218983v1; Escherichia coli	yes	alternate ECOR-labeled assembly in cohort; canonical is the 2018 PRJNA230969 reference
ECOR-61	GCF_002189875.1	PRJNA224116	LYDB00000000.1	Max von Pettenkofer-Institute	2017-06-12	Contig	strain=ECOR61; na; ASM218987v1; Escherichia coli	yes	alternate ECOR-labeled assembly in cohort; canonical is the 2018 PRJNA230969 reference
ECOR-62	GCF_002189895.1	PRJNA224116	LYDL00000000.1	Max von Pettenkofer-Institute	2017-06-12	Contig	strain=ECOR62; na; ASM218989v1; Escherichia coli	yes	alternate ECOR-labeled assembly in cohort; canonical is the 2018 PRJNA230969 reference
ECOR-63	GCF_002189905.1	PRJNA224116	LYDM00000000.1	Max von Pettenkofer-Institute	2017-06-12	Contig	strain=ECOR63; na; ASM218990v1; Escherichia coli	no	alternate ECOR-labeled assembly in cohort; canonical is the 2018 PRJNA230969 reference
ECOR-64	GCF_002189945.1	PRJNA224116	LYDC00000000.1	Max von Pettenkofer-Institute	2017-06-12	Contig	strain=ECOR64; na; ASM218994v1; Escherichia coli	no	alternate ECOR-labeled assembly in cohort; canonical is the 2018 PRJNA230969 reference
ECOR-65	GCF_002189935.1	PRJNA224116	LYDD00000000.1	Max von Pettenkofer-Institute	2017-06-12	Contig	strain=ECOR65; na; ASM218993v1; Escherichia coli	no	alternate ECOR-labeled assembly in cohort; canonical is the 2018 PRJNA230969 reference
ECOR-66	GCF_002189985.1	PRJNA224116	LYDE00000000.1	Max von Pettenkofer-Institute	2017-06-12	Contig	strain=ECOR66; na; ASM218998v1; Escherichia coli	yes	alternate ECOR-labeled assembly in cohort; canonical is the 2018 PRJNA230969 reference
ECOR-67	GCF_002190005.1	PRJNA224116	LYDN00000000.1	Max von Pettenkofer-Institute	2017-06-12	Contig	strain=ECOR67; na; ASM219000v1; Escherichia coli	no	alternate ECOR-labeled assembly in cohort; canonical is the 2018 PRJNA230969 reference
ECOR-68	GCF_002190025.1	PRJNA224116	LYDF00000000.1	Max von Pettenkofer-Institute	2017-06-12	Contig	strain=ECOR68; na; ASM219002v1; Escherichia coli	no	alternate ECOR-labeled assembly in cohort; canonical is the 2018 PRJNA230969 reference
ECOR-69	GCF_002190035.1	PRJNA224116	LYDG00000000.1	Max von Pettenkofer-Institute	2017-06-12	Contig	strain=ECOR69; na; ASM219003v1; Escherichia coli	no	alternate ECOR-labeled assembly in cohort; canonical is the 2018 PRJNA230969 reference
ECOR-70	GCF_002190075.1	PRJNA224116	LYDH00000000.1	Max von Pettenkofer-Institute	2017-06-12	Contig	strain=ECOR70; na; ASM219007v1; Escherichia coli	yes	alternate ECOR-labeled assembly in cohort; canonical is the 2018 PRJNA230969 reference
ECOR-71	GCF_002190085.1	PRJNA224116	LYDI00000000.1	Max von Pettenkofer-Institute	2017-06-12	Contig	strain=ECOR71; na; ASM219008v1; Escherichia coli	yes	alternate ECOR-labeled assembly in cohort; canonical is the 2018 PRJNA230969 reference
