ecor_strain,assembly_accession,gca_accession,wgs_master,prophage_id,source_contig,start,end,length,transposable,taxonomy
ECOR-1,GCF_003334405.1,GCA_003334405.1,QOWM00000000.1,GCF_003334405.1_prophage_2,NZ_QOWM01000003.1,381778,401459,19682,1.0,Siphoviridae / Podoviridae
ECOR-1,GCF_003334405.1,GCA_003334405.1,QOWM00000000.1,GCF_003334405.1_prophage_3,NZ_QOWM01000008.1,143383,162523,19141,0.0,Podoviridae
ECOR-1,GCF_003334405.1,GCA_003334405.1,QOWM00000000.1,GCF_003334405.1_prophage_1,NZ_QOWM01000012.1,3,25828,25826,0.0,Unknown
ECOR-2,GCF_003334385.1,GCA_003334385.1,QOWN00000000.1,GCF_003334385.1_prophage_1,NZ_QOWN01000017.1,94476,101986,7511,0.0,Unknown
ECOR-2,GCF_003334385.1,GCA_003334385.1,QOWN00000000.1,GCF_003334385.1_prophage_2,NZ_QOWN01000022.1,61665,77339,15675,0.0,Siphoviridae / Podoviridae / Bicaudaviridae
ECOR-2,GCF_003334385.1,GCA_003334385.1,QOWN00000000.1,GCF_003334385.1_prophage_3,NZ_QOWN01000031.1,37223,52310,15088,0.0,Myoviridae / Podoviridae
ECOR-2,GCF_003334385.1,GCA_003334385.1,QOWN00000000.1,GCF_003334385.1_prophage_4,NZ_QOWN01000035.1,36297,41074,4778,0.0,Podoviridae
ECOR-2,GCF_003334385.1,GCA_003334385.1,QOWN00000000.1,GCF_003334385.1_prophage_5,NZ_QOWN01000037.1,261,16793,16533,0.0,Unknown
ECOR-2,GCF_003334385.1,GCA_003334385.1,QOWN00000000.1,GCF_003334385.1_prophage_6,NZ_QOWN01000045.1,2752,8560,5809,0.0,Myoviridae
ECOR-2,GCF_003334385.1,GCA_003334385.1,QOWN00000000.1,GCF_003334385.1_prophage_7,NZ_QOWN01000048.1,12039,33203,21165,0.0,Podoviridae
ECOR-2,GCF_003334385.1,GCA_003334385.1,QOWN00000000.1,GCF_003334385.1_prophage_8,NZ_QOWN01000053.1,1505,27063,25559,0.0,Podoviridae
ECOR-2,GCF_003334385.1,GCA_003334385.1,QOWN00000000.1,GCF_003334385.1_prophage_9,NZ_QOWN01000060.1,2669,20074,17406,0.0,Siphoviridae
ECOR-3,GCF_003334815.1,GCA_003334815.1,QOWO00000000.1,GCF_003334815.1_prophage_1,NZ_QOWO01000016.1,14191,53335,39145,0.0,Myoviridae
ECOR-3,GCF_003334815.1,GCA_003334815.1,QOWO00000000.1,GCF_003334815.1_prophage_2,NZ_QOWO01000041.1,2528,7156,4629,0.0,Podoviridae
ECOR-3,GCF_003334815.1,GCA_003334815.1,QOWO00000000.1,GCF_003334815.1_prophage_3,NZ_QOWO01000045.1,182,14966,14785,0.0,Unknown
ECOR-4,GCF_003334355.1,GCA_003334355.1,QOWP00000000.1,GCF_003334355.1_prophage_2,NZ_QOWP01000002.1,268401,300938,32538,0.0,Podoviridae
ECOR-4,GCF_003334355.1,GCA_003334355.1,QOWP00000000.1,GCF_003334355.1_prophage_1,NZ_QOWP01000017.1,1,19499,19499,0.0,Myoviridae
ECOR-5,GCF_003334335.1,GCA_003334335.1,QOWQ00000000.1,GCF_003334335.1_prophage_2,NZ_QOWQ01000003.1,1198,6165,4968,0.0,Siphoviridae
ECOR-5,GCF_003334335.1,GCA_003334335.1,QOWQ00000000.1,GCF_003334335.1_prophage_1,NZ_QOWQ01000025.1,12845,47952,35108,0.0,Myoviridae
ECOR-5,GCF_003334335.1,GCA_003334335.1,QOWQ00000000.1,GCF_003334335.1_prophage_3,NZ_QOWQ01000042.1,1085,22629,21545,0.0,Siphoviridae / Podoviridae
ECOR-5,GCF_003334335.1,GCA_003334335.1,QOWQ00000000.1,GCF_003334335.1_prophage_4,NZ_QOWQ01000045.1,2178,21694,19517,0.0,Podoviridae
ECOR-5,GCF_003334335.1,GCA_003334335.1,QOWQ00000000.1,GCF_003334335.1_prophage_5,NZ_QOWQ01000048.1,416,3469,3054,0.0,Podoviridae
ECOR-6,GCF_003334315.1,GCA_003334315.1,QOWR00000000.1,GCF_003334315.1_prophage_1,NZ_QOWR01000018.1,34465,75488,41024,0.0,Siphoviridae
ECOR-6,GCF_003334315.1,GCA_003334315.1,QOWR00000000.1,GCF_003334315.1_prophage_2,NZ_QOWR01000033.1,12256,49381,37126,0.0,Myoviridae
ECOR-7,GCF_003334305.1,GCA_003334305.1,QOWS00000000.1,GCF_003334305.1_prophage_1,NZ_QOWS01000001.1,258386,291892,33507,0.0,Myoviridae
ECOR-7,GCF_003334305.1,GCA_003334305.1,QOWS00000000.1,GCF_003334305.1_prophage_2,NZ_QOWS01000021.1,11178,55024,43847,0.0,Siphoviridae
ECOR-7,GCF_003334305.1,GCA_003334305.1,QOWS00000000.1,GCF_003334305.1_prophage_3,NZ_QOWS01000033.1,1071,9521,8451,0.0,Myoviridae
ECOR-8,GCF_003334765.1,GCA_003334765.1,QOWT00000000.1,GCF_003334765.1_prophage_3,NZ_QOWT01000002.1,389015,404543,15529,0.0,Podoviridae
ECOR-8,GCF_003334765.1,GCA_003334765.1,QOWT00000000.1,GCF_003334765.1_prophage_1,NZ_QOWT01000022.1,1920,16824,14905,0.0,Myoviridae
ECOR-8,GCF_003334765.1,GCA_003334765.1,QOWT00000000.1,GCF_003334765.1_prophage_2,NZ_QOWT01000026.1,51452,56822,5371,0.0,Unknown
ECOR-8,GCF_003334765.1,GCA_003334765.1,QOWT00000000.1,GCF_003334765.1_prophage_4,NZ_QOWT01000031.1,1136,8092,6957,0.0,Unknown
ECOR-8,GCF_003334765.1,GCA_003334765.1,QOWT00000000.1,GCF_003334765.1_prophage_5,NZ_QOWT01000046.1,3657,22930,19274,0.0,Podoviridae
ECOR-9,GCF_003334255.1,GCA_003334255.1,QOWU00000000.1,GCF_003334255.1_prophage_1,NZ_QOWU01000010.1,77719,90011,12293,0.0,Siphoviridae
ECOR-9,GCF_003334255.1,GCA_003334255.1,QOWU00000000.1,GCF_003334255.1_prophage_2,NZ_QOWU01000026.1,38024,61355,23332,0.0,Podoviridae
ECOR-9,GCF_003334255.1,GCA_003334255.1,QOWU00000000.1,GCF_003334255.1_prophage_3,NZ_QOWU01000037.1,305,46400,46096,0.0,Myoviridae
ECOR-10,GCF_003334785.1,GCA_003334785.1,QOWV00000000.1,GCF_003334785.1_prophage_2,NZ_QOWV01000001.1,107675,119882,12208,0.0,Myoviridae
ECOR-10,GCF_003334785.1,GCA_003334785.1,QOWV00000000.1,GCF_003334785.1_prophage_3,NZ_QOWV01000002.1,544470,579325,34856,0.0,Myoviridae
ECOR-10,GCF_003334785.1,GCA_003334785.1,QOWV00000000.1,GCF_003334785.1_prophage_1,NZ_QOWV01000019.1,2248,10497,8250,0.0,Unknown
ECOR-11,GCF_003334245.1,GCA_003334245.1,QOWW00000000.1,GCF_003334245.1_prophage_4,NZ_QOWW01000007.1,95010,105221,10212,0.0,Unknown
ECOR-11,GCF_003334245.1,GCA_003334245.1,QOWW00000000.1,GCF_003334245.1_prophage_5,NZ_QOWW01000008.1,133135,168689,35555,0.0,Myoviridae
ECOR-11,GCF_003334245.1,GCA_003334245.1,QOWW00000000.1,GCF_003334245.1_prophage_1,NZ_QOWW01000015.1,103814,112365,8552,0.0,Siphoviridae
ECOR-11,GCF_003334245.1,GCA_003334245.1,QOWW00000000.1,GCF_003334245.1_prophage_2,NZ_QOWW01000028.1,26115,43135,17021,0.0,Podoviridae
ECOR-11,GCF_003334245.1,GCA_003334245.1,QOWW00000000.1,GCF_003334245.1_prophage_3,NZ_QOWW01000047.1,2672,20083,17412,0.0,Siphoviridae
ECOR-12,GCF_003334775.1,GCA_003334775.1,QOWX00000000.1,GCF_003334775.1_prophage_5,NZ_QOWX01000003.1,65,16104,16040,0.0,Myoviridae
ECOR-12,GCF_003334775.1,GCA_003334775.1,QOWX00000000.1,GCF_003334775.1_prophage_1,NZ_QOWX01000017.1,89876,99250,9375,0.0,Siphoviridae
ECOR-12,GCF_003334775.1,GCA_003334775.1,QOWX00000000.1,GCF_003334775.1_prophage_2,NZ_QOWX01000022.1,39176,67170,27995,0.0,Podoviridae
ECOR-12,GCF_003334775.1,GCA_003334775.1,QOWX00000000.1,GCF_003334775.1_prophage_3,NZ_QOWX01000027.1,977,38129,37153,0.0,Myoviridae
ECOR-12,GCF_003334775.1,GCA_003334775.1,QOWX00000000.1,GCF_003334775.1_prophage_4,NZ_QOWX01000039.1,792,13106,12315,0.0,Siphoviridae
ECOR-12,GCF_003334775.1,GCA_003334775.1,QOWX00000000.1,GCF_003334775.1_prophage_6,NZ_QOWX01000041.1,3,17736,17734,0.0,Podoviridae
ECOR-12,GCF_003334775.1,GCA_003334775.1,QOWX00000000.1,GCF_003334775.1_prophage_7,NZ_QOWX01000043.1,4220,8841,4622,0.0,Unknown
ECOR-13,GCF_003334235.1,GCA_003334235.1,QOWY00000000.1,GCF_003334235.1_prophage_2,NZ_QOWY01000001.1,174867,208462,33596,0.0,Myoviridae
ECOR-13,GCF_003334235.1,GCA_003334235.1,QOWY00000000.1,GCF_003334235.1_prophage_1,NZ_QOWY01000018.1,61,34981,34921,0.0,Siphoviridae
ECOR-13,GCF_003334235.1,GCA_003334235.1,QOWY00000000.1,GCF_003334235.1_prophage_3,NZ_QOWY01000029.1,18880,50913,32034,0.0,Podoviridae
ECOR-14,GCF_003334705.1,GCA_003334705.1,QOWZ00000000.1,GCF_003334705.1_prophage_1,NZ_QOWZ01000001.1,241624,278818,37195,0.0,Podoviridae
ECOR-14,GCF_003334705.1,GCA_003334705.1,QOWZ00000000.1,GCF_003334705.1_prophage_3,NZ_QOWZ01000008.1,40203,83249,43047,0.0,Siphoviridae
ECOR-14,GCF_003334705.1,GCA_003334705.1,QOWZ00000000.1,GCF_003334705.1_prophage_4,NZ_QOWZ01000009.1,23175,52334,29160,0.0,Myoviridae
ECOR-14,GCF_003334705.1,GCA_003334705.1,QOWZ00000000.1,GCF_003334705.1_prophage_2,NZ_QOWZ01000021.1,45608,87379,41772,0.0,Myoviridae
ECOR-15,GCF_003334225.1,GCA_003334225.1,QOXA00000000.1,GCF_003334225.1_prophage_4,NZ_QOXA01000003.1,300999,302386,1388,0.0,Unknown
ECOR-15,GCF_003334225.1,GCA_003334225.1,QOXA00000000.1,GCF_003334225.1_prophage_6,NZ_QOXA01000005.1,67947,103413,35467,0.0,Myoviridae
ECOR-15,GCF_003334225.1,GCA_003334225.1,QOXA00000000.1,GCF_003334225.1_prophage_1,NZ_QOXA01000012.1,86989,115868,28880,0.0,Myoviridae
ECOR-15,GCF_003334225.1,GCA_003334225.1,QOXA00000000.1,GCF_003334225.1_prophage_2,NZ_QOXA01000031.1,2,31586,31585,0.0,Myoviridae
ECOR-15,GCF_003334225.1,GCA_003334225.1,QOXA00000000.1,GCF_003334225.1_prophage_3,NZ_QOXA01000039.1,531,34900,34370,0.0,Myoviridae / Siphoviridae
ECOR-15,GCF_003334225.1,GCA_003334225.1,QOXA00000000.1,GCF_003334225.1_prophage_5,NZ_QOXA01000041.1,29,27239,27211,0.0,Siphoviridae
ECOR-16,GCF_003334675.1,GCA_003334675.1,QOXB00000000.1,GCF_003334675.1_prophage_3,NZ_QOXB01000009.1,127477,133574,6098,0.0,Unknown
ECOR-16,GCF_003334675.1,GCA_003334675.1,QOXB00000000.1,GCF_003334675.1_prophage_1,NZ_QOXB01000013.1,6077,17831,11755,0.0,Siphoviridae / Podoviridae
ECOR-16,GCF_003334675.1,GCA_003334675.1,QOXB00000000.1,GCF_003334675.1_prophage_2,NZ_QOXB01000023.1,48426,64801,16376,0.0,Myoviridae / Podoviridae
ECOR-17,GCF_003334175.1,GCA_003334175.1,QOXC00000000.1,GCF_003334175.1_prophage_4,NZ_QOXC01000007.1,62330,79451,17122,0.0,Myoviridae
ECOR-17,GCF_003334175.1,GCA_003334175.1,QOXC00000000.1,GCF_003334175.1_prophage_1,NZ_QOXC01000016.1,5019,20651,15633,0.0,Siphoviridae
ECOR-17,GCF_003334175.1,GCA_003334175.1,QOXC00000000.1,GCF_003334175.1_prophage_2,NZ_QOXC01000033.1,40202,50354,10153,0.0,Siphoviridae / Podoviridae
ECOR-17,GCF_003334175.1,GCA_003334175.1,QOXC00000000.1,GCF_003334175.1_prophage_3,NZ_QOXC01000035.1,21814,33435,11622,0.0,Podoviridae
ECOR-18,GCF_003334715.1,GCA_003334715.1,QOXD00000000.1,GCF_003334715.1_prophage_1,NZ_QOXD01000001.1,84798,120779,35982,0.0,Myoviridae
ECOR-18,GCF_003334715.1,GCA_003334715.1,QOXD00000000.1,GCF_003334715.1_prophage_2,NZ_QOXD01000041.1,3,12917,12915,0.0,Myoviridae
ECOR-19,GCF_003334165.1,GCA_003334165.1,QOXE00000000.1,GCF_003334165.1_prophage_1,NZ_QOXE01000004.1,583,29225,28643,0.0,Myoviridae
ECOR-20,GCF_003334155.1,GCA_003334155.1,QOXF00000000.1,GCF_003334155.1_prophage_1,NZ_QOXF01000001.1,93395,133473,40079,0.0,Podoviridae
ECOR-20,GCF_003334155.1,GCA_003334155.1,QOXF00000000.1,GCF_003334155.1_prophage_3,NZ_QOXF01000003.1,10932,15325,4394,0.0,Unknown
ECOR-20,GCF_003334155.1,GCA_003334155.1,QOXF00000000.1,GCF_003334155.1_prophage_2,NZ_QOXF01000036.1,24631,39532,14902,0.0,Siphoviridae / Podoviridae
ECOR-21,GCF_003334145.1,GCA_003334145.1,QOXG00000000.1,GCF_003334145.1_prophage_2,NZ_QOXG01000002.1,10932,15325,4394,0.0,Unknown
ECOR-21,GCF_003334145.1,GCA_003334145.1,QOXG00000000.1,GCF_003334145.1_prophage_6,NZ_QOXG01000009.1,93440,119993,26554,0.0,Podoviridae
ECOR-21,GCF_003334145.1,GCA_003334145.1,QOXG00000000.1,GCF_003334145.1_prophage_1,NZ_QOXG01000015.1,5801,10884,5084,0.0,Unknown
ECOR-21,GCF_003334145.1,GCA_003334145.1,QOXG00000000.1,GCF_003334145.1_prophage_3,NZ_QOXG01000035.1,3491,18392,14902,0.0,Siphoviridae / Podoviridae
ECOR-21,GCF_003334145.1,GCA_003334145.1,QOXG00000000.1,GCF_003334145.1_prophage_4,NZ_QOXG01000051.1,50,27076,27027,0.0,Siphoviridae
ECOR-21,GCF_003334145.1,GCA_003334145.1,QOXG00000000.1,GCF_003334145.1_prophage_5,NZ_QOXG01000055.1,17828,22788,4961,0.0,Unknown
ECOR-22,GCF_003334115.1,GCA_003334115.1,QOXH00000000.1,GCF_003334115.1_prophage_1,NZ_QOXH01000016.1,606,10382,9777,0.0,Myoviridae
ECOR-22,GCF_003334115.1,GCA_003334115.1,QOXH00000000.1,GCF_003334115.1_prophage_2,NZ_QOXH01000018.1,41440,56089,14650,0.0,Myoviridae
ECOR-22,GCF_003334115.1,GCA_003334115.1,QOXH00000000.1,GCF_003334115.1_prophage_3,NZ_QOXH01000020.1,48,38462,38415,0.0,Myoviridae
ECOR-23,GCF_003334095.1,GCA_003334095.1,QOXI00000000.1,GCF_003334095.1_prophage_5,NZ_QOXI01000008.1,370,17682,17313,0.0,Siphoviridae / Podoviridae / Bicaudaviridae
ECOR-23,GCF_003334095.1,GCA_003334095.1,QOXI00000000.1,GCF_003334095.1_prophage_1,NZ_QOXI01000012.1,101618,130901,29284,0.0,Podoviridae
ECOR-23,GCF_003334095.1,GCA_003334095.1,QOXI00000000.1,GCF_003334095.1_prophage_2,NZ_QOXI01000013.1,99948,115802,15855,0.0,Myoviridae
ECOR-23,GCF_003334095.1,GCA_003334095.1,QOXI00000000.1,GCF_003334095.1_prophage_3,NZ_QOXI01000022.1,562,16405,15844,0.0,Myoviridae / Siphoviridae
ECOR-23,GCF_003334095.1,GCA_003334095.1,QOXI00000000.1,GCF_003334095.1_prophage_4,NZ_QOXI01000028.1,2669,20078,17410,0.0,Siphoviridae
ECOR-24,GCF_003334085.1,GCA_003334085.1,QOXJ00000000.1,GCF_003334085.1_prophage_1,NZ_QOXJ01000002.1,244668,246071,1404,0.0,Unknown
ECOR-24,GCF_003334085.1,GCA_003334085.1,QOXJ00000000.1,GCF_003334085.1_prophage_4,NZ_QOXJ01000005.1,233899,240558,6660,0.0,Unknown
ECOR-24,GCF_003334085.1,GCA_003334085.1,QOXJ00000000.1,GCF_003334085.1_prophage_5,NZ_QOXJ01000008.1,158689,191954,33266,0.0,Myoviridae
ECOR-24,GCF_003334085.1,GCA_003334085.1,QOXJ00000000.1,GCF_003334085.1_prophage_2,NZ_QOXJ01000032.1,2314,11871,9558,0.0,Unknown
ECOR-24,GCF_003334085.1,GCA_003334085.1,QOXJ00000000.1,GCF_003334085.1_prophage_3,NZ_QOXJ01000038.1,102,31364,31263,0.0,Siphoviridae
ECOR-25,GCF_003334065.1,GCA_003334065.1,QOXK00000000.1,GCF_003334065.1_prophage_1,NZ_QOXK01000001.1,149084,169486,20403,0.0,Myoviridae
ECOR-25,GCF_003334065.1,GCA_003334065.1,QOXK00000000.1,GCF_003334065.1_prophage_2,NZ_QOXK01000003.1,48383,60238,11856,0.0,Podoviridae
ECOR-26,GCF_003334035.1,GCA_003334035.1,QOXL00000000.1,GCF_003334035.1_prophage_4,NZ_QOXL01000004.1,1007,17924,16918,0.0,Siphoviridae / Podoviridae
ECOR-26,GCF_003334035.1,GCA_003334035.1,QOXL00000000.1,GCF_003334035.1_prophage_1,NZ_QOXL01000011.1,2758,16176,13419,1.0,Siphoviridae / Podoviridae
ECOR-26,GCF_003334035.1,GCA_003334035.1,QOXL00000000.1,GCF_003334035.1_prophage_2,NZ_QOXL01000020.1,38421,54796,16376,0.0,Myoviridae / Podoviridae
ECOR-26,GCF_003334035.1,GCA_003334035.1,QOXL00000000.1,GCF_003334035.1_prophage_3,NZ_QOXL01000033.1,2669,20080,17412,0.0,Siphoviridae
ECOR-27,GCF_003334665.1,GCA_003334665.1,QOXM00000000.1,GCF_003334665.1_prophage_4,NZ_QOXM01000003.1,1282,36375,35094,0.0,Siphoviridae
ECOR-27,GCF_003334665.1,GCA_003334665.1,QOXM00000000.1,GCF_003334665.1_prophage_1,NZ_QOXM01000010.1,2746,15976,13231,1.0,Siphoviridae / Podoviridae
ECOR-27,GCF_003334665.1,GCA_003334665.1,QOXM00000000.1,GCF_003334665.1_prophage_2,NZ_QOXM01000015.1,27442,65114,37673,0.0,Podoviridae
ECOR-27,GCF_003334665.1,GCA_003334665.1,QOXM00000000.1,GCF_003334665.1_prophage_3,NZ_QOXM01000023.1,828,20565,19738,0.0,Podoviridae
ECOR-28,GCF_003334015.1,GCA_003334015.1,QOXN00000000.1,GCF_003334015.1_prophage_2,NZ_QOXN01000003.1,112162,152293,40132,0.0,Siphoviridae
ECOR-28,GCF_003334015.1,GCA_003334015.1,QOXN00000000.1,GCF_003334015.1_prophage_3,NZ_QOXN01000005.1,203021,238194,35174,0.0,Myoviridae
ECOR-28,GCF_003334015.1,GCA_003334015.1,QOXN00000000.1,GCF_003334015.1_prophage_1,NZ_QOXN01000027.1,645,2341,1697,0.0,Podoviridae
ECOR-29,GCF_003334005.1,GCA_003334005.1,QOXO00000000.1,GCF_003334005.1_prophage_1,NZ_QOXO01000016.1,1776,24577,22802,0.0,Myoviridae
ECOR-29,GCF_003334005.1,GCA_003334005.1,QOXO00000000.1,GCF_003334005.1_prophage_2,NZ_QOXO01000019.1,60056,104528,44473,0.0,Siphoviridae
ECOR-29,GCF_003334005.1,GCA_003334005.1,QOXO00000000.1,GCF_003334005.1_prophage_3,NZ_QOXO01000027.1,40271,44719,4449,0.0,Unknown
ECOR-30,GCF_003333975.1,GCA_003333975.1,QOXP00000000.1,GCF_003333975.1_prophage_1,NZ_QOXP01000001.1,262784,298172,35389,0.0,Myoviridae
ECOR-30,GCF_003333975.1,GCA_003333975.1,QOXP00000000.1,GCF_003333975.1_prophage_2,NZ_QOXP01000005.1,2310,17474,15165,1.0,Siphoviridae / Podoviridae
ECOR-31,GCF_003333945.1,GCA_003333945.1,QOXQ00000000.1,GCF_003333945.1_prophage_4,NZ_QOXQ01000007.1,146530,185235,38706,0.0,Siphoviridae
ECOR-31,GCF_003333945.1,GCA_003333945.1,QOXQ00000000.1,GCF_003333945.1_prophage_1,NZ_QOXQ01000011.1,88697,123027,34331,0.0,Myoviridae
ECOR-31,GCF_003333945.1,GCA_003333945.1,QOXQ00000000.1,GCF_003333945.1_prophage_2,NZ_QOXQ01000031.1,42979,64251,21273,0.0,Siphoviridae
ECOR-31,GCF_003333945.1,GCA_003333945.1,QOXQ00000000.1,GCF_003333945.1_prophage_3,NZ_QOXQ01000032.1,3118,60678,57561,0.0,Myoviridae
ECOR-32,GCF_003333935.1,GCA_003333935.1,QOXR00000000.1,GCF_003333935.1_prophage_2,NZ_QOXR01000004.1,30600,68848,38249,0.0,Myoviridae
ECOR-32,GCF_003333935.1,GCA_003333935.1,QOXR00000000.1,GCF_003333935.1_prophage_3,NZ_QOXR01000006.1,222736,237054,14319,1.0,Siphoviridae / Podoviridae
ECOR-32,GCF_003333935.1,GCA_003333935.1,QOXR00000000.1,GCF_003333935.1_prophage_1,NZ_QOXR01000024.1,38517,57724,19208,0.0,Podoviridae
ECOR-33,GCF_003333925.1,GCA_003333925.1,QOXS00000000.1,GCF_003333925.1_prophage_2,NZ_QOXS01000004.1,30600,68848,38249,0.0,Myoviridae
ECOR-33,GCF_003333925.1,GCA_003333925.1,QOXS00000000.1,GCF_003333925.1_prophage_3,NZ_QOXS01000006.1,222736,237054,14319,1.0,Siphoviridae / Podoviridae
ECOR-33,GCF_003333925.1,GCA_003333925.1,QOXS00000000.1,GCF_003333925.1_prophage_1,NZ_QOXS01000024.1,38517,57724,19208,0.0,Podoviridae
ECOR-34,GCF_003334625.1,GCA_003334625.1,QOXT00000000.1,GCF_003334625.1_prophage_3,NZ_QOXT01000007.1,100892,143133,42242,0.0,Podoviridae
ECOR-34,GCF_003334625.1,GCA_003334625.1,QOXT00000000.1,GCF_003334625.1_prophage_1,NZ_QOXT01000013.1,65955,105099,39145,0.0,Myoviridae
ECOR-34,GCF_003334625.1,GCA_003334625.1,QOXT00000000.1,GCF_003334625.1_prophage_2,NZ_QOXT01000032.1,21473,36047,14575,1.0,Siphoviridae / Podoviridae
ECOR-35,GCF_003334735.1,GCA_003334735.1,QOXU00000000.1,GCF_003334735.1_prophage_4,NZ_QOXU01000005.1,111932,148331,36400,0.0,Myoviridae
ECOR-35,GCF_003334735.1,GCA_003334735.1,QOXU00000000.1,GCF_003334735.1_prophage_1,NZ_QOXU01000011.1,2868,37068,34201,0.0,Myoviridae
ECOR-35,GCF_003334735.1,GCA_003334735.1,QOXU00000000.1,GCF_003334735.1_prophage_2,NZ_QOXU01000019.1,23031,56574,33544,0.0,Myoviridae
ECOR-35,GCF_003334735.1,GCA_003334735.1,QOXU00000000.1,GCF_003334735.1_prophage_3,NZ_QOXU01000058.1,16036,28611,12576,0.0,Unknown
ECOR-36,GCF_003333875.1,GCA_003333875.1,QOXV00000000.1,GCF_003333875.1_prophage_1,NZ_QOXV01000010.1,1670,20664,18995,0.0,Podoviridae
ECOR-36,GCF_003333875.1,GCA_003333875.1,QOXV00000000.1,GCF_003333875.1_prophage_2,NZ_QOXV01000025.1,2839,37345,34507,0.0,Myoviridae
ECOR-36,GCF_003333875.1,GCA_003333875.1,QOXV00000000.1,GCF_003333875.1_prophage_3,NZ_QOXV01000044.1,3008,31216,28209,0.0,Myoviridae
ECOR-37,GCF_003333865.1,GCA_003333865.1,QOXW00000000.1,GCF_003333865.1_prophage_2,NZ_QOXW01000002.1,26618,71865,45248,0.0,Myoviridae
ECOR-37,GCF_003333865.1,GCA_003333865.1,QOXW00000000.1,GCF_003333865.1_prophage_1,NZ_QOXW01000021.1,470,87757,87288,0.0,Myoviridae
ECOR-37,GCF_003333865.1,GCA_003333865.1,QOXW00000000.1,GCF_003333865.1_prophage_3,NZ_QOXW01000044.1,1,21500,21500,0.0,Myoviridae
ECOR-37,GCF_003333865.1,GCA_003333865.1,QOXW00000000.1,GCF_003333865.1_prophage_4,NZ_QOXW01000048.1,782,3904,3123,0.0,Podoviridae
ECOR-37,GCF_003333865.1,GCA_003333865.1,QOXW00000000.1,GCF_003333865.1_prophage_5,NZ_QOXW01000049.1,23124,28223,5100,0.0,Myoviridae
ECOR-37,GCF_003333865.1,GCA_003333865.1,QOXW00000000.1,GCF_003333865.1_prophage_6,NZ_QOXW01000055.1,3,24014,24012,0.0,Siphoviridae
ECOR-38,GCF_003334605.1,GCA_003334605.1,QOXX00000000.1,GCF_003334605.1_prophage_1,NZ_QOXX01000001.1,46981,83409,36429,0.0,Myoviridae
ECOR-38,GCF_003334605.1,GCA_003334605.1,QOXX00000000.1,GCF_003334605.1_prophage_2,NZ_QOXX01000002.1,8154,24601,16448,0.0,Siphoviridae
ECOR-38,GCF_003334605.1,GCA_003334605.1,QOXX00000000.1,GCF_003334605.1_prophage_3,NZ_QOXX01000031.1,15991,53905,37915,0.0,Siphoviridae
ECOR-38,GCF_003334605.1,GCA_003334605.1,QOXX00000000.1,GCF_003334605.1_prophage_4,NZ_QOXX01000040.1,678,17929,17252,0.0,Myoviridae
ECOR-38,GCF_003334605.1,GCA_003334605.1,QOXX00000000.1,GCF_003334605.1_prophage_5,NZ_QOXX01000043.1,117,21803,21687,0.0,Myoviridae
ECOR-38,GCF_003334605.1,GCA_003334605.1,QOXX00000000.1,GCF_003334605.1_prophage_6,NZ_QOXX01000045.1,2,31058,31057,0.0,Myoviridae
ECOR-39,GCF_003333855.1,GCA_003333855.1,QOXY00000000.1,GCF_003333855.1_prophage_1,NZ_QOXY01000001.1,46981,83409,36429,0.0,Myoviridae
ECOR-39,GCF_003333855.1,GCA_003333855.1,QOXY00000000.1,GCF_003333855.1_prophage_2,NZ_QOXY01000002.1,8171,24618,16448,0.0,Siphoviridae
ECOR-39,GCF_003333855.1,GCA_003333855.1,QOXY00000000.1,GCF_003333855.1_prophage_3,NZ_QOXY01000032.1,15991,53905,37915,0.0,Siphoviridae
ECOR-39,GCF_003333855.1,GCA_003333855.1,QOXY00000000.1,GCF_003333855.1_prophage_4,NZ_QOXY01000035.1,9693,42227,32535,0.0,Myoviridae
ECOR-39,GCF_003333855.1,GCA_003333855.1,QOXY00000000.1,GCF_003333855.1_prophage_5,NZ_QOXY01000042.1,678,17929,17252,0.0,Myoviridae
ECOR-39,GCF_003333855.1,GCA_003333855.1,QOXY00000000.1,GCF_003333855.1_prophage_6,NZ_QOXY01000044.1,117,21803,21687,0.0,Myoviridae
ECOR-39,GCF_003333855.1,GCA_003333855.1,QOXY00000000.1,GCF_003333855.1_prophage_7,NZ_QOXY01000047.1,1,30988,30988,0.0,Myoviridae
ECOR-39,GCF_003333855.1,GCA_003333855.1,QOXY00000000.1,GCF_003333855.1_prophage_8,NZ_QOXY01000057.1,3443,18585,15143,0.0,Podoviridae
ECOR-40,GCF_003333845.1,GCA_003333845.1,QOXZ00000000.1,GCF_003333845.1_prophage_9,NZ_QOXZ01000006.1,129972,159516,29545,0.0,Siphoviridae
ECOR-40,GCF_003333845.1,GCA_003333845.1,QOXZ00000000.1,GCF_003333845.1_prophage_1,NZ_QOXZ01000030.1,15991,53408,37418,0.0,Siphoviridae / Podoviridae
ECOR-40,GCF_003333845.1,GCA_003333845.1,QOXZ00000000.1,GCF_003333845.1_prophage_2,NZ_QOXZ01000037.1,29381,44552,15172,0.0,Unknown
ECOR-40,GCF_003333845.1,GCA_003333845.1,QOXZ00000000.1,GCF_003333845.1_prophage_3,NZ_QOXZ01000038.1,153,22863,22711,0.0,Myoviridae
ECOR-40,GCF_003333845.1,GCA_003333845.1,QOXZ00000000.1,GCF_003333845.1_prophage_4,NZ_QOXZ01000040.1,22875,40127,17253,0.0,Myoviridae
ECOR-40,GCF_003333845.1,GCA_003333845.1,QOXZ00000000.1,GCF_003333845.1_prophage_5,NZ_QOXZ01000041.1,1445,17238,15794,0.0,Podoviridae
ECOR-40,GCF_003333845.1,GCA_003333845.1,QOXZ00000000.1,GCF_003333845.1_prophage_6,NZ_QOXZ01000044.1,3,30549,30547,0.0,Myoviridae
ECOR-40,GCF_003333845.1,GCA_003333845.1,QOXZ00000000.1,GCF_003333845.1_prophage_7,NZ_QOXZ01000045.1,20493,30912,10420,0.0,Myoviridae
ECOR-40,GCF_003333845.1,GCA_003333845.1,QOXZ00000000.1,GCF_003333845.1_prophage_8,NZ_QOXZ01000049.1,3,24236,24234,0.0,Siphoviridae
ECOR-41,GCF_003333795.1,GCA_003333795.1,QOYA00000000.1,GCF_003333795.1_prophage_1,NZ_QOYA01000001.1,297936,335486,37551,0.0,Myoviridae
ECOR-41,GCF_003333795.1,GCA_003333795.1,QOYA00000000.1,GCF_003333795.1_prophage_4,NZ_QOYA01000002.1,718,8333,7616,0.0,Podoviridae
ECOR-41,GCF_003333795.1,GCA_003333795.1,QOYA00000000.1,GCF_003333795.1_prophage_5,NZ_QOYA01000002.1,13345,29928,16584,0.0,Siphoviridae
ECOR-41,GCF_003333795.1,GCA_003333795.1,QOYA00000000.1,GCF_003333795.1_prophage_2,NZ_QOYA01000026.1,29295,33279,3985,0.0,Unknown
ECOR-41,GCF_003333795.1,GCA_003333795.1,QOYA00000000.1,GCF_003333795.1_prophage_3,NZ_QOYA01000026.1,49173,62498,13326,0.0,Myoviridae
ECOR-41,GCF_003333795.1,GCA_003333795.1,QOYA00000000.1,GCF_003333795.1_prophage_6,NZ_QOYA01000037.1,24976,41778,16803,0.0,Myoviridae
ECOR-41,GCF_003333795.1,GCA_003333795.1,QOYA00000000.1,GCF_003333795.1_prophage_7,NZ_QOYA01000040.1,678,17929,17252,0.0,Myoviridae
ECOR-41,GCF_003333795.1,GCA_003333795.1,QOYA00000000.1,GCF_003333795.1_prophage_8,NZ_QOYA01000046.1,2386,17488,15103,0.0,Myoviridae
ECOR-42,GCF_003333785.1,GCA_003333785.1,QOYB00000000.1,GCF_003333785.1_prophage_2,NZ_QOYB01000003.1,45004,84222,39219,0.0,Myoviridae
ECOR-42,GCF_003333785.1,GCA_003333785.1,QOYB00000000.1,GCF_003333785.1_prophage_3,NZ_QOYB01000003.1,384765,394655,9891,0.0,Siphoviridae
ECOR-42,GCF_003333785.1,GCA_003333785.1,QOYB00000000.1,GCF_003333785.1_prophage_4,NZ_QOYB01000004.1,62269,105866,43598,0.0,Siphoviridae
ECOR-42,GCF_003333785.1,GCA_003333785.1,QOYB00000000.1,GCF_003333785.1_prophage_1,NZ_QOYB01000016.1,162,66706,66545,0.0,Myoviridae
ECOR-43,GCF_003333775.1,GCA_003333775.1,QOYC00000000.1,GCF_003333775.1_prophage_6,NZ_QOYC01000002.1,253481,259897,6417,0.0,Unknown
ECOR-43,GCF_003333775.1,GCA_003333775.1,QOYC00000000.1,GCF_003333775.1_prophage_1,NZ_QOYC01000011.1,113061,128885,15825,0.0,Siphoviridae / Podoviridae
ECOR-43,GCF_003333775.1,GCA_003333775.1,QOYC00000000.1,GCF_003333775.1_prophage_2,NZ_QOYC01000012.1,78896,89064,10169,0.0,Siphoviridae
ECOR-43,GCF_003333775.1,GCA_003333775.1,QOYC00000000.1,GCF_003333775.1_prophage_3,NZ_QOYC01000012.1,102369,121484,19116,0.0,Myoviridae / Podoviridae
ECOR-43,GCF_003333775.1,GCA_003333775.1,QOYC00000000.1,GCF_003333775.1_prophage_4,NZ_QOYC01000013.1,27137,36553,9417,0.0,Siphoviridae
ECOR-43,GCF_003333775.1,GCA_003333775.1,QOYC00000000.1,GCF_003333775.1_prophage_5,NZ_QOYC01000017.1,4181,31334,27154,0.0,Myoviridae
ECOR-43,GCF_003333775.1,GCA_003333775.1,QOYC00000000.1,GCF_003333775.1_prophage_7,NZ_QOYC01000041.1,18214,33720,15507,0.0,Myoviridae / Podoviridae
ECOR-44,GCF_003333765.1,GCA_003333765.1,QOYD00000000.1,GCF_003333765.1_prophage_2,NZ_QOYD01000001.1,254798,292399,37602,0.0,Myoviridae
ECOR-44,GCF_003333765.1,GCA_003333765.1,QOYD00000000.1,GCF_003333765.1_prophage_6,NZ_QOYD01000002.1,366,25589,25224,0.0,Myoviridae
ECOR-44,GCF_003333765.1,GCA_003333765.1,QOYD00000000.1,GCF_003333765.1_prophage_1,NZ_QOYD01000019.1,91532,105786,14255,0.0,Podoviridae
ECOR-44,GCF_003333765.1,GCA_003333765.1,QOYD00000000.1,GCF_003333765.1_prophage_3,NZ_QOYD01000023.1,3,22764,22762,0.0,Myoviridae
ECOR-44,GCF_003333765.1,GCA_003333765.1,QOYD00000000.1,GCF_003333765.1_prophage_4,NZ_QOYD01000027.1,1474,7776,6303,0.0,Myoviridae
ECOR-44,GCF_003333765.1,GCA_003333765.1,QOYD00000000.1,GCF_003333765.1_prophage_5,NZ_QOYD01000028.1,1209,6557,5349,1.0,Unknown
ECOR-44,GCF_003333765.1,GCA_003333765.1,QOYD00000000.1,GCF_003333765.1_prophage_7,NZ_QOYD01000030.1,54940,57693,2754,0.0,Unknown
ECOR-45,GCF_003333735.1,GCA_003333735.1,QOYE00000000.1,GCF_003333735.1_prophage_1,NZ_QOYE01000002.1,99451,133763,34313,0.0,Myoviridae
ECOR-46,GCF_003334585.1,GCA_003334585.1,QOYF00000000.1,GCF_003334585.1_prophage_7,NZ_QOYF01000007.1,299169,336923,37755,0.0,Myoviridae
ECOR-46,GCF_003334585.1,GCA_003334585.1,QOYF00000000.1,GCF_003334585.1_prophage_1,NZ_QOYF01000018.1,1012,15192,14181,0.0,Myoviridae / Podoviridae
ECOR-46,GCF_003334585.1,GCA_003334585.1,QOYF00000000.1,GCF_003334585.1_prophage_2,NZ_QOYF01000026.1,128819,166761,37943,0.0,Myoviridae
ECOR-46,GCF_003334585.1,GCA_003334585.1,QOYF00000000.1,GCF_003334585.1_prophage_3,NZ_QOYF01000035.1,2655,23598,20944,0.0,Siphoviridae
ECOR-46,GCF_003334585.1,GCA_003334585.1,QOYF00000000.1,GCF_003334585.1_prophage_4,NZ_QOYF01000038.1,645,18031,17387,0.0,Siphoviridae / Podoviridae
ECOR-46,GCF_003334585.1,GCA_003334585.1,QOYF00000000.1,GCF_003334585.1_prophage_5,NZ_QOYF01000043.1,4142,24293,20152,0.0,Siphoviridae
ECOR-46,GCF_003334585.1,GCA_003334585.1,QOYF00000000.1,GCF_003334585.1_prophage_6,NZ_QOYF01000055.1,138558,164146,25589,0.0,Myoviridae
ECOR-47,GCF_003333715.1,GCA_003333715.1,QOYG00000000.1,GCF_003333715.1_prophage_3,NZ_QOYG01000003.1,33150,59810,26661,0.0,Myoviridae / Podoviridae
ECOR-47,GCF_003333715.1,GCA_003333715.1,QOYG00000000.1,GCF_003333715.1_prophage_4,NZ_QOYG01000008.1,59981,95319,35339,0.0,Myoviridae
ECOR-47,GCF_003333715.1,GCA_003333715.1,QOYG00000000.1,GCF_003333715.1_prophage_1,NZ_QOYG01000016.1,28025,67681,39657,0.0,Myoviridae
ECOR-47,GCF_003333715.1,GCA_003333715.1,QOYG00000000.1,GCF_003333715.1_prophage_2,NZ_QOYG01000018.1,76,31540,31465,0.0,Siphoviridae
ECOR-48,GCF_003334535.1,GCA_003334535.1,QOYH00000000.1,GCF_003334535.1_prophage_5,NZ_QOYH01000004.1,36,27396,27361,0.0,Siphoviridae
ECOR-48,GCF_003334535.1,GCA_003334535.1,QOYH00000000.1,GCF_003334535.1_prophage_6,NZ_QOYH01000004.1,179273,212770,33498,0.0,Myoviridae
ECOR-48,GCF_003334535.1,GCA_003334535.1,QOYH00000000.1,GCF_003334535.1_prophage_1,NZ_QOYH01000010.1,65467,89286,23820,0.0,Myoviridae
ECOR-48,GCF_003334535.1,GCA_003334535.1,QOYH00000000.1,GCF_003334535.1_prophage_2,NZ_QOYH01000012.1,6784,39902,33119,0.0,Podoviridae
ECOR-48,GCF_003334535.1,GCA_003334535.1,QOYH00000000.1,GCF_003334535.1_prophage_3,NZ_QOYH01000019.1,1,33354,33354,1.0,Myoviridae
ECOR-48,GCF_003334535.1,GCA_003334535.1,QOYH00000000.1,GCF_003334535.1_prophage_4,NZ_QOYH01000038.1,629,22046,21418,0.0,Siphoviridae
ECOR-49,GCF_003333685.1,GCA_003333685.1,QOYI00000000.1,GCF_003333685.1_prophage_1,NZ_QOYI01000073.1,58794,71905,13112,0.0,Myoviridae
ECOR-49,GCF_003333685.1,GCA_003333685.1,QOYI00000000.1,GCF_003333685.1_prophage_2,NZ_QOYI01000081.1,22151,38603,16453,0.0,Unknown
ECOR-49,GCF_003333685.1,GCA_003333685.1,QOYI00000000.1,GCF_003333685.1_prophage_3,NZ_QOYI01000092.1,93685,124711,31027,0.0,Siphoviridae
ECOR-50,GCF_003333675.1,GCA_003333675.1,QOYJ00000000.1,GCF_003333675.1_prophage_5,NZ_QOYJ01000001.1,184,24144,23961,0.0,Myoviridae
ECOR-50,GCF_003333675.1,GCA_003333675.1,QOYJ00000000.1,GCF_003333675.1_prophage_8,NZ_QOYJ01000008.1,104513,130786,26274,0.0,Podoviridae
ECOR-50,GCF_003333675.1,GCA_003333675.1,QOYJ00000000.1,GCF_003333675.1_prophage_1,NZ_QOYJ01000011.1,4137,35161,31025,0.0,Siphoviridae
ECOR-50,GCF_003333675.1,GCA_003333675.1,QOYJ00000000.1,GCF_003333675.1_prophage_2,NZ_QOYJ01000012.1,12198,18810,6613,0.0,Unknown
ECOR-50,GCF_003333675.1,GCA_003333675.1,QOYJ00000000.1,GCF_003333675.1_prophage_3,NZ_QOYJ01000014.1,11128,48465,37338,0.0,Myoviridae
ECOR-50,GCF_003333675.1,GCA_003333675.1,QOYJ00000000.1,GCF_003333675.1_prophage_4,NZ_QOYJ01000015.1,85915,91460,5546,0.0,Unknown
ECOR-50,GCF_003333675.1,GCA_003333675.1,QOYJ00000000.1,GCF_003333675.1_prophage_6,NZ_QOYJ01000024.1,48250,59785,11536,0.0,Myoviridae
ECOR-50,GCF_003333675.1,GCA_003333675.1,QOYJ00000000.1,GCF_003333675.1_prophage_7,NZ_QOYJ01000028.1,39553,57687,18135,0.0,Unknown
ECOR-51,GCF_003334615.1,GCA_003334615.1,QOYK00000000.1,GCF_003334615.1_prophage_2,NZ_QOYK01000008.1,95775,100256,4482,0.0,Unknown
ECOR-51,GCF_003334615.1,GCA_003334615.1,QOYK00000000.1,GCF_003334615.1_prophage_3,NZ_QOYK01000008.1,105237,107534,2298,0.0,Unknown
ECOR-51,GCF_003334615.1,GCA_003334615.1,QOYK00000000.1,GCF_003334615.1_prophage_4,NZ_QOYK01000008.1,114530,140993,26464,0.0,Siphoviridae
ECOR-51,GCF_003334615.1,GCA_003334615.1,QOYK00000000.1,GCF_003334615.1_prophage_1,NZ_QOYK01000015.1,2495,25896,23402,0.0,Unknown
ECOR-52,GCF_003334495.1,GCA_003334495.1,QOYL00000000.1,GCF_003334495.1_prophage_5,NZ_QOYL01000008.1,370,17682,17313,0.0,Siphoviridae / Podoviridae / Bicaudaviridae
ECOR-52,GCF_003334495.1,GCA_003334495.1,QOYL00000000.1,GCF_003334495.1_prophage_1,NZ_QOYL01000012.1,101804,131087,29284,0.0,Podoviridae
ECOR-52,GCF_003334495.1,GCA_003334495.1,QOYL00000000.1,GCF_003334495.1_prophage_2,NZ_QOYL01000013.1,100461,119278,18818,0.0,Myoviridae
ECOR-52,GCF_003334495.1,GCA_003334495.1,QOYL00000000.1,GCF_003334495.1_prophage_3,NZ_QOYL01000026.1,562,16405,15844,0.0,Myoviridae / Siphoviridae
ECOR-52,GCF_003334495.1,GCA_003334495.1,QOYL00000000.1,GCF_003334495.1_prophage_4,NZ_QOYL01000033.1,2669,20078,17410,0.0,Siphoviridae
ECOR-53,GCF_003333655.1,GCA_003333655.1,QOYM00000000.1,GCF_003333655.1_prophage_1,NZ_QOYM01000017.1,58073,89633,31561,0.0,Myoviridae
ECOR-53,GCF_003333655.1,GCA_003333655.1,QOYM00000000.1,GCF_003333655.1_prophage_2,NZ_QOYM01000020.1,3,33125,33123,0.0,Siphoviridae
ECOR-54,GCF_003333615.1,GCA_003333615.1,QOYN00000000.1,GCF_003333615.1_prophage_3,NZ_QOYN01000002.1,3,35078,35076,0.0,Siphoviridae
ECOR-54,GCF_003333615.1,GCA_003333615.1,QOYN00000000.1,GCF_003333615.1_prophage_4,NZ_QOYN01000009.1,1491,17319,15829,0.0,Siphoviridae / Podoviridae / Bicaudaviridae
ECOR-54,GCF_003333615.1,GCA_003333615.1,QOYN00000000.1,GCF_003333615.1_prophage_1,NZ_QOYN01000014.1,798,21658,20861,0.0,Podoviridae
ECOR-54,GCF_003333615.1,GCA_003333615.1,QOYN00000000.1,GCF_003333615.1_prophage_2,NZ_QOYN01000026.1,2669,20078,17410,0.0,Siphoviridae
ECOR-55,GCF_003333605.1,GCA_003333605.1,QOYO00000000.1,GCF_003333605.1_prophage_3,NZ_QOYO01000007.1,217038,221519,4482,0.0,Unknown
ECOR-55,GCF_003333605.1,GCA_003333605.1,QOYO00000000.1,GCF_003333605.1_prophage_4,NZ_QOYO01000007.1,235535,261714,26180,0.0,Siphoviridae
ECOR-55,GCF_003333605.1,GCA_003333605.1,QOYO00000000.1,GCF_003333605.1_prophage_1,NZ_QOYO01000018.1,3,30759,30757,0.0,Siphoviridae
ECOR-55,GCF_003333605.1,GCA_003333605.1,QOYO00000000.1,GCF_003333605.1_prophage_2,NZ_QOYO01000022.1,1,20079,20079,0.0,Siphoviridae
ECOR-56,GCF_003334485.1,GCA_003334485.1,QOYP00000000.1,GCF_003334485.1_prophage_1,NZ_QOYP01000021.1,3560,42195,38636,0.0,Siphoviridae
ECOR-57,GCF_003334555.1,GCA_003334555.1,QOYQ00000000.1,GCF_003334555.1_prophage_1,NZ_QOYQ01000018.1,101009,141550,40542,0.0,Podoviridae
ECOR-57,GCF_003334555.1,GCA_003334555.1,QOYQ00000000.1,GCF_003334555.1_prophage_2,NZ_QOYQ01000020.1,54643,59834,5192,0.0,Unknown
ECOR-57,GCF_003334555.1,GCA_003334555.1,QOYQ00000000.1,GCF_003334555.1_prophage_3,NZ_QOYQ01000028.1,11850,28921,17072,0.0,Podoviridae
ECOR-57,GCF_003334555.1,GCA_003334555.1,QOYQ00000000.1,GCF_003334555.1_prophage_4,NZ_QOYQ01000030.1,76040,96661,20622,0.0,Podoviridae
ECOR-57,GCF_003334555.1,GCA_003334555.1,QOYQ00000000.1,GCF_003334555.1_prophage_5,NZ_QOYQ01000034.1,3437,11988,8552,0.0,Siphoviridae
ECOR-57,GCF_003334555.1,GCA_003334555.1,QOYQ00000000.1,GCF_003334555.1_prophage_6,NZ_QOYQ01000047.1,4600,16769,12170,0.0,Unknown
ECOR-58,GCF_003333645.1,GCA_003333645.1,QOYR00000000.1,GCF_003333645.1_prophage_1,NZ_QOYR01000001.1,87277,133596,46320,0.0,Siphoviridae
ECOR-58,GCF_003333645.1,GCA_003333645.1,QOYR00000000.1,GCF_003333645.1_prophage_4,NZ_QOYR01000005.1,84158,120151,35994,0.0,Myoviridae
ECOR-58,GCF_003333645.1,GCA_003333645.1,QOYR00000000.1,GCF_003333645.1_prophage_2,NZ_QOYR01000043.1,3,32704,32702,0.0,Siphoviridae
ECOR-58,GCF_003333645.1,GCA_003333645.1,QOYR00000000.1,GCF_003333645.1_prophage_3,NZ_QOYR01000046.1,37411,52366,14956,0.0,Myoviridae
ECOR-59,GCF_003335465.1,GCA_003335465.1,QOZF00000000.1,GCF_003335465.1_prophage_1,NZ_QOZF01000022.1,17133,46611,29479,0.0,Myoviridae
ECOR-59,GCF_003335465.1,GCA_003335465.1,QOZF00000000.1,GCF_003335465.1_prophage_2,NZ_QOZF01000049.1,56750,64578,7829,0.0,Myoviridae
ECOR-60,GCF_003333585.1,GCA_003333585.1,QOYS00000000.1,GCF_003333585.1_prophage_1,NZ_QOYS01000007.1,17116,64913,47798,0.0,Siphoviridae
ECOR-61,GCF_003333565.1,GCA_003333565.1,QOYT00000000.1,GCF_003333565.1_prophage_1,NZ_QOYT01000001.1,4171,8834,4664,0.0,Myoviridae
ECOR-61,GCF_003333565.1,GCA_003333565.1,QOYT00000000.1,GCF_003333565.1_prophage_4,NZ_QOYT01000008.1,2,22381,22380,0.0,Myoviridae / Siphoviridae
ECOR-61,GCF_003333565.1,GCA_003333565.1,QOYT00000000.1,GCF_003333565.1_prophage_2,NZ_QOYT01000028.1,70625,103051,32427,0.0,Myoviridae
ECOR-61,GCF_003333565.1,GCA_003333565.1,QOYT00000000.1,GCF_003333565.1_prophage_3,NZ_QOYT01000054.1,41036,51115,10080,0.0,Podoviridae
ECOR-62,GCF_003333545.1,GCA_003333545.1,QOYU00000000.1,GCF_003333545.1_prophage_2,NZ_QOYU01000004.1,3752,13831,10080,0.0,Podoviridae
ECOR-62,GCF_003333545.1,GCA_003333545.1,QOYU00000000.1,GCF_003333545.1_prophage_5,NZ_QOYU01000006.1,484,14508,14025,0.0,Podoviridae
ECOR-62,GCF_003333545.1,GCA_003333545.1,QOYU00000000.1,GCF_003333545.1_prophage_6,NZ_QOYU01000007.1,15782,48208,32427,0.0,Myoviridae
ECOR-62,GCF_003333545.1,GCA_003333545.1,QOYU00000000.1,GCF_003333545.1_prophage_1,NZ_QOYU01000047.1,18378,37200,18823,0.0,Unknown
ECOR-62,GCF_003333545.1,GCA_003333545.1,QOYU00000000.1,GCF_003333545.1_prophage_3,NZ_QOYU01000058.1,2,22402,22401,0.0,Myoviridae / Siphoviridae
ECOR-62,GCF_003333545.1,GCA_003333545.1,QOYU00000000.1,GCF_003333545.1_prophage_4,NZ_QOYU01000065.1,1513,27225,25713,0.0,Podoviridae
ECOR-63,GCF_003333505.1,GCA_003333505.1,QOYV00000000.1,GCF_003333505.1_prophage_4,NZ_QOYV01000006.1,100480,145548,45069,0.0,Podoviridae
ECOR-63,GCF_003333505.1,GCA_003333505.1,QOYV00000000.1,GCF_003333505.1_prophage_1,NZ_QOYV01000015.1,1,21986,21986,0.0,Siphoviridae
ECOR-63,GCF_003333505.1,GCA_003333505.1,QOYV00000000.1,GCF_003333505.1_prophage_2,NZ_QOYV01000035.1,1489,14003,12515,0.0,Podoviridae
ECOR-63,GCF_003333505.1,GCA_003333505.1,QOYV00000000.1,GCF_003333505.1_prophage_3,NZ_QOYV01000041.1,17079,31608,14530,0.0,Myoviridae
ECOR-64,GCF_003334525.1,GCA_003334525.1,QOYW00000000.1,GCF_003334525.1_prophage_1,NZ_QOYW01000012.1,2100,14510,12411,0.0,Siphoviridae / Podoviridae
ECOR-64,GCF_003334525.1,GCA_003334525.1,QOYW00000000.1,GCF_003334525.1_prophage_2,NZ_QOYW01000014.1,13104,46203,33100,0.0,Myoviridae
ECOR-65,GCF_003333495.1,GCA_003333495.1,QOYX00000000.1,GCF_003333495.1_prophage_1,NZ_QOYX01000004.1,99673,150114,50442,0.0,Siphoviridae
ECOR-65,GCF_003333495.1,GCA_003333495.1,QOYX00000000.1,GCF_003333495.1_prophage_2,NZ_QOYX01000006.1,170729,206900,36172,0.0,Myoviridae
ECOR-65,GCF_003333495.1,GCA_003333495.1,QOYX00000000.1,GCF_003333495.1_prophage_3,NZ_QOYX01000008.1,27911,68281,40371,0.0,Myoviridae
ECOR-66,GCF_003333435.1,GCA_003333435.1,QOYY00000000.1,GCF_003333435.1_prophage_1,NZ_QOYY01000003.1,105701,141178,35478,0.0,Myoviridae
ECOR-66,GCF_003333435.1,GCA_003333435.1,QOYY00000000.1,GCF_003333435.1_prophage_2,NZ_QOYY01000004.1,101308,148794,47487,0.0,Siphoviridae
ECOR-67,GCF_003334465.1,GCA_003334465.1,QOYZ00000000.1,GCF_003334465.1_prophage_1,NZ_QOYZ01000014.1,32501,67129,34629,0.0,Myoviridae
ECOR-67,GCF_003334465.1,GCA_003334465.1,QOYZ00000000.1,GCF_003334465.1_prophage_2,NZ_QOYZ01000021.1,58572,91632,33061,0.0,Myoviridae
ECOR-67,GCF_003334465.1,GCA_003334465.1,QOYZ00000000.1,GCF_003334465.1_prophage_3,NZ_QOYZ01000026.1,96400,118370,21971,0.0,Myoviridae / Podoviridae
ECOR-67,GCF_003334465.1,GCA_003334465.1,QOYZ00000000.1,GCF_003334465.1_prophage_4,NZ_QOYZ01000031.1,69243,88229,18987,0.0,Siphoviridae
ECOR-68,GCF_003333425.1,GCA_003333425.1,QOZA00000000.1,GCF_003333425.1_prophage_1,NZ_QOZA01000001.1,189539,232069,42531,0.0,Myoviridae
ECOR-68,GCF_003333425.1,GCA_003333425.1,QOZA00000000.1,GCF_003333425.1_prophage_4,NZ_QOZA01000004.1,210012,252847,42836,0.0,Siphoviridae
ECOR-68,GCF_003333425.1,GCA_003333425.1,QOZA00000000.1,GCF_003333425.1_prophage_5,NZ_QOZA01000006.1,50222,82748,32527,0.0,Myoviridae
ECOR-68,GCF_003333425.1,GCA_003333425.1,QOZA00000000.1,GCF_003333425.1_prophage_2,NZ_QOZA01000022.1,61213,62382,1170,0.0,Unknown
ECOR-68,GCF_003333425.1,GCA_003333425.1,QOZA00000000.1,GCF_003333425.1_prophage_3,NZ_QOZA01000025.1,1,36385,36385,0.0,Myoviridae
ECOR-69,GCF_003334435.1,GCA_003334435.1,QOZB00000000.1,GCF_003334435.1_prophage_3,NZ_QOZB01000005.1,36710,48799,12090,0.0,Unknown
ECOR-69,GCF_003334435.1,GCA_003334435.1,QOZB00000000.1,GCF_003334435.1_prophage_1,NZ_QOZB01000022.1,8573,22644,14072,0.0,Myoviridae
ECOR-69,GCF_003334435.1,GCA_003334435.1,QOZB00000000.1,GCF_003334435.1_prophage_2,NZ_QOZB01000041.1,3,28167,28165,0.0,Myoviridae
ECOR-70,GCF_003333475.1,GCA_003333475.1,QOZC00000000.1,GCF_003333475.1_prophage_4,NZ_QOZC01000004.1,87668,122305,34638,0.0,Myoviridae
ECOR-70,GCF_003333475.1,GCA_003333475.1,QOZC00000000.1,GCF_003333475.1_prophage_1,NZ_QOZC01000013.1,96831,129508,32678,0.0,Siphoviridae
ECOR-70,GCF_003333475.1,GCA_003333475.1,QOZC00000000.1,GCF_003333475.1_prophage_2,NZ_QOZC01000025.1,1151,20823,19673,0.0,Podoviridae
ECOR-70,GCF_003333475.1,GCA_003333475.1,QOZC00000000.1,GCF_003333475.1_prophage_3,NZ_QOZC01000029.1,1,39146,39146,0.0,Siphoviridae
ECOR-71,GCF_003333385.1,GCA_003333385.1,QOZD00000000.1,GCF_003333385.1_prophage_7,NZ_QOZD01000004.1,256470,258245,1776,0.0,Unknown
ECOR-71,GCF_003333385.1,GCA_003333385.1,QOZD00000000.1,GCF_003333385.1_prophage_1,NZ_QOZD01000012.1,3,28547,28545,0.0,Myoviridae
ECOR-71,GCF_003333385.1,GCA_003333385.1,QOZD00000000.1,GCF_003333385.1_prophage_2,NZ_QOZD01000015.1,1260,26413,25154,0.0,Siphoviridae
ECOR-71,GCF_003333385.1,GCA_003333385.1,QOZD00000000.1,GCF_003333385.1_prophage_3,NZ_QOZD01000025.1,1306,18780,17475,0.0,Unknown
ECOR-71,GCF_003333385.1,GCA_003333385.1,QOZD00000000.1,GCF_003333385.1_prophage_4,NZ_QOZD01000028.1,3509,45354,41846,0.0,Siphoviridae
ECOR-71,GCF_003333385.1,GCA_003333385.1,QOZD00000000.1,GCF_003333385.1_prophage_5,NZ_QOZD01000030.1,41201,49047,7847,0.0,Unknown
ECOR-71,GCF_003333385.1,GCA_003333385.1,QOZD00000000.1,GCF_003333385.1_prophage_6,NZ_QOZD01000047.1,16720,27053,10334,0.0,Myoviridae / Podoviridae
ECOR-72,GCF_003334425.1,GCA_003334425.1,QOZE00000000.1,GCF_003334425.1_prophage_5,NZ_QOZE01000005.1,3186,13817,10632,0.0,Siphoviridae / Podoviridae
ECOR-72,GCF_003334425.1,GCA_003334425.1,QOZE00000000.1,GCF_003334425.1_prophage_6,NZ_QOZE01000007.1,206037,211692,5656,0.0,Myoviridae
ECOR-72,GCF_003334425.1,GCA_003334425.1,QOZE00000000.1,GCF_003334425.1_prophage_1,NZ_QOZE01000013.1,1,22749,22749,0.0,Myoviridae
ECOR-72,GCF_003334425.1,GCA_003334425.1,QOZE00000000.1,GCF_003334425.1_prophage_2,NZ_QOZE01000017.1,2744,17071,14328,0.0,Siphoviridae / Podoviridae
ECOR-72,GCF_003334425.1,GCA_003334425.1,QOZE00000000.1,GCF_003334425.1_prophage_3,NZ_QOZE01000021.1,858,20399,19542,0.0,Podoviridae
ECOR-72,GCF_003334425.1,GCA_003334425.1,QOZE00000000.1,GCF_003334425.1_prophage_4,NZ_QOZE01000031.1,1857,23982,22126,0.0,Siphoviridae
