bait_id	role	bait_class	clade_id	tier	module	length_bp	seq_sha256	source
NTMBAIT_0_0000_INTERIOR_MODULE_02	ntm_bait	interior_module	0_0000	A_strong_candidate	tail_tape_measure	1200	47f0ab667b375279d4c46a3547d8dc6848fdfc8c40e07f05c4b4c79fb38946ec	ntm/v2/bait/panel/baits.fa
NTMBAIT_0_0006_INTERIOR_MODULE_01	ntm_bait	interior_module	0_0006	A_strong_candidate	portal	1200	b2b6ae1bc520eafcc02ad9562588d1bdb7de2a3b3a62c2ecfa82fe07bbc6836b	ntm/v2/bait/panel/baits.fa
NTMBAIT_0_0019_INTERIOR_MODULE_01	ntm_bait	interior_module	0_0019	A_strong_candidate	capsid	1200	23d67c5a9032414687217b8a752c42f811a95e2d86740217ee44674f7a31fadf	ntm/v2/bait/panel/baits.fa
NTMBAIT_0_0023_INTERIOR_MODULE_01	ntm_bait	interior_module	0_0023	A_strong_candidate	terminase	1200	789f09d682625719f6522d68d55024f3cba66cea2a386ae4d20e1f966aed0999	ntm/v2/bait/panel/baits.fa
NTMBAIT_0_0038_INTERIOR_MODULE_01	ntm_bait	interior_module	0_0038	A_strong_candidate	portal	1200	2285acb8b75b9e6da81819a4f7d0367975441fc06bf03917ef0f0cb90fd1c036	ntm/v2/bait/panel/baits.fa
NTMBAIT_0_0049_INTERIOR_MODULE_01	ntm_bait	interior_module	0_0049	A_strong_candidate	portal	1200	29e3eb8a9c2796d8456bc69dc8cf5d2bd2c425e3731a500592d2ad6d3c4305d9	ntm/v2/bait/panel/baits.fa
NTMBAIT_0_0063_INTERIOR_MODULE_01	ntm_bait	interior_module	0_0063	A_strong_candidate	terminase	1200	a4bfdee269490d7e57f07981f6038b2a01038c213e9ff31cb2cce52fa969f45b	ntm/v2/bait/panel/baits.fa
NTMBAIT_0_0066_INTERIOR_MODULE_01	ntm_bait	interior_module	0_0066	A_strong_candidate	terminase	1200	164895259f31b95b155250fbac34bd2d2bf1d2c55b8e2978af606e4c2d12386e	ntm/v2/bait/panel/baits.fa
NTMBAIT_0_0073_INTERIOR_MODULE_01	ntm_bait	interior_module	0_0073	A_strong_candidate	portal	1200	1cbc4daee591536f2877455ac87a32cc84575150a48a784440f5085047d35101	ntm/v2/bait/panel/baits.fa
NTMBAIT_0_0077_INTERIOR_MODULE_01	ntm_bait	interior_module	0_0077	A_strong_candidate	terminase	1200	a5ed10e4f168a6d32cbbc6def63d435befe5779c0da2621069581ba6b68b8265	ntm/v2/bait/panel/baits.fa
NTMBAIT_0_0085_INTERIOR_MODULE_01	ntm_bait	interior_module	0_0085	A_strong_candidate	portal	1200	3669051cbafe14b747ec7c5550bc757de8ebf243d6647a4d0ae2e234504d1829	ntm/v2/bait/panel/baits.fa
NTMBAIT_0_0169_INTERIOR_MODULE_01	ntm_bait	interior_module	0_0169	A_strong_candidate	capsid	1200	851d98c74ec4c70f9ce5ea4f49c6ff72922ca2a120eb320dd618b9dea8f35d97	ntm/v2/bait/panel/baits.fa
NTMBAIT_0_0218_INTERIOR_MODULE_01	ntm_bait	interior_module	0_0218	A_strong_candidate	portal	1200	9a9991cd738a7ff089aa7556c214ddd251ad8f980000aded63e64260e9b40349	ntm/v2/bait/panel/baits.fa
NTMBAIT_0_0219_INTERIOR_MODULE_01	ntm_bait	interior_module	0_0219	A_strong_candidate	terminase	1200	a0d0e7f2a36658eb9b4bf69ee63db78566210d520d124b27dcf71eb7ae3f3365	ntm/v2/bait/panel/baits.fa
NTMBAIT_0_0021_MEMBER_INTERIOR_02	ntm_bait	member_interior	0_0021	A_strong_candidate	member_midpoint	1200	b417d94398152f54c99842ff1ff2bcf473ca20f5c48b77238d526f58acf0617f	ntm/v2/bait/panel/baits.fa
NTMBAIT_0_0024_JUNCTION_02	ntm_bait	junction	0_0024	B_moderate_candidate	partition_junction	1000	6bc77aaab707c5fdf63c584a024b2fc25318912b0f369132cac4337e0d1c55a9	ntm/v2/bait/panel/baits.fa
NTMBAIT_0_0073_JUNCTION_01	ntm_bait	junction	0_0073	A_strong_candidate	partition_junction	1000	a1d09af972042fca832b70472a8447312bf691cbcd162c582b0dd653ee6dc13c	ntm/v2/bait/panel/baits.fa
NTMBAIT_0_0000_JUNCTION_02	ntm_bait	junction	0_0000	A_strong_candidate	partition_junction	1000	ad94e22fe28796ab0c418476704d3a347de82048d5a8df92f19d1417dda1d34c	ntm/v2/bait/panel/baits.fa
NTMBAIT_0_0032_JUNCTION_02	ntm_bait	junction	0_0032	B_moderate_candidate	partition_junction	1000	dc018ea7ed8fbd5db64fef884a289774111733bf06343df632992d27249f30fd	ntm/v2/bait/panel/baits.fa
NTMBAIT_0_0032_JUNCTION_03	ntm_bait	junction	0_0032	B_moderate_candidate	partition_junction	1000	f1d630674a6e1a6d8b235cbc7f757b7e6b1641c1ef511228aaa3fd995f6159c8	ntm/v2/bait/panel/baits.fa
POSCON_D29_AF022214_2_MID1200	positive_control	control_public_reference				1200	89747507e6a93f08819efa0d7a1b0da4d32af3de8d7f3af22194109767136bb3	ext_panel:PHPUB-000587:AF022214.2[23963:25163] len=49127
POSCON_L5_NC_001335_1_MID1200	positive_control	control_public_reference				1200	d12a3cfa8459cd49528555933e6dc31dbe9b07e8fa2c61a02197e0a2182bb43d	ext_panel:PHPUB-001403:NC_001335.1[25548:26748] len=52297
NTMBAIT_SHUF_CONTROL_01	negative_control	control_shuffled_negative				1200	8db03e834792aeefcbd71d8cbff0633e585d1c0da485b8efa6ce7af972dd4199	ntm/v2/bait/panel/baits.fa
NTMBAIT_SHUF_CONTROL_02	negative_control	control_shuffled_negative				1200	061d93f71189825f93c0ba7994c0a2e03fb0926253f17b97763e90e2433d3f76	ntm/v2/bait/panel/baits.fa
