bait_id	bait_class	clade_id	genome_id	member_prophage_id	contig	start	end	length_bp	n_kmers_total	n_ambiguous	n_low_complexity	n_host_like	n_internal_dup	n_usable_kmers	seq_sha256	status	reason
NTMBAIT_0_0000_INTERIOR_MODULE_01	interior_module	0_0000	ntm2_0_0000_ML		ntm2_0_0000_ML	38093	39292	1200	1170	0	0	501	0		690bc38dc1bd5180429e0e51cc80e7b93ad7d44b8b82629867a19e43aa1a3d28	rejected	host_like_frac>0.1:0.428
NTMBAIT_0_0000_INTERIOR_MODULE_03	interior_module	0_0000	ntm2_0_0000_ML		ntm2_0_0000_ML	6893	8092	1200	1170	0	0	471	0		a47b89b6f6da0d31c84dde1da87d85697c3fb28082f6828bd08e38621ea8cfc1	rejected	host_like_frac>0.1:0.403
NTMBAIT_0_0000_JUNCTION_01	junction	0_0000	ntm2_0_0000_ML		ntm2_0_0000_ML	144594	145593	1000	970	0	0	162	0		dab721b35c0446647fde8deb2b37ba23e3bb2cd2c1be8190a3493bb8a55ae959	rejected	host_like_frac>0.1:0.167
NTMBAIT_0_0000_JUNCTION_03	junction	0_0000	ntm2_0_0000_ML		ntm2_0_0000_ML	128460	129459	1000	970	0	0	410	12		2783a5356b0e7bedc11bb6d3c4abf3a1065fd80b4d95a3b0e4cdd4b011e77c1f	rejected	host_like_frac>0.1:0.423
NTMBAIT_0_0001_JUNCTION_03	junction	0_0001	ntm2_0_0001_ML		ntm2_0_0001_ML	4407	5406	1000	970	0	0	0	0	970	a81239ed74696c39d694e3721c91733cff8e25f081e37adb4902252aa49d0b58	rejected	cross_bait_kmer_dup:0.765
NTMBAIT_0_0004_INTERIOR_MODULE_01	interior_module	0_0004	ntm2_0_0004_ML		ntm2_0_0004_ML	41464	42663	1200	1170	0	0	745	0		99987e4ad98e175fe09b77da7d76f13861f3f49126927e54974955675ac8fe1e	rejected	host_like_frac>0.1:0.637
NTMBAIT_0_0004_INTERIOR_MODULE_02	interior_module	0_0004	ntm2_0_0004_ML		ntm2_0_0004_ML	39903	41102	1200	1170	0	0	764	0		22ff9a09c6e6068f06569ffca0307b8191f93d869331d20803fdf831c140513a	rejected	host_like_frac>0.1:0.653
NTMBAIT_0_0004_INTERIOR_MODULE_03	interior_module	0_0004	ntm2_0_0004_ML		ntm2_0_0004_ML	5085	6284	1200	1170	0	0	742	0		ec2123c259e1351ec4114765858f653789ee3eff76639465c7c078d019a1022d	rejected	host_like_frac>0.1:0.634
NTMBAIT_0_0004_JUNCTION_01	junction	0_0004	ntm2_0_0004_ML		ntm2_0_0004_ML	24409	25408	1000	970	0	37	870	0		ab46683a190556f602e21f31601e449352645e59d13c32c285c18f50882eabe5	rejected	host_like_frac>0.1:0.897
NTMBAIT_0_0004_JUNCTION_02	junction	0_0004	ntm2_0_0004_ML		ntm2_0_0004_ML	23849	24848	1000	970	0	0	675	0		4cb9b54926ff5d888d2592988fc8039c8eb70f410b34a4b63a12dfe0613c21d7	rejected	host_like_frac>0.1:0.696
NTMBAIT_0_0004_JUNCTION_03	junction	0_0004	ntm2_0_0004_ML		ntm2_0_0004_ML	5946	6945	1000	970	0	0	940	0		dbfe1ec78848433533afe98af93a8d456c7b18e34cabdfe14c60f928e62014ef	rejected	host_like_frac>0.1:0.969
NTMBAIT_0_0004_MEMBER_INTERIOR_01	member_interior	0_0004	ntm2_0_0004_ML	GCA_900453225.1_46941_C01_genomic_prophage2	GCA_900453225.1_46941_C01_genomic_prophage2	16722	17921	1200	1170	0	0	805	0		30436d6756a1751873bdafff4a3c7183ceedfea551fcc82d8f636a8dbb1b45a0	rejected	host_like_frac>0.1:0.688
NTMBAIT_0_0004_MEMBER_INTERIOR_02	member_interior	0_0004	ntm2_0_0004_ML	GCF_047738595.1_ASM4773859v1_genomic_prophage1	GCF_047738595.1_ASM4773859v1_genomic_prophage1	999	2198	1200	1170	0	0	1170	0		fb6d91a8646d5cb2866939c675657260f5974cc22bad979441a70e5d47a3a59a	rejected	host_like_frac>0.1:1.000
NTMBAIT_0_0006_INTERIOR_MODULE_03	interior_module	0_0006	ntm2_0_0006_ML		ntm2_0_0006_ML	2991	4190	1200	1170	0	0	225	0		44f02b8fe2622e4986fadc9e86ff770194eafbd73c4b729cf398ce071d86ccd6	rejected	host_like_frac>0.1:0.192
NTMBAIT_0_0006_JUNCTION_02	junction	0_0006	ntm2_0_0006_ML		ntm2_0_0006_ML	12950	13949	1000	970	0	0	243	0		65eb4449b78869007e23368a3a48a74c453b1698fb9ca803c3661be700beaed9	rejected	host_like_frac>0.1:0.251
NTMBAIT_0_0006_JUNCTION_03	junction	0_0006	ntm2_0_0006_ML		ntm2_0_0006_ML	12453	13452	1000	970	0	0	216	0		c7567dea76e056bb1bd47ab726c9a2329d273ceacd6a8cff72132802624f4e6e	rejected	host_like_frac>0.1:0.223
NTMBAIT_0_0019_INTERIOR_MODULE_03	interior_module	0_0019	ntm2_0_0019_ML		ntm2_0_0019_ML	4565	5764	1200	1170	0	0	667	0		71cc6c4f14094639d027f614ae8a502d4adb7a1fd2d8e97ad21a9bd25c2517a6	rejected	host_like_frac>0.1:0.570
NTMBAIT_0_0019_JUNCTION_01	junction	0_0019	ntm2_0_0019_ML		ntm2_0_0019_ML	16002	17001	1000	970	0	0	467	0		cfc7dab7abdb5d7011c285330f8b978087f9ee2cbbe8bbc3a70aae2d2159ad86	rejected	host_like_frac>0.1:0.481
NTMBAIT_0_0019_JUNCTION_02	junction	0_0019	ntm2_0_0019_ML		ntm2_0_0019_ML	29378	30377	1000	970	0	0	296	0		fb0226e356fcac91c9170c216135cef6e1bd3c974f2a5b8fa00d3fc992838381	rejected	host_like_frac>0.1:0.305
NTMBAIT_0_0019_JUNCTION_03	junction	0_0019	ntm2_0_0019_ML		ntm2_0_0019_ML	25983	26982	1000	970	0	0	434	0		cd5e73f03f139ffa1ec56c2ea86c33be6dbae37da7aea8b10d97cf85d29c5bfe	rejected	host_like_frac>0.1:0.447
NTMBAIT_0_0019_MEMBER_INTERIOR_01	member_interior	0_0019	ntm2_0_0019_ML	GCA_035967875.1_ASM3596787v1_genomic_prophage4	GCA_035967875.1_ASM3596787v1_genomic_prophage4	7914	9113	1200	1170	0	0	1170	0		d51ac98f412c48211aeaaf838e883f6b1cd86f5f3917bf995eb9f85e690a0361	rejected	host_like_frac>0.1:1.000
NTMBAIT_0_0019_MEMBER_INTERIOR_02	member_interior	0_0019	ntm2_0_0019_ML	GCA_001853965.1_ASM185396v1_genomic_prophage1	GCA_001853965.1_ASM185396v1_genomic_prophage1	17604	18803	1200	1170	0	0	0	0	1170	35b919c12a59781b8b1b671aa04579a16ec22735a889694b357a8b91da03845a	rejected	cross_bait_kmer_dup:0.568
NTMBAIT_0_0021_INTERIOR_MODULE_01	interior_module	0_0021	ntm2_0_0021_ML		ntm2_0_0021_ML	13186	14385	1200	1170	0	0	358	0		51b4362a67f03654ce5cf1314bc5dd805a52cf942611425dac7a393023839e18	rejected	host_like_frac>0.1:0.306
NTMBAIT_0_0021_INTERIOR_MODULE_02	interior_module	0_0021	ntm2_0_0021_ML		ntm2_0_0021_ML	20747	21946	1200	1170	0	0	451	0		f6a0154554c97b609f6b62e649ccba62715e3adf2f1eedaf32e86a1eb81e274d	rejected	host_like_frac>0.1:0.385
NTMBAIT_0_0021_INTERIOR_MODULE_03	interior_module	0_0021	ntm2_0_0021_ML		ntm2_0_0021_ML	47456	48655	1200	1170	0	0	329	0		892a504168f9a3e8437fdeedc1a7da86eb82eb9a1d98c78455fafe860a23f261	rejected	host_like_frac>0.1:0.281
NTMBAIT_0_0021_JUNCTION_01	junction	0_0021	ntm2_0_0021_ML		ntm2_0_0021_ML	5071	6070	1000	970	0	0	207	0		2316ef9cc30064d2e59c2ca8d869165a3dbbfe292bef6cde6421d4c0639cfba0	rejected	host_like_frac>0.1:0.213
NTMBAIT_0_0021_JUNCTION_02	junction	0_0021	ntm2_0_0021_ML		ntm2_0_0021_ML	22288	23287	1000	970	0	0	415	0		cd2fd416c17b009adee9c83fb1ac0be2fdbffc5fb7c3b5925a97e3f713c37686	rejected	host_like_frac>0.1:0.428
NTMBAIT_0_0021_JUNCTION_03	junction	0_0021	ntm2_0_0021_ML		ntm2_0_0021_ML	6221	7220	1000	970	0	0	272	0		e0defcd310b5442326b05140956d6a295790c945245f7b2af848032f11e3a491	rejected	host_like_frac>0.1:0.280
NTMBAIT_0_0021_MEMBER_INTERIOR_01	member_interior	0_0021	ntm2_0_0021_ML	GCA_900140805.1_10702_1_42_genomic_prophage3	GCA_900140805.1_10702_1_42_genomic_prophage3	17524	18723	1200	1170	0	0	405	0		b722a1b72cda308cc1bc8684f0eb24aa4cf81b69b6719f754e00d2c5a8261a5f	rejected	host_like_frac>0.1:0.346
NTMBAIT_0_0023_JUNCTION_01	junction	0_0023	ntm2_0_0023_ML		ntm2_0_0023_ML	734	1733	1000	970	0	0	17	0	953	d4238250c0069102088578e2c948bfd491507c37ca2f818ff0fffbd0df9329a3	rejected	cross_bait_kmer_dup:0.742
NTMBAIT_0_0024_JUNCTION_01	junction	0_0024	ntm2_0_0024_ML		ntm2_0_0024_ML	58339	59338	1000	970	0	0	130	0		730f19f420b7b40721572f74fd0428ae64c1b9f4084edb02e5d43507d4e45477	rejected	host_like_frac>0.1:0.134
NTMBAIT_0_0024_JUNCTION_03	junction	0_0024	ntm2_0_0024_ML		ntm2_0_0024_ML	37556	38555	1000	970	0	0	495	0		9c88fd5e338d2824db5cc667f11efacae5052801205d1677fb6b253e63799170	rejected	host_like_frac>0.1:0.510
NTMBAIT_0_0024_MEMBER_INTERIOR_01	member_interior	0_0024	ntm2_0_0024_ML	GCA_001296425.1_ASM129642v1_genomic_prophage4	GCA_001296425.1_ASM129642v1_genomic_prophage4	17813	19012	1200	1170	0	0	199	0		712da258ae31b1ade897a7e9157e1a388d0bbb59fd8d0b86e247bd6ccd60c3c5	rejected	host_like_frac>0.1:0.170
NTMBAIT_0_0025_INTERIOR_MODULE_01	interior_module	0_0025	ntm2_0_0025_ML		ntm2_0_0025_ML	15089	16288	1200	1170	0	0	696	0		b9611f3a39b7895d7244bc5ee0d4ad2004e2472b31fa3d63d1afcf1414965238	rejected	host_like_frac>0.1:0.595
NTMBAIT_0_0025_INTERIOR_MODULE_02	interior_module	0_0025	ntm2_0_0025_ML		ntm2_0_0025_ML	22517	23716	1200	1170	0	0	717	0		31ed072845670ee74be820b3e8781fce6cae1fab3e339d83dede5c4040a9ba19	rejected	host_like_frac>0.1:0.613
NTMBAIT_0_0025_JUNCTION_01	junction	0_0025	ntm2_0_0025_ML		ntm2_0_0025_ML	11140	12139	1000	970	0	0	470	0		b1e8fe78a3337aaa2e04315b67b9af8da077dfeed0857eaafe9bd47a5ed53bb4	rejected	host_like_frac>0.1:0.485
NTMBAIT_0_0025_JUNCTION_02	junction	0_0025	ntm2_0_0025_ML		ntm2_0_0025_ML	4040	5039	1000	970	0	0	818	0		49fec3f42173fa8fe99ef516b767ae65051c9452335ab2b7016657675511932e	rejected	host_like_frac>0.1:0.843
NTMBAIT_0_0025_MEMBER_INTERIOR_02	member_interior	0_0025	ntm2_0_0025_ML	GCA_900133755.1_12163_1_26_genomic_prophage3	GCA_900133755.1_12163_1_26_genomic_prophage3	5437	6636	1200	1170	0	0	1170	0		81a891897b0fe6dce8716ad72bc1449524aa13f1a30550bdb207df747678b472	rejected	host_like_frac>0.1:1.000
NTMBAIT_0_0032_INTERIOR_MODULE_03	interior_module	0_0032	ntm2_0_0032_ML		ntm2_0_0032_ML	37439	38638	1200	1170	0	0	157	0		8c246cbdc3d5302b0df69d45a60f7917034e019271262d55729fbbf6692d941d	rejected	host_like_frac>0.1:0.134
NTMBAIT_0_0032_JUNCTION_01	junction	0_0032	ntm2_0_0032_ML		ntm2_0_0032_ML	919	1918	1000	970	0	0	63	0	907	4909f4a94a7ba26395d711bc41b2a0fad6807051a2023df547847ccd5eefc406	rejected	cross_bait_kmer_dup:0.802
NTMBAIT_0_0032_MEMBER_INTERIOR_02	member_interior	0_0032	ntm2_0_0032_ML	GCA_002801525.1_ASM280152v1_genomic_prophage3	GCA_002801525.1_ASM280152v1_genomic_prophage3	2111	3310	1200	1170	0	0	841	0		7061825211f06d423881213761771293aacae108740b1b7ce4a714d93646bace	rejected	host_like_frac>0.1:0.719
NTMBAIT_0_0038_INTERIOR_MODULE_02	interior_module	0_0038	ntm2_0_0038_ML		ntm2_0_0038_ML	21561	22760	1200	1170	0	0	298	0		8edbb843d3cec3c7735e938e04b60ca720e2b686b8ba3066b5c59b30bbcc0a26	rejected	host_like_frac>0.1:0.255
NTMBAIT_0_0038_JUNCTION_01	junction	0_0038	ntm2_0_0038_ML		ntm2_0_0038_ML	1500	2499	1000	970	0	0	335	0		e314898e430542a32d9345779fb9699bcff3bd646c27b1434d1dbc8566cfd2bb	rejected	host_like_frac>0.1:0.345
NTMBAIT_0_0038_JUNCTION_03	junction	0_0038	ntm2_0_0038_ML		ntm2_0_0038_ML	708	1707	1000	970	0	0	222	0		e0f582f02173bbaa08ee89ff32db3ea33ae72f877683ddbd06ffefea0f1f086c	rejected	host_like_frac>0.1:0.229
NTMBAIT_0_0049_INTERIOR_MODULE_03	interior_module	0_0049	ntm2_0_0049_ML		ntm2_0_0049_ML	1	1200	1200	1170	0	0	250	0		2605f84801bcc9e06a9118cab72e314fe764717c980b37ac148515eb1b75490d	rejected	host_like_frac>0.1:0.214
NTMBAIT_0_0049_JUNCTION_01	junction	0_0049	ntm2_0_0049_ML		ntm2_0_0049_ML	9501	10500	1000	970	0	0	314	0		faee7632fc160ab7e60c7ec56182a34716e0512649eadca16a2f675e243bb75c	rejected	host_like_frac>0.1:0.324
NTMBAIT_0_0049_JUNCTION_02	junction	0_0049	ntm2_0_0049_ML		ntm2_0_0049_ML	6001	7000	1000	970	0	0	314	0		dd0e659bdecc19a131817de5d26bbaa9ea3a6c6026003c50b3a317a12d77e2c6	rejected	host_like_frac>0.1:0.324
NTMBAIT_0_0049_JUNCTION_03	junction	0_0049	ntm2_0_0049_ML		ntm2_0_0049_ML	501	1500	1000	970	0	0	248	0		f462953dc844d657a991234449c5c28613f541a587936b2dbffcd13c7ecedcb3	rejected	dominated_nonphage_markers
NTMBAIT_0_0049_MEMBER_INTERIOR_02	member_interior	0_0049	ntm2_0_0049_ML	GCF_000271005.1_ASM27100v1_genomic_prophage2	GCF_000271005.1_ASM27100v1_genomic_prophage2	19262	20461	1200	1170	0	0	0	0	1170	0762f21e508c6edeec43447be669776b3c2002f5cc2784a9b2632193ed2b4cbd	rejected	duplicate_sequence
NTMBAIT_0_0063_JUNCTION_02	junction	0_0063	ntm2_0_0063_ML		ntm2_0_0063_ML	6001	7000	1000	970	0	0	58	0		e0aa57ce816859b93c59841a441788c57b952648c7931e0a05b64284c01fac18	rejected	dominated_nonphage_markers
NTMBAIT_0_0063_JUNCTION_03	junction	0_0063	ntm2_0_0063_ML		ntm2_0_0063_ML	501	1500	1000	970	0	0	14	0	956	c7ddaebc52b188d0056c700001b15df6a5e9ac1a4e5703bdf3a2ded1ea7c2b17	rejected	cross_bait_kmer_dup:0.691
NTMBAIT_0_0063_MEMBER_INTERIOR_02	member_interior	0_0063	ntm2_0_0063_ML	GCA_900131535.1_11893_6_45_genomic_prophage2	GCA_900131535.1_11893_6_45_genomic_prophage2	19823	21022	1200	1170	0	0	0	0	1170	18182a2aca0d0f1d6f5aeb2b177575b119b5d1c7e3eda48aaa5464491081516e	rejected	duplicate_sequence
NTMBAIT_0_0066_MEMBER_INTERIOR_02	member_interior	0_0066	ntm2_0_0066_ML	GCA_049241375.1_Jessa_Mwolja_1.0_genomic_prophage1	GCA_049241375.1_Jessa_Mwolja_1.0_genomic_prophage1	20006	21205	1200	1170	0	0	0	0	1170	382f290348410ad8677a1e8883e23b9753f185e3a92537d688632ae260e63252	rejected	cross_bait_kmer_dup:0.997
NTMBAIT_0_0073_JUNCTION_02	junction	0_0073	ntm2_0_0073_ML		ntm2_0_0073_ML	33954	34953	1000	970	0	0	98	0		94cb14795057487430855ed3d7eb240a46aaaf63d794099f42de21618fdaacb4	rejected	host_like_frac>0.1:0.101
NTMBAIT_0_0073_JUNCTION_03	junction	0_0073	ntm2_0_0073_ML		ntm2_0_0073_ML	501	1500	1000	970	0	0	25	0		0e3983b86da94be67ac98addb064b5d88a68ac411d20ca221bea5d2adb2d0f36	rejected	dominated_nonphage_markers
NTMBAIT_0_0073_MEMBER_INTERIOR_01	member_interior	0_0073	ntm2_0_0073_ML	GCA_001296325.1_ASM129632v1_genomic_prophage1	GCA_001296325.1_ASM129632v1_genomic_prophage1	18979	20178	1200	1170	0	0	0	0	1170	3aa6edebc61ee3507af747c1499c43dcd9f9f0bbba40de8f60ea1a6b64ddb77a	rejected	cross_bait_kmer_dup:0.536
NTMBAIT_0_0073_MEMBER_INTERIOR_02	member_interior	0_0073	ntm2_0_0073_ML	GCA_001677135.1_ASM167713v1_genomic_prophage3	GCA_001677135.1_ASM167713v1_genomic_prophage3	19627	20826	1200	1170	0	0	0	3	1167	ba71ee2bf0109ac28de97e1d2ae33e641cbe507380028fe364d45112fc4ecfb3	rejected	cross_bait_kmer_dup:0.723
NTMBAIT_0_0077_INTERIOR_GENERIC_01	interior_generic	0_0077	ntm2_0_0077_ML		ntm2_0_0077_ML	8033	9232	1200	1170	0	0	455	0		817c53226f44073df8ffc4ae0a068ddbff676f72a21cb79d0f031284e17f9611	rejected	host_like_frac>0.1:0.389
NTMBAIT_0_0077_JUNCTION_01	junction	0_0077	ntm2_0_0077_ML		ntm2_0_0077_ML	9501	10500	1000	970	0	0	100	0		ca5b611c027196079d39989e19b2ee7934c0ecd12fe0a5524fcdaeca53ef0c2e	rejected	host_like_frac>0.1:0.103
NTMBAIT_0_0077_MEMBER_INTERIOR_02	member_interior	0_0077	ntm2_0_0077_ML	GCA_002013425.1_ASM201342v1_genomic_prophage1	GCA_002013425.1_ASM201342v1_genomic_prophage1	16666	17865	1200	1170	0	0	0	0	1170	4041914a5fa2d67b2982e7d7087ffd5ad8e04e40cd01e236483fc1709301c814	rejected	duplicate_sequence
NTMBAIT_0_0085_MEMBER_INTERIOR_02	member_interior	0_0085	ntm2_0_0085_ML	GCA_900133725.1_12163_1_17_genomic_prophage2	GCA_900133725.1_12163_1_17_genomic_prophage2	21326	22525	1200	1170	0	0	3	0	1167	157670c265e41ab43b5a0403e38a0742b8d92f0133443c0f7f16ebc28afdc1aa	rejected	duplicate_sequence
NTMBAIT_0_0169_MEMBER_INTERIOR_02	member_interior	0_0169	ntm2_0_0169_ML	GCA_002013815.1_ASM201381v1_genomic_prophage2	GCA_002013815.1_ASM201381v1_genomic_prophage2	21979	23178	1200	1170	0	0	0	0	1170	d3d1f746efa90928361c173906f51ef74c3ff5fabfcdcf7ddf3c0f6f23f18895	rejected	cross_bait_kmer_dup:0.911
NTMBAIT_0_0218_MEMBER_INTERIOR_01	member_interior	0_0218	ntm2_0_0218_ML	GCA_046643285.1_ASM4664328v1_genomic_prophage4	GCA_046643285.1_ASM4664328v1_genomic_prophage4	2169	3368	1200	1170	0	0	811	0		fb181c5dbd6d6d12c813e009a40a40058f0d36a6ff99bf01682cec5d7cd6139c	rejected	host_like_frac>0.1:0.693
NTMBAIT_0_0219_MEMBER_INTERIOR_02	member_interior	0_0219	ntm2_0_0219_ML	GCA_053483535.1_ASM5348353v1_genomic_prophage2	GCA_053483535.1_ASM5348353v1_genomic_prophage2	20062	21261	1200	1170	0	0	0	0	1170	843bd389353c2050aa1bf69abb8e5c96ba63e3e2da39e36d0c95184a1fc04436	rejected	cross_bait_kmer_dup:0.702
NTMBAIT_0_0000_INTERIOR_MODULE_02	interior_module	0_0000	ntm2_0_0000_ML		ntm2_0_0000_ML	17561	18760	1200	1170	0	0	0	0	1170	47f0ab667b375279d4c46a3547d8dc6848fdfc8c40e07f05c4b4c79fb38946ec	accepted	accepted
NTMBAIT_0_0000_JUNCTION_02	junction	0_0000	ntm2_0_0000_ML		ntm2_0_0000_ML	106755	107754	1000	970	0	0	51	0	919	ad94e22fe28796ab0c418476704d3a347de82048d5a8df92f19d1417dda1d34c	accepted	accepted
NTMBAIT_0_0000_MEMBER_INTERIOR_01	member_interior	0_0000	ntm2_0_0000_ML	GCA_900138355.1_11893_7_48_genomic_prophage2	GCA_900138355.1_11893_7_48_genomic_prophage2	13227	14426	1200	1170	0	0	0	0	1170	0995d866bc6444c5a1b9c197fbc2dbdeb8c67e0f74b7431bd779151fb0bd0b60	accepted	accepted
NTMBAIT_0_0000_MEMBER_INTERIOR_02	member_interior	0_0000	ntm2_0_0000_ML	GCA_900141045.1_10702_1_66_genomic_prophage6	GCA_900141045.1_10702_1_66_genomic_prophage6	12503	13702	1200	1170	0	0	0	0	1170	51ec814d39aa54853e810921830f7bd1ca2dd5877b6a344bb100fc3811fe2723	accepted	accepted
NTMBAIT_0_0001_INTERIOR_GENERIC_01	interior_generic	0_0001	ntm2_0_0001_ML		ntm2_0_0001_ML	11993	13192	1200	1170	0	0	0	0	1170	9418a624e74bf1d3a5c9242c642d5cd2597a7f4a837370b12766b5e76b763b52	accepted	accepted
NTMBAIT_0_0001_INTERIOR_MODULE_01	interior_module	0_0001	ntm2_0_0001_ML		ntm2_0_0001_ML	27134	28333	1200	1170	0	0	8	0	1162	c0dc593d28cf4dfea493e17c8ff07e0bff88d6f50d270e0b6a9c905d382a505c	accepted	accepted
NTMBAIT_0_0001_INTERIOR_MODULE_02	interior_module	0_0001	ntm2_0_0001_ML		ntm2_0_0001_ML	39936	41135	1200	1170	0	0	86	0	1084	73ba9f998c61870f2281dd3227940d903e0c5085dc1a375b0acf379ba6cca1c0	accepted	accepted
NTMBAIT_0_0001_JUNCTION_01	junction	0_0001	ntm2_0_0001_ML		ntm2_0_0001_ML	24099	25098	1000	970	0	0	0	0	970	2ea8debf41eedc3355350fd5b7e26845411e6e57357e5d2449cd60a3146b475e	accepted	accepted
NTMBAIT_0_0001_JUNCTION_02	junction	0_0001	ntm2_0_0001_ML		ntm2_0_0001_ML	4179	5178	1000	970	0	0	0	0	970	b81a3df8072718b96b71042be602013dd7b3d2b1573bd2522e228cd2034c4989	accepted	accepted
NTMBAIT_0_0001_MEMBER_INTERIOR_01	member_interior	0_0001	ntm2_0_0001_ML	GCA_015023815.1_ASM1502381v1_genomic_prophage1	GCA_015023815.1_ASM1502381v1_genomic_prophage1	13635	14834	1200	1170	0	0	0	0	1170	4afd83870c070f0d1e6fa480c53aad9675c6aa71f29a4ba9b2c5699a437201c6	accepted	accepted
NTMBAIT_0_0001_MEMBER_INTERIOR_02	member_interior	0_0001	ntm2_0_0001_ML	GCA_030341955.1_ASM3034195v1_genomic_prophage1	GCA_030341955.1_ASM3034195v1_genomic_prophage1	5418	6617	1200	1170	0	0	0	0	1170	5c30fb95cda388978bb9fca418a249a3b1ee8bf9e8f833054ce2c1df2c6c2250	accepted	accepted
NTMBAIT_0_0006_INTERIOR_MODULE_01	interior_module	0_0006	ntm2_0_0006_ML		ntm2_0_0006_ML	26695	27894	1200	1170	0	0	20	0	1150	b2b6ae1bc520eafcc02ad9562588d1bdb7de2a3b3a62c2ecfa82fe07bbc6836b	accepted	accepted
NTMBAIT_0_0006_INTERIOR_MODULE_02	interior_module	0_0006	ntm2_0_0006_ML		ntm2_0_0006_ML	7546	8745	1200	1170	0	0	98	0	1072	426f7555a7389fd441f359d935db963313bc1b6e76b08e17d6c71bddfc5390d3	accepted	accepted
NTMBAIT_0_0006_JUNCTION_01	junction	0_0006	ntm2_0_0006_ML		ntm2_0_0006_ML	20413	21412	1000	970	0	0	29	0	941	d583b1bc58c07f5e84cd8bc0bf7f5ce5b99da5eea2892ab061bd176ed369c198	accepted	accepted
NTMBAIT_0_0006_MEMBER_INTERIOR_01	member_interior	0_0006	ntm2_0_0006_ML	GCA_900132875.1_11861_7_83_genomic_prophage1	GCA_900132875.1_11861_7_83_genomic_prophage1	13601	14800	1200	1170	0	0	0	0	1170	f20a0eef20292afe3ef84c3c4cd38440b757f82da64a3e978444d41a663130b3	accepted	accepted
NTMBAIT_0_0006_MEMBER_INTERIOR_02	member_interior	0_0006	ntm2_0_0006_ML	GCA_900141075.1_10702_1_72_genomic_prophage1	GCA_900141075.1_10702_1_72_genomic_prophage1	7195	8394	1200	1170	0	0	78	0	1092	dbd7d3bc4861d4b7ddb11f3764d22db16f16127f3e9e63f6bd0f8b503566bc43	accepted	accepted
NTMBAIT_0_0019_INTERIOR_MODULE_01	interior_module	0_0019	ntm2_0_0019_ML		ntm2_0_0019_ML	60713	61912	1200	1170	0	0	0	0	1170	23d67c5a9032414687217b8a752c42f811a95e2d86740217ee44674f7a31fadf	accepted	accepted
NTMBAIT_0_0019_INTERIOR_MODULE_02	interior_module	0_0019	ntm2_0_0019_ML		ntm2_0_0019_ML	44921	46120	1200	1170	0	0	19	0	1151	48f233cadf98c57e56fe238a930cbb14fdc3c12d31d33c45f71e59478ae772b3	accepted	accepted
NTMBAIT_0_0021_MEMBER_INTERIOR_02	member_interior	0_0021	ntm2_0_0021_ML	GCA_900136475.1_10208_3_69_genomic_prophage3	GCA_900136475.1_10208_3_69_genomic_prophage3	21272	22471	1200	1170	0	0	0	0	1170	b417d94398152f54c99842ff1ff2bcf473ca20f5c48b77238d526f58acf0617f	accepted	accepted
NTMBAIT_0_0023_INTERIOR_MODULE_01	interior_module	0_0023	ntm2_0_0023_ML		ntm2_0_0023_ML	3303	4502	1200	1170	0	0	0	0	1170	789f09d682625719f6522d68d55024f3cba66cea2a386ae4d20e1f966aed0999	accepted	accepted
NTMBAIT_0_0023_INTERIOR_MODULE_02	interior_module	0_0023	ntm2_0_0023_ML		ntm2_0_0023_ML	29317	30516	1200	1170	0	0	0	0	1170	6a4a466aaca3730eca2ed759b04cbd8910ab22e14e70c7e5fb751126994e7883	accepted	accepted
NTMBAIT_0_0023_INTERIOR_MODULE_03	interior_module	0_0023	ntm2_0_0023_ML		ntm2_0_0023_ML	984	2183	1200	1170	0	0	17	0	1153	53d0c8220a88ad2dd6c6831cbe1adf516be4cdc458e266cdb3dc7058f2c66382	accepted	accepted
NTMBAIT_0_0023_JUNCTION_02	junction	0_0023	ntm2_0_0023_ML		ntm2_0_0023_ML	5781	6780	1000	970	0	0	0	0	970	5043ff90b668078ff28bef273183c1c5813a394c9247037742672aa1f2148a55	accepted	accepted
NTMBAIT_0_0023_JUNCTION_03	junction	0_0023	ntm2_0_0023_ML		ntm2_0_0023_ML	7508	8507	1000	970	0	0	2	0	968	86e78a6a84d8d0d0aa6294c17aaf2e727cc8f3be5b874c18dc482cf33ccd5f69	accepted	accepted
NTMBAIT_0_0023_MEMBER_INTERIOR_01	member_interior	0_0023	ntm2_0_0023_ML	GCA_001853945.1_ASM185394v1_genomic_prophage3	GCA_001853945.1_ASM185394v1_genomic_prophage3	9378	10577	1200	1170	0	0	44	0	1126	9054c438d253e542315f5e06989b1fdb6403da0d6fe0903bfd73fc56ab0baba1	accepted	accepted
NTMBAIT_0_0023_MEMBER_INTERIOR_02	member_interior	0_0023	ntm2_0_0023_ML	GCA_016446375.1_ASM1644637v1_genomic_prophage1	GCA_016446375.1_ASM1644637v1_genomic_prophage1	17260	18459	1200	1170	0	0	5	0	1165	bd02fcf2ec280bbe5e6cec265946c8d4dbd1b02492293db6bd657a89e207aec4	accepted	accepted
NTMBAIT_0_0024_INTERIOR_MODULE_01	interior_module	0_0024	ntm2_0_0024_ML		ntm2_0_0024_ML	49722	50921	1200	1170	0	0	38	0	1132	b808647626f1585fba1e8e09dc13b1ed7f962beeef7222d334dcd9d96859c914	accepted	accepted
NTMBAIT_0_0024_INTERIOR_MODULE_02	interior_module	0_0024	ntm2_0_0024_ML		ntm2_0_0024_ML	7695	8894	1200	1170	0	0	0	68	1102	6bf4973a991de468884edac3f89916fa2cf4b4648d1fc48509501cfe48ed80ab	accepted	accepted
NTMBAIT_0_0024_INTERIOR_MODULE_03	interior_module	0_0024	ntm2_0_0024_ML		ntm2_0_0024_ML	1	1200	1200	1170	0	0	38	0	1132	363808ca99b5d1218838eeed9cfda1df3b31cb1e7a7e2cc312af8b9427a822af	accepted	accepted
NTMBAIT_0_0024_JUNCTION_02	junction	0_0024	ntm2_0_0024_ML		ntm2_0_0024_ML	45704	46703	1000	970	0	0	41	0	929	6bc77aaab707c5fdf63c584a024b2fc25318912b0f369132cac4337e0d1c55a9	accepted	accepted
NTMBAIT_0_0024_MEMBER_INTERIOR_02	member_interior	0_0024	ntm2_0_0024_ML	GCA_001296325.1_ASM129632v1_genomic_prophage3	GCA_001296325.1_ASM129632v1_genomic_prophage3	23844	25043	1200	1170	0	0	0	0	1170	78a93b10e6aef96081e40380a131c6a639d975a2ea318f00ce16489187d20f80	accepted	accepted
NTMBAIT_0_0025_INTERIOR_MODULE_03	interior_module	0_0025	ntm2_0_0025_ML		ntm2_0_0025_ML	5758	6957	1200	1170	0	0	0	0	1170	e0ed6bd9884d1e2c69f47646927889ad4711b22ba6eb8bf932b6fe01b58e67be	accepted	accepted
NTMBAIT_0_0025_JUNCTION_03	junction	0_0025	ntm2_0_0025_ML		ntm2_0_0025_ML	9636	10635	1000	970	0	0	0	0	970	f15e2c6f35c2a84fe74bfdedbe3f5096ddf0cc2a38060a4cb1b96f7fb929ef3b	accepted	accepted
NTMBAIT_0_0025_MEMBER_INTERIOR_01	member_interior	0_0025	ntm2_0_0025_ML	GCA_049066685.1_ASM4906668v1_genomic_prophage2	GCA_049066685.1_ASM4906668v1_genomic_prophage2	10190	11389	1200	1170	0	0	0	0	1170	cc5511e4b630e45d543ca4d61d54b878bf8f345294abb6c74fa3a06fdd1067b0	accepted	accepted
NTMBAIT_0_0032_INTERIOR_MODULE_01	interior_module	0_0032	ntm2_0_0032_ML		ntm2_0_0032_ML	20632	21831	1200	1170	0	0	0	0	1170	e101da85875bc8ae0f865081d17bad3f0dbb1d833749a9cddfc04c15d08babae	accepted	accepted
NTMBAIT_0_0032_INTERIOR_MODULE_02	interior_module	0_0032	ntm2_0_0032_ML		ntm2_0_0032_ML	527	1726	1200	1170	0	0	37	0	1133	5d4960782e9d142e9a7822d5ad7f8e7db9268100b1df14ac2bcb3b710e359153	accepted	accepted
NTMBAIT_0_0032_JUNCTION_02	junction	0_0032	ntm2_0_0032_ML		ntm2_0_0032_ML	1774	2773	1000	970	0	0	76	0	894	dc018ea7ed8fbd5db64fef884a289774111733bf06343df632992d27249f30fd	accepted	accepted
NTMBAIT_0_0032_JUNCTION_03	junction	0_0032	ntm2_0_0032_ML		ntm2_0_0032_ML	27413	28412	1000	970	0	0	60	0	910	f1d630674a6e1a6d8b235cbc7f757b7e6b1641c1ef511228aaa3fd995f6159c8	accepted	accepted
NTMBAIT_0_0032_MEMBER_INTERIOR_01	member_interior	0_0032	ntm2_0_0032_ML	GCA_900131025.1_11861_7_59_genomic_prophage4	GCA_900131025.1_11861_7_59_genomic_prophage4	14334	15533	1200	1170	0	0	0	0	1170	600b843b22d91e557059c3507ed6a6da2a0a84d34b8f4d3119685bed1df4366e	accepted	accepted
NTMBAIT_0_0038_INTERIOR_MODULE_01	interior_module	0_0038	ntm2_0_0038_ML		ntm2_0_0038_ML	23118	24317	1200	1170	0	0	8	0	1162	2285acb8b75b9e6da81819a4f7d0367975441fc06bf03917ef0f0cb90fd1c036	accepted	accepted
NTMBAIT_0_0038_INTERIOR_MODULE_03	interior_module	0_0038	ntm2_0_0038_ML		ntm2_0_0038_ML	31868	33067	1200	1170	0	0	0	236	934	ed961e58ca9f71f11a5a738ed2e3058c0e5c0b85c2e73bd03c2f24291b222d42	accepted	accepted
NTMBAIT_0_0038_JUNCTION_02	junction	0_0038	ntm2_0_0038_ML		ntm2_0_0038_ML	7227	8226	1000	970	0	0	0	0	970	91de4472c29aae83461b25f2ec211ea5d711f035678c80f75f646919a9f834a9	accepted	accepted
NTMBAIT_0_0038_MEMBER_INTERIOR_01	member_interior	0_0038	ntm2_0_0038_ML	GCA_002013895.1_ASM201389v1_genomic_prophage3	GCA_002013895.1_ASM201389v1_genomic_prophage3	17167	18366	1200	1170	0	0	0	0	1170	d020a3010a891dd3cc8ea2e54576d78102cfe1241284e06f7b276a3830989b3c	accepted	accepted
NTMBAIT_0_0038_MEMBER_INTERIOR_02	member_interior	0_0038	ntm2_0_0038_ML	GCA_002013895.1_ASM201389v1_genomic_prophage1	GCA_002013895.1_ASM201389v1_genomic_prophage1	20655	21854	1200	1170	0	0	0	0	1170	524f04da21c1ea417da212d858bcca77caa16d5a6f5171d0fcf2c3ae2a58fed1	accepted	accepted
NTMBAIT_0_0049_INTERIOR_MODULE_01	interior_module	0_0049	ntm2_0_0049_ML		ntm2_0_0049_ML	10672	11871	1200	1170	0	0	0	0	1170	29e3eb8a9c2796d8456bc69dc8cf5d2bd2c425e3731a500592d2ad6d3c4305d9	accepted	accepted
NTMBAIT_0_0049_INTERIOR_MODULE_02	interior_module	0_0049	ntm2_0_0049_ML		ntm2_0_0049_ML	17165	18364	1200	1170	0	0	0	0	1170	cf22d4ec9760fa301ca7658b19251ac2af600a39ddb4225cc33c13e074d69d48	accepted	accepted
NTMBAIT_0_0049_MEMBER_INTERIOR_01	member_interior	0_0049	ntm2_0_0049_ML	GCF_000270965.1_ASM27096v1_genomic_prophage2	GCF_000270965.1_ASM27096v1_genomic_prophage2	19262	20461	1200	1170	0	0	0	0	1170	0762f21e508c6edeec43447be669776b3c2002f5cc2784a9b2632193ed2b4cbd	accepted	accepted
NTMBAIT_0_0063_INTERIOR_MODULE_01	interior_module	0_0063	ntm2_0_0063_ML		ntm2_0_0063_ML	35028	36227	1200	1170	0	0	0	0	1170	a4bfdee269490d7e57f07981f6038b2a01038c213e9ff31cb2cce52fa969f45b	accepted	accepted
NTMBAIT_0_0063_INTERIOR_MODULE_02	interior_module	0_0063	ntm2_0_0063_ML		ntm2_0_0063_ML	37452	38651	1200	1170	0	0	0	0	1170	d910922486fcfccf9e49c30bbd34e5f9ff5528caa156fa2ed6f0d0b5d867860c	accepted	accepted
NTMBAIT_0_0063_INTERIOR_MODULE_03	interior_module	0_0063	ntm2_0_0063_ML		ntm2_0_0063_ML	1	1200	1200	1170	0	0	3	0	1167	6ede687062fb1b3f2dff53841d9add293a5b4a33ebe4166c2199583ff566d9a3	accepted	accepted
NTMBAIT_0_0063_JUNCTION_01	junction	0_0063	ntm2_0_0063_ML		ntm2_0_0063_ML	9501	10500	1000	970	0	0	1	0	969	7cf2756209822e2a951a950ae912406075c7fe78c1470a7bdf539b98944a07ed	accepted	accepted
NTMBAIT_0_0063_MEMBER_INTERIOR_01	member_interior	0_0063	ntm2_0_0063_ML	GCA_900131525.1_11893_6_44_genomic_prophage2	GCA_900131525.1_11893_6_44_genomic_prophage2	19823	21022	1200	1170	0	0	0	0	1170	18182a2aca0d0f1d6f5aeb2b177575b119b5d1c7e3eda48aaa5464491081516e	accepted	accepted
NTMBAIT_0_0066_INTERIOR_MODULE_01	interior_module	0_0066	ntm2_0_0066_ML		ntm2_0_0066_ML	4627	5826	1200	1170	0	0	0	0	1170	164895259f31b95b155250fbac34bd2d2bf1d2c55b8e2978af606e4c2d12386e	accepted	accepted
NTMBAIT_0_0066_INTERIOR_MODULE_02	interior_module	0_0066	ntm2_0_0066_ML		ntm2_0_0066_ML	8152	9351	1200	1170	0	0	0	0	1170	f6f0ed12117c9153e1c2dacc431e5d74471eb9b2252a192856bdccefa31e2085	accepted	accepted
NTMBAIT_0_0066_INTERIOR_MODULE_03	interior_module	0_0066	ntm2_0_0066_ML		ntm2_0_0066_ML	80410	81609	1200	1170	0	0	0	0	1170	6daef8ccde967dfb03a724123b03f62c31f21a410c80064107e7918e7571f666	accepted	accepted
NTMBAIT_0_0066_JUNCTION_01	junction	0_0066	ntm2_0_0066_ML		ntm2_0_0066_ML	19323	20322	1000	970	0	0	0	0	970	00fc0ce50792c9ee0b3bad2f28d5691ab3eac1feb836809602c5fc4d12b35420	accepted	accepted
NTMBAIT_0_0066_JUNCTION_02	junction	0_0066	ntm2_0_0066_ML		ntm2_0_0066_ML	12385	13384	1000	970	0	0	0	0	970	c685c09ba72f910557c97864df20afbf3d22a8a1bbc685a7de69b42cc3a579a5	accepted	accepted
NTMBAIT_0_0066_JUNCTION_03	junction	0_0066	ntm2_0_0066_ML		ntm2_0_0066_ML	1483	2482	1000	970	0	0	0	0	970	fd6e9343d728ce937752da6b76f97273c79c63765c1e70baab53a90881bd589e	accepted	accepted
NTMBAIT_0_0066_MEMBER_INTERIOR_01	member_interior	0_0066	ntm2_0_0066_ML	GCA_046269265.1_ASM4626926v1_genomic_prophage4	GCA_046269265.1_ASM4626926v1_genomic_prophage4	20006	21205	1200	1170	0	0	0	0	1170	f491dc60191c2d88c72f63b2270da33e322a7ea597bfe6707ec444a3e6e13a33	accepted	accepted
NTMBAIT_0_0073_INTERIOR_MODULE_01	interior_module	0_0073	ntm2_0_0073_ML		ntm2_0_0073_ML	10716	11915	1200	1170	0	0	0	0	1170	1cbc4daee591536f2877455ac87a32cc84575150a48a784440f5085047d35101	accepted	accepted
NTMBAIT_0_0073_INTERIOR_MODULE_02	interior_module	0_0073	ntm2_0_0073_ML		ntm2_0_0073_ML	36632	37831	1200	1170	0	0	0	0	1170	fa0535de8370798d8a8a4085e1a60e57cf507c73620041d6d6800a44898f3fff	accepted	accepted
NTMBAIT_0_0073_INTERIOR_MODULE_03	interior_module	0_0073	ntm2_0_0073_ML		ntm2_0_0073_ML	1	1200	1200	1170	0	0	25	0	1145	c2c2fbcdcfca8eb872e0840b3cfe6a8ce07ea6c1a6ff07056938ad71fddaa8c5	accepted	accepted
NTMBAIT_0_0073_JUNCTION_01	junction	0_0073	ntm2_0_0073_ML		ntm2_0_0073_ML	9501	10500	1000	970	0	0	36	0	934	a1d09af972042fca832b70472a8447312bf691cbcd162c582b0dd653ee6dc13c	accepted	accepted
NTMBAIT_0_0077_INTERIOR_MODULE_01	interior_module	0_0077	ntm2_0_0077_ML		ntm2_0_0077_ML	6455	7654	1200	1170	0	0	0	0	1170	a5ed10e4f168a6d32cbbc6def63d435befe5779c0da2621069581ba6b68b8265	accepted	accepted
NTMBAIT_0_0077_INTERIOR_MODULE_02	interior_module	0_0077	ntm2_0_0077_ML		ntm2_0_0077_ML	10852	12051	1200	1170	0	0	0	0	1170	38fa62b87bed4cf259e456bea0b6c8905c2ddf83bfb91ae121b1b7c9d7c5a0df	accepted	accepted
NTMBAIT_0_0077_JUNCTION_02	junction	0_0077	ntm2_0_0077_ML		ntm2_0_0077_ML	501	1500	1000	970	0	0	46	0	924	a82cb3b2a9b02d7f18001d5034c9d370e80caad9d33ffd4b629ae59c57601d2c	accepted	accepted
NTMBAIT_0_0077_JUNCTION_03	junction	0_0077	ntm2_0_0077_ML		ntm2_0_0077_ML	4501	5500	1000	970	0	0	97	0	873	4b977ec7847b6437e2b512acc60f16d8fe728e9c4e2e9740033f35bf4949637b	accepted	accepted
NTMBAIT_0_0077_MEMBER_INTERIOR_01	member_interior	0_0077	ntm2_0_0077_ML	GCA_002013385.1_ASM201338v1_genomic_prophage2	GCA_002013385.1_ASM201338v1_genomic_prophage2	16666	17865	1200	1170	0	0	0	0	1170	4041914a5fa2d67b2982e7d7087ffd5ad8e04e40cd01e236483fc1709301c814	accepted	accepted
NTMBAIT_0_0085_INTERIOR_MODULE_01	interior_module	0_0085	ntm2_0_0085_ML		ntm2_0_0085_ML	41196	42395	1200	1170	0	0	4	0	1166	3669051cbafe14b747ec7c5550bc757de8ebf243d6647a4d0ae2e234504d1829	accepted	accepted
NTMBAIT_0_0085_INTERIOR_MODULE_02	interior_module	0_0085	ntm2_0_0085_ML		ntm2_0_0085_ML	18851	20050	1200	1170	0	0	3	0	1167	b3354d75e5c13c23a9b471d7e6e97e7059d02695ed9e2decd860bcd36987b596	accepted	accepted
NTMBAIT_0_0085_INTERIOR_MODULE_03	interior_module	0_0085	ntm2_0_0085_ML		ntm2_0_0085_ML	22018	23217	1200	1170	0	37	0	0	1133	972d3cfe8a761d61bd646c9d829915f0d798147414c2ad08ce1570e3a1e37ab6	accepted	accepted
NTMBAIT_0_0085_JUNCTION_01	junction	0_0085	ntm2_0_0085_ML		ntm2_0_0085_ML	10340	11339	1000	970	0	0	0	0	970	d848cb0c20fe08ad9e3846904a80f87b189bf5f56a375fb033c3c55ab0b15c7e	accepted	accepted
NTMBAIT_0_0085_JUNCTION_02	junction	0_0085	ntm2_0_0085_ML		ntm2_0_0085_ML	37212	38211	1000	970	0	0	0	0	970	4c6fc3c74ef0db219a212061f4d81549b1024f3bbf6764f4a270ad32ed9462c9	accepted	accepted
NTMBAIT_0_0085_JUNCTION_03	junction	0_0085	ntm2_0_0085_ML		ntm2_0_0085_ML	554	1553	1000	970	0	0	0	0	970	e5f965eab31c28a996dd56a03d9babecbb7863d4bceb59275fdca5a77bd9a716	accepted	accepted
NTMBAIT_0_0085_MEMBER_INTERIOR_01	member_interior	0_0085	ntm2_0_0085_ML	GCA_900133475.1_10625_4_76_genomic_prophage5	GCA_900133475.1_10625_4_76_genomic_prophage5	21326	22525	1200	1170	0	0	3	0	1167	157670c265e41ab43b5a0403e38a0742b8d92f0133443c0f7f16ebc28afdc1aa	accepted	accepted
NTMBAIT_0_0169_INTERIOR_MODULE_01	interior_module	0_0169	ntm2_0_0169_ML		ntm2_0_0169_ML	29581	30780	1200	1170	0	0	0	0	1170	851d98c74ec4c70f9ce5ea4f49c6ff72922ca2a120eb320dd618b9dea8f35d97	accepted	accepted
NTMBAIT_0_0169_INTERIOR_MODULE_02	interior_module	0_0169	ntm2_0_0169_ML		ntm2_0_0169_ML	3773	4972	1200	1170	0	0	0	0	1170	7ffc07880b3fd33cb5bcf8f9af12f147d1d43fe8f97e51300b19eb282b6bfc70	accepted	accepted
NTMBAIT_0_0169_INTERIOR_MODULE_03	interior_module	0_0169	ntm2_0_0169_ML		ntm2_0_0169_ML	56739	57938	1200	1170	0	37	0	0	1133	b8cad9672a87213ec87730c2ef6dd4ed6cccac7118cfb708678155bcef17cb5b	accepted	accepted
NTMBAIT_0_0169_JUNCTION_01	junction	0_0169	ntm2_0_0169_ML		ntm2_0_0169_ML	16267	17266	1000	970	0	0	0	0	970	e7c09588225b5dac8639336395a65f712b236d65f8edf5d0e9fa45e91db33a69	accepted	accepted
NTMBAIT_0_0169_JUNCTION_02	junction	0_0169	ntm2_0_0169_ML		ntm2_0_0169_ML	55817	56816	1000	970	0	0	0	0	970	3ade133357428672fb6d2360b956903b7f2360ee1ddcc06e4f8ee25044524a29	accepted	accepted
NTMBAIT_0_0169_JUNCTION_03	junction	0_0169	ntm2_0_0169_ML		ntm2_0_0169_ML	1168	2167	1000	970	0	0	0	0	970	dd6eb5bf04daf24fdd21b30d8ecf4e0f8bd20f2ec4f2b6473153f7031136d4ec	accepted	accepted
NTMBAIT_0_0169_MEMBER_INTERIOR_01	member_interior	0_0169	ntm2_0_0169_ML	GCA_002013825.1_ASM201382v1_genomic_prophage3	GCA_002013825.1_ASM201382v1_genomic_prophage3	22086	23285	1200	1170	0	0	0	0	1170	d66663c713c0e86bc8cb5416a24771ff07ff0158f26991f663b3f19b10c7d794	accepted	accepted
NTMBAIT_0_0218_INTERIOR_MODULE_01	interior_module	0_0218	ntm2_0_0218_ML		ntm2_0_0218_ML	9673	10872	1200	1170	0	0	0	0	1170	9a9991cd738a7ff089aa7556c214ddd251ad8f980000aded63e64260e9b40349	accepted	accepted
NTMBAIT_0_0218_INTERIOR_MODULE_02	interior_module	0_0218	ntm2_0_0218_ML		ntm2_0_0218_ML	32166	33365	1200	1170	0	0	0	0	1170	8436038832f6ff707cdf07378eeb6bd971a55b003fd39e1c06f3917882aadcef	accepted	accepted
NTMBAIT_0_0218_INTERIOR_MODULE_03	interior_module	0_0218	ntm2_0_0218_ML		ntm2_0_0218_ML	20484	21683	1200	1170	0	0	0	0	1170	94526c1d5e48e09265a9fd175ac5cd4a58efd6f347c9976f7c682a7ab7fea4cf	accepted	accepted
NTMBAIT_0_0218_JUNCTION_01	junction	0_0218	ntm2_0_0218_ML		ntm2_0_0218_ML	986	1985	1000	970	0	0	37	0	933	f56820c1e6c0a60b0088af5f636b26e958376b57cf9d469e514f06b399bc9c60	accepted	accepted
NTMBAIT_0_0218_JUNCTION_02	junction	0_0218	ntm2_0_0218_ML		ntm2_0_0218_ML	15589	16588	1000	970	0	0	1	0	969	6647407382806784a6dfde8cc0bd436ec4458f9c585579b333d943e4e430346d	accepted	accepted
NTMBAIT_0_0218_JUNCTION_03	junction	0_0218	ntm2_0_0218_ML		ntm2_0_0218_ML	25089	26088	1000	970	0	0	0	0	970	20456ec200a3c02d30b4d4f4c5b93e96a7049843ea179f903ab81506170dc0cc	accepted	accepted
NTMBAIT_0_0218_MEMBER_INTERIOR_02	member_interior	0_0218	ntm2_0_0218_ML	GCA_048287075.1_ASM4828707v1_genomic_prophage4	GCA_048287075.1_ASM4828707v1_genomic_prophage4	16206	17405	1200	1170	0	0	0	0	1170	2e94c923b333a7eb917717eb2e2781856cabcf4e27c7b77b9dad1eefcdc1c88c	accepted	accepted
NTMBAIT_0_0219_INTERIOR_MODULE_01	interior_module	0_0219	ntm2_0_0219_ML		ntm2_0_0219_ML	28620	29819	1200	1170	0	37	0	0	1133	a0d0e7f2a36658eb9b4bf69ee63db78566210d520d124b27dcf71eb7ae3f3365	accepted	accepted
NTMBAIT_0_0219_INTERIOR_MODULE_02	interior_module	0_0219	ntm2_0_0219_ML		ntm2_0_0219_ML	66885	68084	1200	1170	0	0	0	0	1170	d66879b14d6e216f2c0b5d898fef1512a0299524fd2587d58dfcaec2dc19e0f6	accepted	accepted
NTMBAIT_0_0219_INTERIOR_MODULE_03	interior_module	0_0219	ntm2_0_0219_ML		ntm2_0_0219_ML	24857	26056	1200	1170	0	0	0	0	1170	47499fd96703d40d3e164f0707045c62d85a9b0823367bce5f9c21a5f8e69f22	accepted	accepted
NTMBAIT_0_0219_JUNCTION_01	junction	0_0219	ntm2_0_0219_ML		ntm2_0_0219_ML	19249	20248	1000	970	0	0	0	0	970	51904041aea63db3aa0cd7cafbd5232affaeacd194bf8d050fe62127245cd7ad	accepted	accepted
NTMBAIT_0_0219_JUNCTION_02	junction	0_0219	ntm2_0_0219_ML		ntm2_0_0219_ML	66144	67143	1000	970	0	0	0	0	970	4e501b5769ba245a2afa8053af937f5afdaf7762ee92d2c7ed642479cf2830ee	accepted	accepted
NTMBAIT_0_0219_JUNCTION_03	junction	0_0219	ntm2_0_0219_ML		ntm2_0_0219_ML	1476	2475	1000	970	0	0	0	0	970	a77613e0ebbe020c58e950ce846ea632f5ca340313ef50f36f2a44d274c57b84	accepted	accepted
NTMBAIT_0_0219_MEMBER_INTERIOR_01	member_interior	0_0219	ntm2_0_0219_ML	GCA_053483515.1_ASM5348351v1_genomic_prophage1	GCA_053483515.1_ASM5348351v1_genomic_prophage1	19711	20910	1200	1170	0	0	0	0	1170	d8eedaa58fba10718256f51039a8cade5554057cc36246d915668ca35822a8cf	accepted	accepted
NTMBAIT_HOST_CONTROL_01	control_host_negative	0_0000		GCA_900138355.1_11893_7_48_genomic_prophage2	GCA_900138355.1#1#FVRG01000001.1	886179	887178	1000	970	0	0	970	0	970	98a8c67e8865733ea2a5ef17ef524c4061c8a62ad528c594d05aff7285a8c4f7	accepted	accepted
NTMBAIT_HOST_CONTROL_02	control_host_negative	0_0006		GCA_900132875.1_11861_7_83_genomic_prophage1	GCA_900132875.1#1#FSCL01000002.1	439872	440871	1000	970	0	0	970	0	970	71dbf6eb65c655861d8e7268b4794c1896bc362af15486330cb6bf96ae022b13	accepted	accepted
NTMBAIT_HOST_CONTROL_03	control_host_negative	0_0019		GCA_035967875.1_ASM3596787v1_genomic_prophage4	GCA_035967875.1#1#JAWKAM010000002.1	1852256	1853255	1000	970	0	0	970	0	970	2880600118f32e613ff773dbef8a054eb4917d81af78f539fe835afab3455ad5	accepted	accepted
NTMBAIT_SHUF_CONTROL_01	control_shuffled_negative	0_0000			ntm2_0_0000_ML	17561	18760	1200	1170	0	0	0	0	1170	8db03e834792aeefcbd71d8cbff0633e585d1c0da485b8efa6ce7af972dd4199	accepted	accepted
NTMBAIT_SHUF_CONTROL_02	control_shuffled_negative	0_0006			ntm2_0_0006_ML	26695	27894	1200	1170	0	0	0	0	1170	061d93f71189825f93c0ba7994c0a2e03fb0926253f17b97763e90e2433d3f76	accepted	accepted
NTMBAIT_SHUF_CONTROL_03	control_shuffled_negative	0_0019			ntm2_0_0019_ML	60713	61912	1200	1170	0	0	0	0	1170	6ab17594e72051cc321033250c11c0f889990492f71259717f7e3041c65342c8	accepted	accepted
