stage_b_order	accession	source_state	canonical_state	terminal_state	reason	row_sha256
1	GCF_000005845.2	COMPLETE	COMPLETE	VALIDATED	REUSED_PREDECESSOR_BY_DIGEST	751383265639f4a6966badba26d9aa807612fb054bfccb5ce51472735a8d8795
2	GCF_000812325.1	COMPLETE	COMPLETE	VALIDATED	REUSED_PREDECESSOR_BY_DIGEST	5674c3f2bec292520e7bb62e5ed1c73e70f4ba8217f35cc01c54f6b1f4ddbcdf
3	GCF_002302315.1	COMPLETE	COMPLETE	VALIDATED	REUSED_PREDECESSOR_BY_DIGEST	e3be65525e673c0b58681a54289cf6c3c8d25fe435da191061b8a6c6d88e2284
4	GCF_004664255.1	COMPLETE	COMPLETE	VALIDATED	REUSED_PREDECESSOR_BY_DIGEST	f6e0d5b891caed8ba84d5a0dd99aa65f8019bc52d92dd7e269d7291514a4500f
5	GCF_015644385.1	COMPLETE	COMPLETE	VALIDATED	REUSED_PREDECESSOR_BY_DIGEST	4db3ce5cf1691f780ccc0ce1640b6b0906aa1669035f1dc80ef28b6d1e919477
6	GCF_020829045.1	COMPLETE	COMPLETE	VALIDATED	REUSED_PREDECESSOR_BY_DIGEST	d91b00e7b15a7ba96e70cddce6ad328847026b35110dbc0f40003829a5df5c72
7	GCF_921380995.1	COMPLETE	COMPLETE	VALIDATED	REUSED_PREDECESSOR_BY_DIGEST	6bd6223be5570e3ddb0bb7015982d41bc73dd66fabb2f36a18c31882cab28bb2
8	GCF_000167895.3	COMPLETE	COMPLETE	VALIDATED	REUSED_PREDECESSOR_BY_DIGEST	23487038badbf28ca23374f7a1500f7c3e6a7c438dbbdbad4481426918a1d9e5
9	GCF_001881595.4	COMPLETE	COMPLETE	VALIDATED	REUSED_PREDECESSOR_BY_DIGEST	53e78e3f943f5454bea840928a340c769ad7859c1ac61892c1d4709abe81e6ee
10	GCF_000498835.2	COMPLETE	COMPLETE	VALIDATED	REUSED_PREDECESSOR_BY_DIGEST	4bdb68a969892c9150b6c29abbcfdf6370240e3be9cf33d9a25b45a7cf90b21e
11	GCF_015548345.1	COMPLETE	COMPLETE	VALIDATED	REUSED_PREDECESSOR_BY_DIGEST	e7ed36c1eff1e17f295b8ef9b34923e79da26bf507963f921803538e1b826d35
12	GCF_019926545.1	COMPLETE	COMPLETE	VALIDATED	REUSED_PREDECESSOR_BY_DIGEST	f682db76af92bee759da6416c4d60751656074d71f457b5c03158e7b07f37743
13	GCF_001614385.1	COMPLETE	COMPLETE	VALIDATED	REUSED_PREDECESSOR_BY_DIGEST	5981acc0a40b7a343a31a389fbf5818ae7c6483f198adb6ad67aec049fb72e6e
14	GCF_015551035.1	COMPLETE	COMPLETE	VALIDATED	REUSED_PREDECESSOR_BY_DIGEST	2c10b53664467797e4493cb1f138effe67fb9afd4b23d7c9cae420c247e73130
15	GCF_021354235.1	COMPLETE	COMPLETE	VALIDATED	REUSED_PREDECESSOR_BY_DIGEST	d9aa724db499a4d576491934396d9d82dc3b24189a526095f72ebd3d03abe196
16	GCF_002485085.1	COMPLETE	COMPLETE	VALIDATED	REUSED_PREDECESSOR_BY_DIGEST	3c0ae5e39c2f9dc12ce3c8b177916a1078dc283c93da36c5f371131bb389b301
17	GCF_014712315.1	COMPLETE	COMPLETE	VALIDATED	REUSED_PREDECESSOR_BY_DIGEST	bb7eb914a772ebca4d8e60877f6b98317c6bd403ebed7f5f80834b89bc1ff449
18	GCF_019120745.1	COMPLETE	COMPLETE	VALIDATED	REUSED_PREDECESSOR_BY_DIGEST	f7f01394fb47875b0ebc336df95b02239a75957e7014900e91efe55a6c8ba0ec
19	GCF_006350715.1	COMPLETE	COMPLETE	VALIDATED	REUSED_PREDECESSOR_BY_DIGEST	6185e3ed720375491b2543d32c1c1909486d069110ab7b1aec7f1c84ecca1257
20	GCF_002522525.1	COMPLETE	COMPLETE	VALIDATED	REUSED_PREDECESSOR_BY_DIGEST	3e9d157379654635a0d8242e7118dc9053dd897bf9739546b9f6641c8b6108a0
21	GCF_018790115.1	COMPLETE	COMPLETE	VALIDATED	REUSED_PREDECESSOR_BY_DIGEST	7addfcf11c7bb1940e6cb833760c2ee83b8f4790ea5c86912c16783e947fd2d9
22	GCF_002442365.1	COMPLETE	COMPLETE	VALIDATED	REUSED_PREDECESSOR_BY_DIGEST	810c4d9f52be861b798f495c18e4fb295410e01d0eb2e4672e25c9f0013a0844
23	GCF_005885955.1	COMPLETE	COMPLETE	VALIDATED	REUSED_PREDECESSOR_BY_DIGEST	ee45164d66fc8d371d4963459a70fc094ffe2fe6a48e0c4fceb3a54ee7c99f3e
24	GCF_002513075.1	COMPLETE	COMPLETE	VALIDATED	REUSED_PREDECESSOR_BY_DIGEST	d5f51361d6a77da443c92063a785e2a630a2b4a902b084a73860f03c89448a57
25	GCF_902810185.1	COMPLETE	COMPLETE	VALIDATED	REUSED_PREDECESSOR_BY_DIGEST	e536c6061a55ce71f38cee35521231309747567021bad1cc5bee973152faeb57
26	GCF_005043025.1	COMPLETE	COMPLETE	VALIDATED	REUSED_PREDECESSOR_BY_DIGEST	c01a30db3df415b8e47dbc5a189861119c4d49e71a568554d54524e5311d88af
27	GCF_017595115.1	COMPLETE	COMPLETE	VALIDATED	REUSED_PREDECESSOR_BY_DIGEST	17ccfb8e0ea622c09f0ca85b0ac29161572f7ff2e7317c4a3a1171d2b2371f5b
28	GCF_014528625.1	COMPLETE	COMPLETE	VALIDATED	REUSED_PREDECESSOR_BY_DIGEST	68a6577c7ee00e7a11965dac3cff2bbf5e5242d5abfb6393ba3d3cbb0eec12fb
29	GCF_008041205.1	COMPLETE	COMPLETE	VALIDATED	REUSED_PREDECESSOR_BY_DIGEST	edb76d5b7a9c8bde14cb18503622f0ee003e57ea18c5627d0df026ced2ebc368
30	GCF_009820795.1	COMPLETE	COMPLETE	VALIDATED	REUSED_PREDECESSOR_BY_DIGEST	05538940b30f8b668d92a542b0764470aecdfcd9d14f03c5d7198111d59ef56f
31	GCF_900479385.1	COMPLETE	COMPLETE	VALIDATED	REUSED_PREDECESSOR_BY_DIGEST	52864d9377f538007224e613a21e8773df7610935fa361784c82eed1fe90943d
32	GCF_004767475.1	COMPLETE	COMPLETE	VALIDATED	REUSED_PREDECESSOR_BY_DIGEST	39e23e08d0dcdf2f8c51fa831ee84982207d7326119e9b453e75b8b4f978e0f7
33	GCF_002519245.1	COMPLETE	COMPLETE	VALIDATED	REUSED_PREDECESSOR_BY_DIGEST	a3039fc8c0dfcaf3f34146dc58fbcb6dedbf84fb651d5a872c022264e34959dc
34	GCF_015644305.1	COMPLETE	COMPLETE	VALIDATED	REUSED_PREDECESSOR_BY_DIGEST	0aabaa712cf20d2a0265364ab804bc896a71e4659760ae950eddf287fb68119b
35	GCF_001616285.1	COMPLETE	COMPLETE	VALIDATED	REUSED_PREDECESSOR_BY_DIGEST	e6e9f8085d2425868f56462a0894ad221bd7f04f8542ec96da7c5d1d64496c5a
36	GCF_001614645.1	COMPLETE	COMPLETE	VALIDATED	REUSED_PREDECESSOR_BY_DIGEST	bfa13f0f0d1f78c16e106ad6061fbb91270e39d84e02e7beede66fe401c5107c
37	GCF_013370625.1	COMPLETE	COMPLETE	VALIDATED	REUSED_PREDECESSOR_BY_DIGEST	a01e34e7bbef675271408861d5f88f122f1e305f3f30e433c1c5bcbd36a92210
38	GCF_013608825.1	COMPLETE	COMPLETE	VALIDATED	REUSED_PREDECESSOR_BY_DIGEST	b3e9ebf93e10b978674b8ea0ab23b75ae2e53652b9d8b76d2417f768ab9da53c
39	GCF_005043625.1	COMPLETE	COMPLETE	VALIDATED	REUSED_PREDECESSOR_BY_DIGEST	bb99fd28713ff5d8755a047c29b451e55c1529dff3123db9e6664fc6813eb1cb
40	GCF_902163565.1	COMPLETE	COMPLETE	VALIDATED	REUSED_PREDECESSOR_BY_DIGEST	3198e3169229a2d36764b27b1a0f6eb4e6bcbaa0a7bee40c840f2d81c4494c1c
41	GCF_006351505.1	COMPLETE	COMPLETE	VALIDATED	REUSED_PREDECESSOR_BY_DIGEST	f7e3844d71badc6a19ebe9484afb25a79c75c64fdf0f83cd6c9f8dafe009d944
42	GCF_005039315.1	COMPLETE	COMPLETE	VALIDATED	REUSED_PREDECESSOR_BY_DIGEST	ba58a3058ce20d19abdcfe8f3b95448c91d5903ef63e0e1ce7c35fd3b6a8e21e
43	GCF_005384385.1	COMPLETE	COMPLETE	VALIDATED	REUSED_PREDECESSOR_BY_DIGEST	f682e3c0f7485adddae0292ae05137c2f5179da832586b87cbc2011167dd88ee
44	GCF_016530465.1	COMPLETE	COMPLETE	VALIDATED	REUSED_PREDECESSOR_BY_DIGEST	ab1f713ca2c9a51a3cd68f2d56b2b8c1cec51cc6fcc626f34505254f65261468
45	GCF_002152015.1	COMPLETE	COMPLETE	VALIDATED	REUSED_PREDECESSOR_BY_DIGEST	b72c54881b587411857892b03640db084e60cf9405d2a66473117b2e2306d334
46	GCF_018344735.1	COMPLETE	COMPLETE	VALIDATED	REUSED_PREDECESSOR_BY_DIGEST	b50236b96e91a4c96622d33ece501adf2ce47aab01bc4ae5f22c3e640811b60e
47	GCF_002513625.1	COMPLETE	COMPLETE	VALIDATED	REUSED_PREDECESSOR_BY_DIGEST	8cb7489ce8c44a32cfef811f8e50cbf7d68433f01bcf98846a25fc3a6ab015af
48	GCF_002229025.1	COMPLETE	COMPLETE	VALIDATED	REUSED_PREDECESSOR_BY_DIGEST	cfa664946eed998fe4a592716e6df2acdee83d3598bbf77afd9068a7b9cd8652
49	GCF_000778685.1	COMPLETE	COMPLETE	VALIDATED	REUSED_PREDECESSOR_BY_DIGEST	2c7980a542ef6471df321ce5f8295b5600b8c637a047d9d7d46e25d78284308a
50	GCF_020037245.1	COMPLETE	COMPLETE	VALIDATED	REUSED_PREDECESSOR_BY_DIGEST	ce82283f734e07be090acafcac7c0d062633d138930a248fdb730c60b2d41d2b
51	GCF_003731035.1	COMPLETE	COMPLETE	VALIDATED	REUSED_PREDECESSOR_BY_DIGEST	a2954fe9e156e94d4b44e6daab14c190716bb1cc6392ae4852c8e0e3dedb9e16
52	GCF_000326585.1	COMPLETE	COMPLETE	VALIDATED	REUSED_PREDECESSOR_BY_DIGEST	859b1fb1fd87c53942538157d8c16e6499f5c6ed26de74ac99df4076fe42951d
53	GCF_000780535.1	COMPLETE	COMPLETE	VALIDATED	REUSED_PREDECESSOR_BY_DIGEST	4287fbc9bd32d01a2a6550bc14c05943634c2de70e5faf76951e2fd382890453
54	GCF_003570445.1	COMPLETE	COMPLETE	VALIDATED	REUSED_PREDECESSOR_BY_DIGEST	720a07bc200ae250ca87c0e53a7096a7c84100bb8f4cf9eaac7632c3e2e6cfcf
55	GCF_000447005.2	COMPLETE	COMPLETE	VALIDATED	REUSED_PREDECESSOR_BY_DIGEST	ade291e70032101d941c1128a266965ae0d331da90d4f9021d3406f83bfdfc75
56	GCF_013073765.1	COMPLETE	COMPLETE	VALIDATED	REUSED_PREDECESSOR_BY_DIGEST	ef749e76455156ced44583d2fb9a83a6843b5a2dba748c64cb4285ce0baa37b7
57	GCF_005041275.1	COMPLETE	COMPLETE	VALIDATED	REUSED_PREDECESSOR_BY_DIGEST	0b65d08f63776d12784719dca77bae358a6bb0193c95baf428cb943a1b6842e0
58	GCF_014862465.1	COMPLETE	COMPLETE	VALIDATED	REUSED_PREDECESSOR_BY_DIGEST	31b4ff0f9a8b6dc3a210df99428f1a90e88819ecce59e49a43f4b805b5150310
59	GCF_900195795.1	COMPLETE	COMPLETE	VALIDATED	REUSED_PREDECESSOR_BY_DIGEST	93ee48b510faa68da3858da60d95e386f935fbfd32984345aeae6306aa74ea21
60	GCF_014878375.1	COMPLETE	COMPLETE	VALIDATED	REUSED_PREDECESSOR_BY_DIGEST	d1ca9e83113cdfd3b46f3340c4e241a5c6cb61a5fafe4565242e9c2bf6d1460b
61	GCF_921293415.1	COMPLETE	COMPLETE	VALIDATED	REUSED_PREDECESSOR_BY_DIGEST	509dbd63f471771b4e0548bdd4d2b894638a076378fac7e4b31669383aa52dc6
62	GCF_006229985.1	COMPLETE	COMPLETE	VALIDATED	REUSED_PREDECESSOR_BY_DIGEST	a7aa079f727d462460a259fde33605f9248711162ea0ef56cc087dfd475263c6
63	GCF_005045505.1	COMPLETE	COMPLETE	VALIDATED	REUSED_PREDECESSOR_BY_DIGEST	8643c50dbabb8b7bc6d6937226174613fe214f57623c6c1b2d95477d4bd8e254
64	GCF_001660345.1	COMPLETE	COMPLETE	VALIDATED	REUSED_PREDECESSOR_BY_DIGEST	0bb9d2edb3bf300adf20239e917216dae51feecf53941d84c0f087494a4fd6bf
65	GCF_020162695.1	COMPLETE	COMPLETE	VALIDATED	REUSED_PREDECESSOR_BY_DIGEST	4c894e8af7abc4455129174431e9552307eece0a64c781457ace8c5752f56e3b
66	GCF_003981675.1	COMPLETE	COMPLETE	VALIDATED	REUSED_PREDECESSOR_BY_DIGEST	5c127a7aa64976942b863f7a488205d23eaf56dbffb317f5f7ee37bb8ae8fd2c
67	GCF_905330275.1	COMPLETE	COMPLETE	VALIDATED	REUSED_PREDECESSOR_BY_DIGEST	a86cbd7d559145f3c7601fc89b7ef3e50eb0be0ca578c877ad3b23267c2d9f47
68	GCF_001617565.1	COMPLETE	COMPLETE	VALIDATED	REUSED_PREDECESSOR_BY_DIGEST	cc5e359851ef65c16238a4013b3af7ef5ba46997739c2c661c89da8b7a1edceb
69	GCF_003983415.1	COMPLETE	COMPLETE	VALIDATED	REUSED_PREDECESSOR_BY_DIGEST	b2dc9b34c0227799720fb4b2320cd7f845d079f52f0e5a2e3ea781363a7287b9
70	GCF_009899475.1	COMPLETE	COMPLETE	VALIDATED	REUSED_PREDECESSOR_BY_DIGEST	4eeb58e0dae000a694da8ddf5364956b1914f5fe07ca1a95095957cdd092df04
71	GCF_002511115.1	COMPLETE	COMPLETE	VALIDATED	REUSED_PREDECESSOR_BY_DIGEST	a8ec5be407fc851076e128134158d7b31c3d35c33f497eb9b052055b7da3bdb1
72	GCF_001521595.1	COMPLETE	COMPLETE	VALIDATED	REUSED_PREDECESSOR_BY_DIGEST	7d815e545c4e5c25c1df4d33636b9e68fa9b9956b46ca814a2bb5218881a7db4
73	GCF_019351215.1	COMPLETE	COMPLETE	VALIDATED	REUSED_PREDECESSOR_BY_DIGEST	cd40dded2005a02174007e213dddf4325b3fdefa78526b45dcdf3936202b5dec
74	GCF_020731765.1	COMPLETE	COMPLETE	VALIDATED	REUSED_PREDECESSOR_BY_DIGEST	d65495812d6d5c8cca24233b2ae1eaf2d3176229bc3084c33172dd913f261c44
75	GCF_001577325.1	COMPLETE	COMPLETE	VALIDATED	REUSED_PREDECESSOR_BY_DIGEST	29a1fd45de240b1957dbadf010217ce1150abccb8db494dc1c343f93e98a7f4d
76	GCF_000777675.1	COMPLETE	COMPLETE	VALIDATED	REUSED_PREDECESSOR_BY_DIGEST	b982d3fb83c57f5576d4c19ee8b4484ed4a565cbb7ce5b1a8a04cf9abdad5c48
77	GCF_002109645.1	COMPLETE	COMPLETE	VALIDATED	REUSED_PREDECESSOR_BY_DIGEST	926f655565a24f93b81235364a0749a03e1c6ef7a5679d7ed1eab0af12540b64
78	GCF_003076715.1	COMPLETE	COMPLETE	VALIDATED	REUSED_PREDECESSOR_BY_DIGEST	262adabbd74c49491914082c006352097f68b49102a1a68461d481a6c4f2aecc
79	GCF_002518465.1	COMPLETE	COMPLETE	VALIDATED	REUSED_PREDECESSOR_BY_DIGEST	46c68667b595b8c2ec7f5881e3be8eed3859e97794e2181956f6fd18d928cc49
80	GCF_000459215.1	COMPLETE	COMPLETE	VALIDATED	REUSED_PREDECESSOR_BY_DIGEST	3adcbfcd3a6bda048d57fa2c9d99948a368dc95c73d268bc7cc552542cdf1a53
81	GCF_900010055.1	COMPLETE	COMPLETE	VALIDATED	REUSED_PREDECESSOR_BY_DIGEST	1c80aeb8c4129b79bca068edcc52a3de0e3dad880ac54c7c9ac2f1aecc02086b
82	GCF_002769075.1	COMPLETE	COMPLETE	VALIDATED	REUSED_PREDECESSOR_BY_DIGEST	5a106b98c96f7ff527ed34221c87b703a7e230d82e3c47c45da70789a516fd65
83	GCF_009910015.1	COMPLETE	COMPLETE	VALIDATED	REUSED_PREDECESSOR_BY_DIGEST	b40857d29df953b3541543c5e4ce1ecbc4f3962c5f9e306dacc73237d29e8bfe
84	GCF_013370905.1	COMPLETE	COMPLETE	VALIDATED	REUSED_PREDECESSOR_BY_DIGEST	1211d8372a61f8a6111923f6411c9990054dc1ec479a6eafa73a09beefa9db42
85	GCF_000619025.1	COMPLETE	COMPLETE	VALIDATED	REUSED_PREDECESSOR_BY_DIGEST	599a7f2296e4f9d94d32b65b04ef7016c8444182fcabf0d135d51d1d8b343f28
86	GCF_016404105.1	COMPLETE	COMPLETE	VALIDATED	REUSED_PREDECESSOR_BY_DIGEST	88be549c19b66996f0e8134ce300d50c94a22ab9f51e3b7ee49995d19cd6dbcf
87	GCF_902859475.1	COMPLETE	COMPLETE	VALIDATED	REUSED_PREDECESSOR_BY_DIGEST	8785f8b9e92283671f80608f61272d466016ceb4de26a4869a68c94ade80a854
88	GCF_019282095.1	COMPLETE	COMPLETE	VALIDATED	REUSED_PREDECESSOR_BY_DIGEST	a2fff619aa3867a3f11e73ba3eddddc35e298491a0eb4a04de37ff5622e44bcf
89	GCF_000326905.1	COMPLETE	COMPLETE	VALIDATED	REUSED_PREDECESSOR_BY_DIGEST	796ecec43ccd1f5822e2089f73ed27c7041e7dddb3136004cecf4b1bd6f3162d
90	GCF_003357545.1	COMPLETE	COMPLETE	VALIDATED	REUSED_PREDECESSOR_BY_DIGEST	9c5f4925ad7fcdc3ea2fd2eaedf432a3dba28e3216f765aa8dd2ab1f0f211906
91	GCF_001753505.1	COMPLETE	COMPLETE	VALIDATED	REUSED_PREDECESSOR_BY_DIGEST	e267e332c2bdb0dc8aebd7b2f282db6af8c92d89b6e4f6dd2d7593326345c94f
92	GCF_003292995.1	COMPLETE	COMPLETE	VALIDATED	REUSED_PREDECESSOR_BY_DIGEST	787e49da6ff35946e0b4fc7846f0d9f10abfd252d6fd5df817065ad2ba233245
93	GCF_001713625.1	COMPLETE	COMPLETE	VALIDATED	REUSED_PREDECESSOR_BY_DIGEST	e5e6f7335c3bdb77464523f8e0392e8cbab7204fd94a768700ea44c0256e3920
94	GCF_010592655.1	COMPLETE	COMPLETE	VALIDATED	REUSED_PREDECESSOR_BY_DIGEST	8e3adb5c4f4938b083016de7b6d294bca2a875869d82cd7b46816a358e159521
95	GCF_003322245.1	COMPLETE	COMPLETE	VALIDATED	REUSED_PREDECESSOR_BY_DIGEST	f8f46b5724751a0f75ee109f5bc164af900f8060d7a18aedd286e941b9c26f6e
96	GCF_900490675.1	COMPLETE	COMPLETE	VALIDATED	REUSED_PREDECESSOR_BY_DIGEST	3e6e2512e7a5487610341350a3d9b129cd490d28f7c68c7a7f1e10995b91763c
97	GCF_017896545.1	COMPLETE	COMPLETE	VALIDATED	REUSED_PREDECESSOR_BY_DIGEST	7b52b62007888ec9e3b3f52e40c1c6e953d7fe129714f1278405a755912f9e96
98	GCF_900499395.1	COMPLETE	COMPLETE	VALIDATED	REUSED_PREDECESSOR_BY_DIGEST	bd4188f4be1303c06e1bd3f76d7f3d7d63f128739c6d55b8ac3c11b2e77405c2
99	GCF_019957265.1	COMPLETE	COMPLETE	VALIDATED	REUSED_PREDECESSOR_BY_DIGEST	a28e09d23503442c083de05bc059b1613a53306326ce80c00949ff37e3011295
100	GCF_003730815.1	COMPLETE	COMPLETE	VALIDATED	REUSED_PREDECESSOR_BY_DIGEST	4308cfe96738ee487e7dacecf860fc1d3515db11bdf0047f31c13cf0dcf80baf
101	GCF_002810165.1	COMPLETE	COMPLETE	VALIDATED	REUSED_PREDECESSOR_BY_DIGEST	b1673155981675d77ea61734e942eae165f0c7c6ae0dae9606f9fa307f1976fd
102	GCF_003020885.1	COMPLETE	COMPLETE	VALIDATED	REUSED_PREDECESSOR_BY_DIGEST	7fe50f139543616c2e68e5c4acbfe1e37d8dbec74c6ca1b5d87477b2731c4d6b
103	GCF_019585745.1	COMPLETE	COMPLETE	VALIDATED	REUSED_PREDECESSOR_BY_DIGEST	96170ed14f46ab4806c877b2e5f20a5fe1dd8d3dbdfa707e042421b79bcabf7c
104	GCF_001519855.1	COMPLETE	COMPLETE	VALIDATED	REUSED_PREDECESSOR_BY_DIGEST	284caed4752e04d183ba4310ab1f3672c0c1fa8d346bd409b850bc624cb47f34
105	GCF_003361255.1	COMPLETE	COMPLETE	VALIDATED	REUSED_PREDECESSOR_BY_DIGEST	803b978ac93c487e13b1505ede463e3415d6d700898ac605966d503547e68850
106	GCF_020421595.1	COMPLETE	COMPLETE	VALIDATED	REUSED_PREDECESSOR_BY_DIGEST	0dccff77fd5bb1124997d06f55910d9e4ed2fc07824a7cdc22ce551b6dfe1de8
107	GCF_020381905.1	COMPLETE	COMPLETE	VALIDATED	REUSED_PREDECESSOR_BY_DIGEST	a0c4966178840a6cb907bcf5afa6a90baf18fcc3fd9761f74704d994863abbd2
108	GCF_005384845.1	COMPLETE	COMPLETE	VALIDATED	REUSED_PREDECESSOR_BY_DIGEST	63e99e021f378b358fb8e247664b1e8ffeefe5b88c2fdf4e5816995578b40dea
109	GCF_020553415.1	COMPLETE	COMPLETE	VALIDATED	REUSED_PREDECESSOR_BY_DIGEST	26af2db73bd92239707f37d553ef426ee3332f2a92e7b1ca7a47c7e2eb40baa0
110	GCF_003981865.1	COMPLETE	COMPLETE	VALIDATED	REUSED_PREDECESSOR_BY_DIGEST	c06fe853ea012aebffa12f3c093de7c3a118e8dcada992274e2a0f084d535b9f
111	GCF_900482585.1	COMPLETE	COMPLETE	VALIDATED	REUSED_PREDECESSOR_BY_DIGEST	010855a6fed4d8c62e22321e86dc7243e1342ef2f46b9f54ea110f6b298803e1
112	GCF_002486525.1	COMPLETE	COMPLETE	VALIDATED	REUSED_PREDECESSOR_BY_DIGEST	9a519fbc6250a7d75926974a1fc1e0a4591b407d32c94987fd1fef4743f6b225
113	GCF_900478915.1	COMPLETE	COMPLETE	VALIDATED	REUSED_PREDECESSOR_BY_DIGEST	b8510f3b70206be7eeba5e0d1bf789e15f59f8fbc3d7c0e99142aaa875ab468a
114	GCF_000457675.1	COMPLETE	COMPLETE	VALIDATED	REUSED_PREDECESSOR_BY_DIGEST	227b9e67921edd9e71a86d0c5c1b960b5e7f015ece4b7bc819f675a97aaae734
115	GCF_001621575.1	COMPLETE	COMPLETE	VALIDATED	REUSED_PREDECESSOR_BY_DIGEST	7c1af467061c4dd311de5e8a2043e195d1bdd6d9f947ae4d1b9e6c5ec6c3e302
116	GCF_009789895.1	COMPLETE	COMPLETE	VALIDATED	REUSED_PREDECESSOR_BY_DIGEST	7dc95e20919e3e63bc3b0f6e29447516a9987d7485f4c6b4f31f962cd0087a05
117	GCF_004566835.1	COMPLETE	COMPLETE	VALIDATED	REUSED_PREDECESSOR_BY_DIGEST	086f167c76af5198c8fc18865e36dc7e29800b8ae247135e7e515aa7b6627c7d
118	GCF_020023255.1	COMPLETE	COMPLETE	VALIDATED	REUSED_PREDECESSOR_BY_DIGEST	0be817b337f619735353343d8999cc4ba30262dc4d366196d3b55cf48ee4679b
119	GCF_002194865.1	COMPLETE	COMPLETE	VALIDATED	REUSED_PREDECESSOR_BY_DIGEST	82178685176ced1ef97b2a609072ab9f6475dc41d693bfba4a44876af6f87305
120	GCF_009882745.1	COMPLETE	COMPLETE	VALIDATED	REUSED_PREDECESSOR_BY_DIGEST	76e033ef9006ea685f4cf33a34b25db2b126f8044a0dfa0f5e1b0e6c9a0c138a
121	GCF_003302025.1	COMPLETE	COMPLETE	VALIDATED	REUSED_PREDECESSOR_BY_DIGEST	b21d1357eccaed2c2a2f604bcb2338d4192c061b012c8f8c38827e672912397c
122	GCF_002465545.1	COMPLETE	COMPLETE	VALIDATED	REUSED_PREDECESSOR_BY_DIGEST	5e591d4d4bff9d7cb80fd0e0889ca50a0b66ae76a5cf86c55c6a183add40c3bd
123	GCF_006542825.1	COMPLETE	COMPLETE	VALIDATED	REUSED_PREDECESSOR_BY_DIGEST	5874e96adbd721335a22593016ba818942ba5227de7037a277a922509d4ad1d0
124	GCF_009931235.1	COMPLETE	COMPLETE	VALIDATED	REUSED_PREDECESSOR_BY_DIGEST	c416a31b1a1980bc8a34c12b6060475ce5300ac17f95a74a9af1e2ef54373019
125	GCF_000835055.1	COMPLETE	COMPLETE	VALIDATED	REUSED_PREDECESSOR_BY_DIGEST	50d1a35b2ac0b05f4797af01bb3567a2187b244911e083f3ffaa99d838b42111
126	GCF_003293975.1	COMPLETE	COMPLETE	VALIDATED	REUSED_PREDECESSOR_BY_DIGEST	284ea6f1ee961b7fc031b23977bba8d8fd6fbf8e34948797c543139dc9f1ac0f
127	GCF_002116465.1	COMPLETE	COMPLETE	VALIDATED	REUSED_PREDECESSOR_BY_DIGEST	3b5386fbb72e32d337f952b7a077077922fc88c04ec435c55d6e4dd4cf4a1dc2
128	GCF_002228865.1	COMPLETE	COMPLETE	VALIDATED	REUSED_PREDECESSOR_BY_DIGEST	0528ee532c2117519d1eae1351b5aa98c9483551c14831e1c12387c5940a9874
129	GCF_002486585.1	COMPLETE	COMPLETE	VALIDATED	REUSED_PREDECESSOR_BY_DIGEST	28dcb1e75876c02e5690a5b68b72104e0d32ed3968a21caf3381c04b1c4dc2db
130	GCF_002244095.1	COMPLETE	COMPLETE	VALIDATED	REUSED_PREDECESSOR_BY_DIGEST	75883bf25bbaae2d65b0bb68a07ab96c03860e2edb1b4cc38862fcf99d0ee99b
131	GCF_001651605.1	COMPLETE	COMPLETE	VALIDATED	REUSED_PREDECESSOR_BY_DIGEST	2b4671bc7f597099e67fdd8b6fbe3ecb68d11370614e664cf20fd030947ff56b
132	GCF_019834335.1	COMPLETE	COMPLETE	VALIDATED	REUSED_PREDECESSOR_BY_DIGEST	fe7ee1aadd2fa48c025513e3f82bc8285e736f2a584fcf12a9634edd3c73d388
133	GCF_001266305.1	COMPLETE	COMPLETE	VALIDATED	REUSED_PREDECESSOR_BY_DIGEST	e123c0a3616bc59bd73ad0266cfb92bbbfbff58a081e579f0593be3a738b8a19
134	GCF_000357825.2	COMPLETE	COMPLETE	VALIDATED	REUSED_PREDECESSOR_BY_DIGEST	bed06a96c6a5d47a1333c9930ce0036d4d45441ac10a16cf8c820f6a7aa82224
135	GCF_009767495.1	COMPLETE	COMPLETE	VALIDATED	REUSED_PREDECESSOR_BY_DIGEST	ff655be1ab931a6bc1b8c7a281b2602ba0de2802024af1255896012ffcaa4e09
136	GCF_003988295.1	COMPLETE	COMPLETE	VALIDATED	REUSED_PREDECESSOR_BY_DIGEST	ee82b00852513592d63179a1d90b789e0db08260e8830638526bf42fd629157f
137	GCF_016404405.2	COMPLETE	COMPLETE	VALIDATED	REUSED_PREDECESSOR_BY_DIGEST	1b9a6b4357f17cb6cc999f003ccd1a8f78bdf39fb2e0bd86470a5658d64a7217
138	GCF_009794305.1	COMPLETE	COMPLETE	VALIDATED	REUSED_PREDECESSOR_BY_DIGEST	e0345eca3560076c8bb2c3fdf931408f0a1140c35a80afa128d81a3edd539e72
139	GCF_000355215.2	COMPLETE	COMPLETE	VALIDATED	REUSED_PREDECESSOR_BY_DIGEST	5ae4846e25a5699a1b2f8dff106cf2bfd727e8ade5412eb276713cf01a1538fc
140	GCF_001191045.1	COMPLETE	COMPLETE	VALIDATED	REUSED_PREDECESSOR_BY_DIGEST	93e5a3709749f5ed2cda5f30222663483bdb4618ffa588e2b702a5c6a6e6e1f7
141	GCF_016403925.1	COMPLETE	COMPLETE	VALIDATED	REUSED_PREDECESSOR_BY_DIGEST	0c010acab2517650a85c45cddcefa37c004e29cf33a378627e810109e7c42fc9
142	GCF_013391275.1	COMPLETE	COMPLETE	VALIDATED	REUSED_PREDECESSOR_BY_DIGEST	8df2005c030277f72564bdb04acf36e88357fd760bec2590bf5899223663395d
143	GCF_003076695.1	COMPLETE	COMPLETE	VALIDATED	REUSED_PREDECESSOR_BY_DIGEST	753af263552c8be4b6c43bd8c4bd4643203209688523a65688eeca9e47871558
144	GCF_013395855.1	COMPLETE	COMPLETE	VALIDATED	REUSED_PREDECESSOR_BY_DIGEST	b015342637ca41a3353d6653626221622a3e9de33bc1ce0b8face92738cca16b
145	GCF_900096855.1	COMPLETE	COMPLETE	VALIDATED	REUSED_PREDECESSOR_BY_DIGEST	b7e983dba05e7627107ec566c23c1694cea0b4d108082471115b7cc1b1ae0004
146	GCF_003731535.1	COMPLETE	COMPLETE	VALIDATED	REUSED_PREDECESSOR_BY_DIGEST	6803fbd63236c35f235ae147f3925023bf149c9e6fa6e7c2f00f17cdaa7d74a8
147	GCF_016103185.1	COMPLETE	COMPLETE	VALIDATED	REUSED_PREDECESSOR_BY_DIGEST	9329ba97b155f2eb530638f66246472ce55f7514413cbd61d6eeae0b663c4dd1
148	GCF_009393955.1	COMPLETE	COMPLETE	VALIDATED	REUSED_PREDECESSOR_BY_DIGEST	2da7dfcb5fd91a35ed1f55968402e5327a86970d462718cab60c4a279ff7fea3
149	GCF_002227115.1	COMPLETE	COMPLETE	VALIDATED	REUSED_PREDECESSOR_BY_DIGEST	7ca0cc2410950ead06bb9d60e46093579a085ad469f125fd86dc4f4c812b68a0
150	GCF_002542255.1	COMPLETE	COMPLETE	VALIDATED	REUSED_PREDECESSOR_BY_DIGEST	fc45906972b05e1c631097b14fb1e0765831f24555b5b4506c06a9f6a8c107c1
151	GCF_004569685.1	COMPLETE	COMPLETE	VALIDATED	REUSED_PREDECESSOR_BY_DIGEST	7b2df6fd47195cd08d860b2a9c136651c786c8d2196fbfd43a3b72d42c6e81fa
152	GCF_013395785.1	COMPLETE	COMPLETE	VALIDATED	REUSED_PREDECESSOR_BY_DIGEST	3bfde22b54ac500fb58e66025df37487068ac574ae143726ad7485d32339ca33
153	GCF_011404355.1	COMPLETE	COMPLETE	VALIDATED	REUSED_PREDECESSOR_BY_DIGEST	b5b6ed0d6d793e5a5b86c8cb98b1b170c2f6ce113f7c95ecf896b845a0f32b1c
154	GCF_002228265.1	COMPLETE	COMPLETE	VALIDATED	REUSED_PREDECESSOR_BY_DIGEST	9ebb8afb540c83406e4b7c12120071b7813df1e5ad11e7f50c4f01ee48de077c
155	GCF_004523615.1	COMPLETE	COMPLETE	VALIDATED	REUSED_PREDECESSOR_BY_DIGEST	5bdd686303fa3709f5ede7ac261599b9efe4234834c979b503e5bf60895d04da
156	GCF_019051815.1	COMPLETE	COMPLETE	VALIDATED	REUSED_PREDECESSOR_BY_DIGEST	ff4a4d0949f2ab1f97f0c41f38fc9b20fb384f32627f0fcd1ad06338360fa11b
157	GCF_016760895.1	COMPLETE	COMPLETE	VALIDATED	REUSED_PREDECESSOR_BY_DIGEST	58c63e40c27dc61dff9d075b2dc44d587bdad32f93262e855a8e46cc539d55ae
158	GCF_900500215.1	COMPLETE	COMPLETE	VALIDATED	REUSED_PREDECESSOR_BY_DIGEST	417ead4ecc6d7c02dc759f6e59b588f0f960b86a1c4fb2fb72880ff9ba080063
159	GCF_001894065.1	COMPLETE	COMPLETE	VALIDATED	REUSED_PREDECESSOR_BY_DIGEST	2b078d819d6c0322ce514bdeb6dc4ba24aabd21c305c2f562786a920d9ca3799
160	GCF_005399985.1	COMPLETE	COMPLETE	VALIDATED	REUSED_PREDECESSOR_BY_DIGEST	0333e7008e500ec0025f66534a1d647551c8db35115d7f835b9950d671c22150
161	GCF_900520305.1	COMPLETE	COMPLETE	VALIDATED	REUSED_PREDECESSOR_BY_DIGEST	3f0cfedae051c94f60f80b9b3fbd52e04d3f3795a05dae537d028204ff3a908a
162	GCF_000627985.1	COMPLETE	COMPLETE	VALIDATED	REUSED_PREDECESSOR_BY_DIGEST	bdab4c3640846792ad027b4c29710a73f6bbed2f831326bf8f4a34ba9476e425
163	GCF_002972665.1	COMPLETE	COMPLETE	VALIDATED	REUSED_PREDECESSOR_BY_DIGEST	03dd93382cea955904c28c6d65d107499f4fec045dc473fe653b9e1cd1e29cbc
164	GCF_013183145.1	COMPLETE	COMPLETE	VALIDATED	REUSED_PREDECESSOR_BY_DIGEST	5fd4d6468e6af14e3f729e6107312acdca6a32608ddbe0715058b8a0ad95419b
165	GCF_000458295.1	COMPLETE	COMPLETE	VALIDATED	REUSED_PREDECESSOR_BY_DIGEST	8c9cb613db61575ba2fef5a1ea505d62b2457994e04c779f5dd297d74a6482d2
166	GCF_020216385.1	COMPLETE	COMPLETE	VALIDATED	REUSED_PREDECESSOR_BY_DIGEST	eaa1e6ebb0d1dcc404ec966b355e4a60e1d489069a4ade4f2325ede9df3ff0a7
167	GCF_002464385.1	COMPLETE	COMPLETE	VALIDATED	REUSED_PREDECESSOR_BY_DIGEST	0592a0457e23035a209b06354cc6ff00aad3a5b9e472b0edee258b819afa23f1
168	GCF_004010615.1	COMPLETE	COMPLETE	VALIDATED	REUSED_PREDECESSOR_BY_DIGEST	f3324bd1b1a75ee8e30b1a694967097c6b8d3cf1ab52c057e6092e741d6ae489
169	GCF_006233005.1	COMPLETE	COMPLETE	VALIDATED	REUSED_PREDECESSOR_BY_DIGEST	36498f1223c8889b6b179de9f739ba460941b9a93356e16b3134dc5426fbe61c
170	GCF_019104325.1	COMPLETE	COMPLETE	VALIDATED	REUSED_PREDECESSOR_BY_DIGEST	ef236212388834aa547adf7f59eadaeddd6c9e8ebb981f7261edfaec68680093
171	GCF_000599645.1	COMPLETE	COMPLETE	VALIDATED	REUSED_PREDECESSOR_BY_DIGEST	c621da4cea6c07f75300918fa212dd7c9f8715b75d843b65fff68ba8d1ed4ec4
172	GCF_003956205.1	COMPLETE	COMPLETE	VALIDATED	REUSED_PREDECESSOR_BY_DIGEST	5c3df90be0b9fc63ee168ca49fe8bc1f94dd319596c7a10c1816e2420afeddd8
173	GCF_014169035.1	COMPLETE	COMPLETE	VALIDATED	REUSED_PREDECESSOR_BY_DIGEST	b7d8b000fb13d2cb63a2c10c8dd1d13de6e9c18b5039c167bc174ecd56b10dda
174	GCF_900016095.1	COMPLETE	COMPLETE	VALIDATED	REUSED_PREDECESSOR_BY_DIGEST	56668f5242ff47ed6ed62d3fdf622ce48aae290d1ed02f345dac30f2bbd57101
175	GCF_900015375.1	COMPLETE	COMPLETE	VALIDATED	REUSED_PREDECESSOR_BY_DIGEST	86b1e6be16ee7cd2b22ebf409b41f4489477eaa3bc5792d5f007b818c488a37c
176	GCF_000351505.1	COMPLETE	COMPLETE	VALIDATED	REUSED_PREDECESSOR_BY_DIGEST	94546210116fe8d662b884714690f9206b1a69dc5cf6ee4e41b30d8332cf9195
177	GCF_904809765.1	COMPLETE	COMPLETE	VALIDATED	REUSED_PREDECESSOR_BY_DIGEST	757c7c9ac6bd2d4c111123fe241f12d4715c49c38c705a6007957584bacf2ec4
178	GCF_015693755.1	COMPLETE	COMPLETE	VALIDATED	REUSED_PREDECESSOR_BY_DIGEST	f73e3b01c7d45b961a5bb3049c761d003008e8b6d15a5dee4711b5d855e6817d
179	GCF_021341955.1	COMPLETE	COMPLETE	VALIDATED	REUSED_PREDECESSOR_BY_DIGEST	4bd8612257751a94c1274f68a8269d46f49ab4f487ea5d4327131fd381ee5469
180	GCF_003292875.1	COMPLETE	COMPLETE	VALIDATED	REUSED_PREDECESSOR_BY_DIGEST	1c58bbeb3af6c7838125f3ac5ecd8abe00d0136a864e3f521115f431aded564f
181	GCF_000647475.1	COMPLETE	COMPLETE	VALIDATED	REUSED_PREDECESSOR_BY_DIGEST	779bc7d332455d23cd090c6bb3139cac43a5a6b1649666252567263ba9fb01d0
182	GCF_003293265.1	COMPLETE	COMPLETE	VALIDATED	REUSED_PREDECESSOR_BY_DIGEST	5d828b18f01a0baff5af5aafacb9258a5065991c232cf50e1e7bbff6c20312a4
183	GCF_002467555.1	COMPLETE	COMPLETE	VALIDATED	REUSED_PREDECESSOR_BY_DIGEST	6e97994ba8e9217e07c5541407f7e7502490a356d524a71080e1302d79b9f458
184	GCF_904810175.1	COMPLETE	COMPLETE	VALIDATED	REUSED_PREDECESSOR_BY_DIGEST	a0325973c384bab67635ca8d23dc487c2c1143b302053ee4bcb9643a3a113553
185	GCF_003367575.1	COMPLETE	COMPLETE	VALIDATED	REUSED_PREDECESSOR_BY_DIGEST	b35dca005071fc65614ec49c1b1bc3c8fcc0a0c82132f6cd2c00a551f7a10a7f
186	GCF_009880525.1	COMPLETE	COMPLETE	VALIDATED	REUSED_PREDECESSOR_BY_DIGEST	1fe657a19df55a24fee7abb8c0d7b874ee095c019a949a6efb356fada60c861f
187	GCF_000752535.1	COMPLETE	COMPLETE	VALIDATED	REUSED_PREDECESSOR_BY_DIGEST	4c38a1b6a05fd810f1e77b63597b5e4062bcc5e2b6fe912a7ae0acb29d94f5a0
188	GCF_011045875.1	COMPLETE	COMPLETE	VALIDATED	REUSED_PREDECESSOR_BY_DIGEST	02d1494333b15edcb5f3fa260128060c30bcd58d667168daf7a64ec3e7e30dc9
189	GCF_000442065.2	COMPLETE	COMPLETE	VALIDATED	REUSED_PREDECESSOR_BY_DIGEST	1399cc9107f2daa6cb5f3f58860a1593cda82c2d232cc6ee77ec21701de53c0b
190	GCF_003686895.1	COMPLETE	COMPLETE	VALIDATED	REUSED_PREDECESSOR_BY_DIGEST	af72f687e6f4adb260c55c8f25538d95c101bfad16d73a29db3a7c02478d3754
191	GCF_010820865.1	COMPLETE	COMPLETE	VALIDATED	REUSED_PREDECESSOR_BY_DIGEST	8191e1edb56b300db71f469f7b0fd0c5a2becff4b98de9e639482027d2cc3fb1
192	GCF_003322845.1	COMPLETE	COMPLETE	VALIDATED	REUSED_PREDECESSOR_BY_DIGEST	fafc8307a26b7832ace33fb37d1220b64234d7d890c18f1e34496cf8d453f452
193	GCF_900499545.1	COMPLETE	COMPLETE	VALIDATED	REUSED_PREDECESSOR_BY_DIGEST	3fc6d76f789485465ea5b23769e223b0c5769844a78c1291b42e48fe0033f37f
194	GCF_003328195.1	COMPLETE	COMPLETE	VALIDATED	REUSED_PREDECESSOR_BY_DIGEST	ca78b75bcda0864544a971b566b5606edb999c1a5fbf85e783abcb8c0196c772
195	GCF_002770195.1	COMPLETE	COMPLETE	VALIDATED	REUSED_PREDECESSOR_BY_DIGEST	2ce5c429e9634e38195ebbf941c70f83e20063f04b3bcdb9c7993978da036094
196	GCF_002016465.1	COMPLETE	COMPLETE	VALIDATED	REUSED_PREDECESSOR_BY_DIGEST	df518b882a92dbcd7b7c074f67e3886ad47eeaec8432646f7eb838c0d58731ff
197	GCF_002941745.1	COMPLETE	COMPLETE	VALIDATED	REUSED_PREDECESSOR_BY_DIGEST	0b5ad1a71d560ffa73c9260688a09dd2484fef611dc715d1e6ed2e907d9147ac
198	GCF_002190145.1	COMPLETE	COMPLETE	VALIDATED	REUSED_PREDECESSOR_BY_DIGEST	8497f1a8304977cbc495005656d989cebf792b5beec2500a4a33f4ef494b4ea8
199	GCF_003301195.1	COMPLETE	COMPLETE	VALIDATED	REUSED_PREDECESSOR_BY_DIGEST	f74d8f70e538ae7f2ce1cb6acd9c392ca85bb56433770cf59725ca99bc50696a
200	GCF_017163155.1	COMPLETE	COMPLETE	VALIDATED	REUSED_PREDECESSOR_BY_DIGEST	b6defc062c6cac4ad21953f0b9376d79bf63cd6c3af5b2a0d741bc91309cf239
201	GCF_003145395.1	COMPLETE	COMPLETE	VALIDATED	REUSED_PREDECESSOR_BY_DIGEST	97e6fd018a158987c94461f5d2cee32d70b22fe3603111909181477ba0b0bc69
202	GCF_003300725.1	COMPLETE	COMPLETE	VALIDATED	REUSED_PREDECESSOR_BY_DIGEST	2e27b6ea6e173f0e0bdc9b4ab288c4e3a32ab12d4733908b9ee271f05b67f45c
203	GCF_001650275.1	COMPLETE	COMPLETE	VALIDATED	REUSED_PREDECESSOR_BY_DIGEST	507d7c1113c4ded70035fe4f16646e11f9530a6a3e233aff2ba756a3a4493ff4
204	GCF_014494815.1	COMPLETE	COMPLETE	VALIDATED	REUSED_PREDECESSOR_BY_DIGEST	4ba0f405b122652fd8c5bccf074f3c44024a0571ba0efda119af2e50416da734
205	GCF_002535515.1	COMPLETE	COMPLETE	VALIDATED	REUSED_PREDECESSOR_BY_DIGEST	0bd90e7dd9b8ea76dc352c80676b6792923a4c58dbe6becf1acd994edd0a8a47
206	GCF_000798075.1	COMPLETE	COMPLETE	VALIDATED	REUSED_PREDECESSOR_BY_DIGEST	6ec9430115e2988c8a0a3fc7fb9bf8cf96a7e829db969d3fb77c6d4969da09be
207	GCF_002232295.1	COMPLETE	COMPLETE	VALIDATED	REUSED_PREDECESSOR_BY_DIGEST	b7960125f9ea22404a7bc1c327a1ab533c422c3a3d92aca79ed5a8a10cd7ef3d
208	GCF_004569745.1	COMPLETE	COMPLETE	VALIDATED	REUSED_PREDECESSOR_BY_DIGEST	2acbdb8d71b62b0d8ff3c738f1593de6aded1f4795d6807f5a53ce6cca93f9a5
209	GCF_000418675.1	COMPLETE	COMPLETE	VALIDATED	REUSED_PREDECESSOR_BY_DIGEST	1bff2610a0e18c6e1b61f95fea94a3c312814ae4aacc9e5f35fbc917653a5459
210	GCF_006232215.1	COMPLETE	COMPLETE	VALIDATED	REUSED_PREDECESSOR_BY_DIGEST	5bf4bd7c61a769fea1b2ecda761392312ba1e29e1a0788805f6f08217748401b
211	GCF_006238305.1	COMPLETE	COMPLETE	VALIDATED	REUSED_PREDECESSOR_BY_DIGEST	48e02c0b33579f3173becb2433579f026ba8cbc177a84535178498208ae554eb
212	GCF_000492235.1	COMPLETE	COMPLETE	VALIDATED	REUSED_PREDECESSOR_BY_DIGEST	d1b5e77ac0fb40f8fea6447707371a14f8f821335f45e813a609a7d42bfa80f2
213	GCF_003981055.1	COMPLETE	COMPLETE	VALIDATED	REUSED_PREDECESSOR_BY_DIGEST	2bb9358da56c9b22ef186c38f2751b1a95d81b31fc1748ff628de94b78539aae
214	GCF_005395665.1	COMPLETE	COMPLETE	VALIDATED	REUSED_PREDECESSOR_BY_DIGEST	6af0b8c59e4c460ef125d287fd092b1ef348912f9d6fdfcec071b57e85a462c2
215	GCF_015163255.1	COMPLETE	COMPLETE	VALIDATED	REUSED_PREDECESSOR_BY_DIGEST	97846a765499e479d28e05d06398a63638554e6e951a7a641a7ad39ae2dc90c9
216	GCF_000357005.2	COMPLETE	COMPLETE	VALIDATED	REUSED_PREDECESSOR_BY_DIGEST	e079f6420571a480cd89afda5ea7566eb1cd3c614473fd2f981c1d3c0b577f30
217	GCF_006349805.1	COMPLETE	COMPLETE	VALIDATED	REUSED_PREDECESSOR_BY_DIGEST	cb307770693d0ed419ec6164f8418bac9dc02a350a634254b1287bc8bb87f45e
218	GCF_013369795.1	COMPLETE	COMPLETE	VALIDATED	REUSED_PREDECESSOR_BY_DIGEST	b2c3c8e00871ee943e3c315542970c28ac6e5f554f63277d736e8611231b6b7c
219	GCF_004661505.1	COMPLETE	COMPLETE	VALIDATED	REUSED_PREDECESSOR_BY_DIGEST	904f210ca7fa38b5cc494ce493baa21ee5547d1da29b36a76688b1a54b6ede84
220	GCF_002465635.1	COMPLETE	COMPLETE	VALIDATED	REUSED_PREDECESSOR_BY_DIGEST	b0a7d6c04a828650e82dd1734b9d9115a9b07925a88b169d76396ed36baa1209
221	GCF_016889485.1	COMPLETE	COMPLETE	VALIDATED	REUSED_PREDECESSOR_BY_DIGEST	046bacb527f9ef232e27173cd2cccc85a09800d4f1775a6ec84e0211e8b3eee5
222	GCF_006236075.1	COMPLETE	COMPLETE	VALIDATED	REUSED_PREDECESSOR_BY_DIGEST	d27a660a7087db8d1fe324050ac551247cc3705aa1669b106e3cd493a57e2852
223	GCF_015160015.1	COMPLETE	COMPLETE	VALIDATED	REUSED_PREDECESSOR_BY_DIGEST	571bff91f1d8cdf6623588eec3117a074e08f50425ae28001b32824ee84a875c
224	GCF_001679985.1	COMPLETE	COMPLETE	VALIDATED	REUSED_PREDECESSOR_BY_DIGEST	cbd87a4dd16728ce0c92854660cda9e7063bc44c92bd9ec5f876de366bd9eb99
225	GCF_003830805.1	COMPLETE	COMPLETE	VALIDATED	REUSED_PREDECESSOR_BY_DIGEST	ba2fe3eae58704c18bed43ca97b593e1a5ab6883b2ca6e0fde0f74fe713ffd8d
226	GCF_020422075.1	COMPLETE	COMPLETE	VALIDATED	REUSED_PREDECESSOR_BY_DIGEST	bd2675e8b8079b21bb718ff4ed9d5ac9a9361f9c010dd7419164833ea77feef4
227	GCF_900196545.1	COMPLETE	COMPLETE	VALIDATED	REUSED_PREDECESSOR_BY_DIGEST	34f9f0468195e4a903632aa265778b2ae5dbb2b3ed4ddbd2d0ff2f5c9a755823
228	GCF_017594025.1	COMPLETE	COMPLETE	VALIDATED	REUSED_PREDECESSOR_BY_DIGEST	863650cb88a154d5fe16126870bb66f60fe96a2a1be6d355a6c04a06d4a0bcae
229	GCF_905219285.1	COMPLETE	COMPLETE	VALIDATED	REUSED_PREDECESSOR_BY_DIGEST	bcef752d01ee32dfe4518d3047d0f9e17ed1648c2b4b42b33dc9eadf02a2de08
230	GCF_000304075.2	COMPLETE	COMPLETE	VALIDATED	REUSED_PREDECESSOR_BY_DIGEST	40d18d11a31afdb373ed7e91844536ef21ef80793af7d28e5131b6f11def00f0
231	GCF_005399365.1	COMPLETE	COMPLETE	VALIDATED	REUSED_PREDECESSOR_BY_DIGEST	1e9dcac78766e731bf371641fbfdd8ff96f1df5c847bb11b30291e334ee204ee
232	GCF_004767025.1	COMPLETE	COMPLETE	VALIDATED	REUSED_PREDECESSOR_BY_DIGEST	524725ebf3d67a6c558b024e0301f46f3a0e14dbe7b6c8bd79b21c5c80db5d97
233	GCF_019800285.1	COMPLETE	COMPLETE	VALIDATED	REUSED_PREDECESSOR_BY_DIGEST	145f739da11fee54fc66c8647daecccf440c8803a6d0e02f061a18a381cec16e
234	GCF_002973095.1	COMPLETE	COMPLETE	VALIDATED	REUSED_PREDECESSOR_BY_DIGEST	77d80d9ef42547d654bc2a49d20d9fafc0cfdf62356a979b796b47a39327e775
235	GCF_002916665.1	COMPLETE	COMPLETE	VALIDATED	REUSED_PREDECESSOR_BY_DIGEST	c60de170e95ddcea744f17411c907a6876ff878ec56d1c47f8ed23378fa798c2
236	GCF_021108615.1	COMPLETE	COMPLETE	VALIDATED	REUSED_PREDECESSOR_BY_DIGEST	9f8f307e5abe70dec22dd7cf2c3701d706ac5b2e9a6e0b8532efd2cc701e427c
237	GCF_011045235.1	COMPLETE	COMPLETE	VALIDATED	REUSED_PREDECESSOR_BY_DIGEST	9a56a759fc54bfd3d98a4e632955cbccd8849a7aa596b788fb00bb1230276e83
238	GCF_019841145.1	COMPLETE	COMPLETE	VALIDATED	REUSED_PREDECESSOR_BY_DIGEST	33b1f1de0eeb8f4948bdef2adb39e779fc56ef305b35cfa8364446fdbce63961
239	GCF_002769655.1	COMPLETE	COMPLETE	VALIDATED	REUSED_PREDECESSOR_BY_DIGEST	464e5581731c43f4c0bc0e684069ccacb2f8e44d2ca58189e7aef6cf066fbe5f
240	GCF_014855895.1	COMPLETE	COMPLETE	VALIDATED	REUSED_PREDECESSOR_BY_DIGEST	ff02a2a7d84d66746a44165b8a4d71971459b928165aa1c706b54dc9d4d502ba
241	GCF_006350385.1	COMPLETE	COMPLETE	VALIDATED	REUSED_PREDECESSOR_BY_DIGEST	aba71b8fa02ac5d6bcb1bd87b76b96c6afe9e13fc4bc8ba6920a97a371c18430
242	GCF_009627495.1	COMPLETE	COMPLETE	VALIDATED	REUSED_PREDECESSOR_BY_DIGEST	8c84e0ab4a805b406104f546438868598efaee0f8af13c3b494d48fee98d6625
243	GCF_003829865.1	COMPLETE	COMPLETE	VALIDATED	REUSED_PREDECESSOR_BY_DIGEST	74c02a04e86906d238c1771c67834262135a0af1e50327c3caba846813c20172
244	GCF_002810895.1	COMPLETE	COMPLETE	VALIDATED	REUSED_PREDECESSOR_BY_DIGEST	36777d432d21a04ca336202dd849bf3ca7d0a6ed8eee52337482586e83f8574f
245	GCF_014170995.1	COMPLETE	COMPLETE	VALIDATED	REUSED_PREDECESSOR_BY_DIGEST	c69f4ee0eb9e74221884b3a9b63027556ac8749b17d711a0f555e80acc2bf082
246	GCF_000781295.1	COMPLETE	COMPLETE	VALIDATED	REUSED_PREDECESSOR_BY_DIGEST	4f051887349ac92e982294f7ba6ca8af492a79f02523acfc1ecdafdd8682278e
247	GCF_002767435.1	COMPLETE	COMPLETE	VALIDATED	REUSED_PREDECESSOR_BY_DIGEST	ba7673d9fabc2ce8cd6753f4de62634c154d17eef65844f1839d3837951a0cf6
248	GCF_003982245.1	COMPLETE	COMPLETE	VALIDATED	REUSED_PREDECESSOR_BY_DIGEST	33c3b5caed2c0c3c2ed698d10f25fdf944d660ded2f4cdd6cd8e56e62cdde5c3
249	GCF_900479215.1	COMPLETE	COMPLETE	VALIDATED	REUSED_PREDECESSOR_BY_DIGEST	9d186e8ebf30d788429f097f1cb8afd2fd88f99bbee4039056ad0831e42e95c1
250	GCF_020089695.1	COMPLETE	COMPLETE	VALIDATED	REUSED_PREDECESSOR_BY_DIGEST	7715ca168a961b06e3fea1ceb13084e64bffecbf5b9ff12bccec5214f0d86171
251	GCF_003337025.1	COMPLETE	COMPLETE	VALIDATED	.	1727b5d95dca95f8bb31d62191ce10c90ef73bb2d55e890a496ff9cc1b7f7424
252	GCF_016903995.1	COMPLETE	COMPLETE	VALIDATED	.	cb18df0879d2adc134cbbb8c8b7f3c31076ef929c9cc5acb8902a835487a6c0c
253	GCF_016761285.1	COMPLETE	COMPLETE	VALIDATED	.	9de7186162875d650248bccdcf1630fc87393555b39c1c824c6b74d00ddd2638
254	GCF_001619145.1	COMPLETE	COMPLETE	VALIDATED	.	326b5f1a33b499d204bbdbaffcb13d5128b7ab811d3f93300690bf7e1e58b668
255	GCF_900480335.1	COMPLETE	COMPLETE	VALIDATED	.	232af400887dd13eb873715cfb8e8b766cee73bad59b63088829fea719c4b7e2
256	GCF_019104435.1	COMPLETE	COMPLETE	VALIDATED	.	926e14c9dda5cc8edb34cabae30c8955e3ae79dfc6da2c2dac63cc876d43fd2a
257	GCF_001638135.1	COMPLETE	COMPLETE	VALIDATED	.	70bb286bea2259f04896f2490ec6ddcf48f2212d14bd3bd3a64ef237455485ee
258	GCF_020786115.1	COMPLETE	COMPLETE	VALIDATED	.	a768e22cc74ea2507ab39d262ed2486219e4011dd4cbde08686edf2a0a65a02f
259	GCF_000773575.1	COMPLETE	COMPLETE	VALIDATED	.	d1e121b726fb87f8f113af8b61604dbf73bfa0bbff5783d1e202937905621d32
260	GCF_000267105.1	COMPLETE	COMPLETE	VALIDATED	.	c1aa3086eade76e9c1851c9f0917137682be42eb9c4b3b84ae2645082cd5d240
261	GCF_008389185.1	COMPLETE	COMPLETE	VALIDATED	.	63f9442392701ac5fda19fddaefe590c942124b76c1960a9aa606264779e3820
262	GCF_000753155.1	COMPLETE	COMPLETE	VALIDATED	.	a11c2a8080e2ad17d22f687887ffca64aef72bf23d02ad17bb1026ebeed157f7
263	GCF_902505045.1	COMPLETE	COMPLETE	VALIDATED	.	4489251793bc08a8dc4bc7daa698890ec209ee95afa9d0e0b1ac451c7be7e71c
264	GCF_000249175.1	COMPLETE	COMPLETE	VALIDATED	.	f83c4360b210a9581ca09e936a2d901d2ddce36680078681ce8041c5b83c28fa
265	GCF_005393525.1	COMPLETE	COMPLETE	VALIDATED	.	5176e1647aa778c0341e76d8f5a46516cdc8d65e367da0a1011b7d2998aed2f4
266	GCF_020162325.1	COMPLETE	COMPLETE	VALIDATED	.	386efcc407db9429ba92abda4c2faaab7c647c47a2fadac4b7e498797dd666e7
267	GCF_003306715.1	COMPLETE	COMPLETE	VALIDATED	.	512354aeee5291954891bc686be28e738c17c6182c3baee2e9852dee0a4678fe
268	GCF_902705595.1	COMPLETE	COMPLETE	VALIDATED	.	aa531b2ffff42e33de56a0584d9fa0706a0852d1154d6b47aa79c93f332bce84
269	GCF_900500585.1	COMPLETE	COMPLETE	VALIDATED	.	fab98d46009932d68a8c6473a34f5ec02fcf0bf70d841ed2d24f82eb091c107c
270	GCF_004960695.1	COMPLETE	COMPLETE	VALIDATED	.	d087dd14313ea98bf4bdd4a81ddfbaa4902bd3b1c022f848723f2cd8baa95afd
271	GCF_002515365.1	COMPLETE	COMPLETE	VALIDATED	.	6869f99d49e19fd5c65a635135a33c047d43c13f76805d301b127af4ef752b20
272	GCF_900479335.1	COMPLETE	COMPLETE	VALIDATED	.	84940f4111929dc110e0d8c598b87c5786fbe1e9f1363d785cc808098717b52b
273	GCF_015731485.1	COMPLETE	COMPLETE	VALIDATED	.	9bc7c93654a937ed4a69cb3de6d8bef1692bb078a8bcbb6a5961b13e4bf2339e
274	GCF_003000615.1	COMPLETE	COMPLETE	VALIDATED	.	befcc37b33547ad706762c6626a84c49699c3b1c48651e1e56e57a0396d93340
275	GCF_000781575.1	COMPLETE	COMPLETE	VALIDATED	.	8cf4468efb330c4269fd555c60d7a4046a70a639279381a4ca490674fac0300b
276	GCF_009832985.1	COMPLETE	COMPLETE	VALIDATED	.	769a7e3ee263a3049d12f72efd162aa29c6986aaeef5a0129b27eb0a6c08859e
277	GCF_000355295.1	COMPLETE	COMPLETE	VALIDATED	.	01ea3082a7feaf0008cf4f1f1e84f2bfeb377c4725ae4c6811954761638fe231
278	GCF_916160245.1	COMPLETE	COMPLETE	VALIDATED	.	690e2a4298ca2f8cc17ed5cb49bbc4636f2e95dcd8d7c919a2f0f09391d83902
279	GCF_003360075.1	COMPLETE	COMPLETE	VALIDATED	.	4c3e726179bc808dd2bb8143dd839cc5a30b5bb24592719f2b2681253f34a0cd
280	GCF_000358855.2	COMPLETE	COMPLETE	VALIDATED	.	252663b426cd03100a1f612631f4ffa63f91b76b40e916d35664ae20201646d3
281	GCF_002535305.1	COMPLETE	COMPLETE	VALIDATED	.	b92eafc74ddc9ebad672cfb17ca7afa410f0a27bb057afeeadc354dec861dc8a
282	GCF_000408345.1	COMPLETE	COMPLETE	VALIDATED	.	164037ebd1293b8616ea2465ee947105ed11001ac0309904cdfdd09f533844c8
283	GCF_001893525.1	COMPLETE	COMPLETE	VALIDATED	.	fd9cb617ce0347ccb452f366251bf719902bf712228b0659b618f5f511b3b944
284	GCF_002231955.1	COMPLETE	COMPLETE	VALIDATED	.	7695f4ae7c97d6f3a3cf850fb0b293d5409fa348a3b1e46ad0ef44a604886ed2
285	GCF_014529205.1	COMPLETE	COMPLETE	VALIDATED	.	39b9fa131c0e1bbcae95d9b8a8b6b8f10a0d15391f60bc2910f8786e6afb1f4d
286	GCF_003028135.1	COMPLETE	COMPLETE	VALIDATED	.	2908998aee401c7c7c4dd193cdab2a95efb867c44bf2bdb438714607d5bb1dcc
287	GCF_900479575.1	COMPLETE	COMPLETE	VALIDATED	.	8852ca8fedf02b3765d5fc25cc67852f4c1f6d2907f6e066a23ee0a84da55981
288	GCF_005388405.1	COMPLETE	COMPLETE	VALIDATED	.	b04a1c5d876fb97494eafd555c9367482e5c4b455e56dc1cc47d0914c60ce3a4
289	GCF_009822305.1	COMPLETE	COMPLETE	VALIDATED	.	f59701de0ed15863710be894cd5ea1369868281e5b1dcf8a615cd9efde918809
290	GCF_020668725.1	COMPLETE	COMPLETE	VALIDATED	.	c06bf96d19dcc9db28d6c80c50576d6e0d78d12381f353c0f3da91d4bcbda6da
291	GCF_002764815.1	COMPLETE	COMPLETE	VALIDATED	.	0bd03610f0329c34c2cedf29f09f0799e4524e92e0d893237ee41fd8c60417c2
292	GCF_006230075.1	COMPLETE	COMPLETE	VALIDATED	.	35610b153f25dc3764c5078f6d6056e06c7c5d0a9d418e9c6deb30e4e6b85e66
293	GCF_009793765.1	COMPLETE	COMPLETE	VALIDATED	.	ee855c91dba74bffacd3c988ebc3f226b8454303f5d64989e446685664f4e662
294	GCF_003302995.1	COMPLETE	COMPLETE	VALIDATED	.	c0cd98ad783472da552f34723077be60b776a147243e31143877b85ef4ffcd98
295	GCF_002056065.1	COMPLETE	COMPLETE	VALIDATED	.	5d38f18725820d936f7f40cc79a66eea71f3bd572a01b3e1710af8af4a1114a8
296	GCF_900195745.1	COMPLETE	COMPLETE	VALIDATED	.	f73caa792617f7ea27dfde97b395ca7856feb7161fb6a449520d3aee03278bc6
297	GCF_001571915.1	COMPLETE	COMPLETE	VALIDATED	.	861f8b66c58aaf07ec07a606f534b770106fbf4b36107efc8172f60c2c7ce475
298	GCF_002165115.2	COMPLETE	COMPLETE	VALIDATED	.	18ae0f4fb3bb6debd63eeeff059c2b7ef692298fe7bcd3a8e0451f1e78aac393
299	GCF_016905495.1	COMPLETE	COMPLETE	VALIDATED	.	aff4e87a959b675851b3a3aeeb18d055e91bd49190c9cc03c020820963142dd7
300	GCF_002194715.1	COMPLETE	COMPLETE	VALIDATED	.	9063646f6134c092d5113b8fcc5bfac260b041cb9931d4e40b8c3f4efc17ac0b
301	GCF_002002235.1	COMPLETE	COMPLETE	VALIDATED	.	bb38f3b315e3c42f9ff327637ea007b89941cd9b27d77420b1690d817335ba7e
302	GCF_001402805.1	COMPLETE	COMPLETE	VALIDATED	.	b58bb276b81629550347c7c2eb4979bdca695ccbc68646a923540a78df54a683
303	GCF_000703265.1	COMPLETE	COMPLETE	VALIDATED	.	eeddbcb1b35d1f534875fad394ed85442fd007a33ba781e723998004b4395ce2
304	GCF_009910465.1	COMPLETE	COMPLETE	VALIDATED	.	99b45a3b328df6d08177f5e4f3db7f337994280c2757c941b7dbc6e380b153bd
305	GCF_004661495.1	COMPLETE	COMPLETE	VALIDATED	.	652fbcfab75261b2ad70e393ca1b9cf7a2c2ec29aa7e87c94a088c621d7c1b26
306	GCF_002233475.1	COMPLETE	COMPLETE	VALIDATED	.	776e2e57f3d131771c41fa7de3670b6cb67089fc420e6dddaf138131c9b6c5f5
307	GCF_021342755.1	COMPLETE	COMPLETE	VALIDATED	.	03b02917818ab2fd02f79ff0b9353a3385e9e5fe7d55619c876e808fcc8a95df
308	GCF_003301875.1	COMPLETE	COMPLETE	VALIDATED	.	9c8ba755b81cc8286854d63c03ce75defc631a2be2b71b0e7acb9bdfffb402d4
309	GCF_003318595.1	COMPLETE	COMPLETE	VALIDATED	.	5732ce519830c0dc67d05fbf0b71222722fd2cd8535b1347da5aa382e08449f4
310	GCF_008388475.1	COMPLETE	COMPLETE	VALIDATED	.	67d2162f58fef1bb8c887426743215a3d4e1cf303560b25512929e9d378f3169
311	GCF_003302895.1	COMPLETE	COMPLETE	VALIDATED	.	da60f4e83d07b1357f2e4217361dac6ce83a3460660eed417f521c8d97cf54d0
312	GCF_001942085.1	COMPLETE	COMPLETE	VALIDATED	.	5ee097cc2f82bde501548e342e234812bc79a0617cc7d12082a1f338c0eea4d6
313	GCF_014862275.1	COMPLETE	COMPLETE	VALIDATED	.	21f42b0322b225da5cde909579fbbc0ffe0f4f1d57784d6f9165481e513f7349
314	GCF_017594325.1	COMPLETE	COMPLETE	VALIDATED	.	c95620af926313c2373f5df2b4cf45bff79821a365ffa99cb80cddf328e6b363
315	GCF_014117345.2	COMPLETE	COMPLETE	VALIDATED	.	56e8dc3a52b06c2a048ca8cf66924e6d1925fec193e0eb081bcfc119736a296f
316	GCF_003328095.1	COMPLETE	COMPLETE	VALIDATED	.	90d4d7e66a40eea78bcccd1753b22b62455259d3977b879e7dd840806a4d79dd
317	GCF_017165455.1	COMPLETE	COMPLETE	VALIDATED	.	3290affaabe3023db57216c2cfcbef24d856ee43b4b491d29d2987a1102bdd1a
318	GCF_900499255.1	COMPLETE	COMPLETE	VALIDATED	.	58c6e90066f22abe6de760e5ad80338dc12c65c027325c3474e0a367551fb980
319	GCF_003469495.1	COMPLETE	COMPLETE	VALIDATED	.	13a685fb0f80699f2e03c1074ad274f85bad2f945eaf1b102b9a6dae534c5e84
320	GCF_017595435.1	COMPLETE	COMPLETE	VALIDATED	.	850a6dd2fd3cdd0083bf16be57d052025a151680f81cbea074204e8424812e24
321	GCF_001911755.1	COMPLETE	COMPLETE	VALIDATED	.	a9068c8b28588de1d2f3801fe2c3d6d307e6ced911cfe7cbf7ec66a97d97f45b
322	GCF_009600715.1	COMPLETE	COMPLETE	VALIDATED	.	b4e7901b3cc371074b9c631311affe1f2d062df1718a3c61781022ce293f0366
323	GCF_002228035.1	COMPLETE	COMPLETE	VALIDATED	.	86d3b2c18bdcc0511b1511481cda1e2115576836f4a8e997ba72dca94639bb6b
324	GCF_009899125.1	COMPLETE	COMPLETE	VALIDATED	.	0392a00e1115e22c5d25c85326951b07e032d7ec1975672263f9ddaedbc1acd3
325	GCF_002469155.1	COMPLETE	COMPLETE	VALIDATED	.	0ebd09c06a96ef96a13be750f604eb5e3162171110c0876a3a612d7e3c629d93
326	GCF_006352105.1	COMPLETE	COMPLETE	VALIDATED	.	80135cbcd23a029b575b38ebf6b1f628e94a98ac93017ba67e953c9f9c37264f
327	GCF_009820835.1	COMPLETE	COMPLETE	VALIDATED	.	4d5771a7c9a32c0c1cd61d242bd54413db40c93cb6acba880e880514ec6663f4
328	GCF_001506145.1	COMPLETE	COMPLETE	VALIDATED	.	6eb1044f5591e9a30e47e9c44502df7793ff46ad84b6c76a09eaa06c1e841767
329	GCF_002546515.1	COMPLETE	COMPLETE	VALIDATED	.	dd3e7abbbd36cfb2e3df4f61b694cd434e6d7e4605ffd056171a1219250f1482
330	GCF_000350765.1	COMPLETE	COMPLETE	VALIDATED	.	7eeb478ac97e6fa86237d88b667fb7c79d519e94e735c9b26481e0c150eafbad
331	GCF_016123575.1	COMPLETE	COMPLETE	VALIDATED	.	e53c1bca6cd4f9e1c0043dff3ed3e5a6727c2fc89138de9e8be6df2a0b7842b8
332	GCF_003361965.1	COMPLETE	COMPLETE	VALIDATED	.	6eae78bbabd176b1ef8a1c86955469835a9bc8bf8f23826ab363543cf7e19c0b
333	GCF_005395245.1	COMPLETE	COMPLETE	VALIDATED	.	5243fac154adad27107af0f50662ca81ea2e12be29ee993fb475457f890a6ac1
334	GCF_003018655.1	COMPLETE	COMPLETE	VALIDATED	.	20b4ede7c042d02e59291709d94351ed9d99bd1e3811db9411b091694c058c50
335	GCF_900499355.1	COMPLETE	COMPLETE	VALIDATED	.	1c9b122748e9d64ffe48203ddf1340a4ad702fe2d13c6b57d57535aa1edfb856
336	GCF_003730645.1	COMPLETE	COMPLETE	VALIDATED	.	5656924f6d4e504c2c55c9ae102463d6e623f5b51454cd341594abd7e193e52c
337	GCF_000819245.1	COMPLETE	COMPLETE	VALIDATED	.	7c148fd6d7808c953d9e75775a7a47d6ae188892ba07d900a3818849cf0135d8
338	GCF_011603145.1	COMPLETE	COMPLETE	VALIDATED	.	a409a5c8c94f786d2398d1bd40c3e70bc70c3b237e68b9b411f090a5c50cfc49
339	GCF_003027835.1	COMPLETE	COMPLETE	VALIDATED	.	06ff37a5472e9e4db90b0f507c93aa2173190aca35da149c30df15029fe07c86
340	GCF_002485405.1	COMPLETE	COMPLETE	VALIDATED	.	8c482ec257ebb97566c5573ca4fe3d692760cb7b8f3f2d412477510840a1e2fa
341	GCF_003303815.1	COMPLETE	COMPLETE	VALIDATED	.	2c4e37d4b0eeb7ed514090d06d9d9bb5725f8f89f1d00395dc37bc26f70b163e
342	GCF_002534845.1	COMPLETE	COMPLETE	VALIDATED	.	ee205494a1317c4acc73e068a550db6351187aed01c905a4a9b85ac22f823f31
343	GCF_900482185.1	COMPLETE	COMPLETE	VALIDATED	.	300263d27fe6b622954521524132e099b8fd1950b32ee35e8b464a0f16e7ed5c
344	GCF_001521415.1	COMPLETE	COMPLETE	VALIDATED	.	6c489ec6e78de2b6fcbdfdc8da379f639129b13db7858b7fa9dcff1ec6f5f288
345	GCF_001519485.1	COMPLETE	COMPLETE	VALIDATED	.	addb98ad3ace0c17b27d2e9b1001958ca1f939514dbc89df498cdef55ca41023
346	GCF_000006665.1	COMPLETE	COMPLETE	VALIDATED	.	c1030b5d263f8398062fd07694ca2cdb6e3ea6162e36f701ac1da91663342a46
347	GCF_015699425.1	COMPLETE	COMPLETE	VALIDATED	.	91ae3bf1c1c98625cd0ab786ef2e978981a97f139dba0fdfe36d1ac291bb8b45
348	GCF_020051575.1	COMPLETE	COMPLETE	VALIDATED	.	0ff35ac80e161b54a3cd9adaa122c33e58490c5414fd8fdae53ea5d58d8280e0
349	GCF_000797675.1	COMPLETE	COMPLETE	VALIDATED	.	4d5304fae01b82d50b059ff2b329ac023eabdd3f38ea5886b09184fcc1d8ccea
350	GCF_016123675.1	COMPLETE	COMPLETE	VALIDATED	.	e21c22ef14f2886dd68299183d4c60f7e857fcffdf0724be0b0aa54772187b19
351	GCF_001285365.1	COMPLETE	COMPLETE	VALIDATED	.	f058de2ed212efcd2f6a08fbb6b5bbed75a0d26025ee227913c323164b4c84cf
352	GCF_019202505.1	COMPLETE	COMPLETE	VALIDATED	.	8151281375c8135f0b58482a3bd9b9db4d0868739dcb1830b0fbcff74bf6dc74
353	GCF_003291305.1	COMPLETE	COMPLETE	VALIDATED	.	10d7ea9b19b2675f4df458dda050d71631389c6f7dbdcd16051f3e8197eda075
354	GCF_002518045.1	COMPLETE	COMPLETE	VALIDATED	.	48cf5726770c30ce879ed7826f8e738d2b4ee654acd192e46c002a496032cb84
355	GCF_006236345.1	COMPLETE	COMPLETE	VALIDATED	.	82488ba5176b259fb61598afce9c29eb9be9fb2229af63a07745338eb9b88bc8
356	GCF_000326745.1	COMPLETE	COMPLETE	VALIDATED	.	b1c3d5e6cfb038de75f84053fbb1d6b4196fdd6e5821a02234e7cc2ff69ab3fe
357	GCF_002461055.1	COMPLETE	COMPLETE	VALIDATED	.	fd4d03fe9eabb9365d0370f12d6fe214249654938babcec9220ef487e412c5cd
358	GCF_014169415.1	COMPLETE	COMPLETE	VALIDATED	.	92b88f341a33860fabe235bf0805432d0820ec4c7de88576876d5a61c19ab0d0
359	GCF_000356785.2	COMPLETE	COMPLETE	VALIDATED	.	df0be968db24dc3e2016c30f04ed181fc1181776068785d14d068a322cd42a54
360	GCF_016457665.1	COMPLETE	COMPLETE	VALIDATED	.	407173b40645c758e1d4466f64e67585cb5cbc459c135cd654870e6bc6fefa7f
361	GCF_011306375.1	COMPLETE	COMPLETE	VALIDATED	.	83c26c29cfec18f276d65e282f1ce0b92a8dafee184ed1710232df677fc8ea35
362	GCF_002193375.1	COMPLETE	COMPLETE	VALIDATED	.	50e0192b201a1c68945ccd2bee2dc207bdea25a0f9873c4a77d8ad686d9f5443
363	GCF_900479985.1	COMPLETE	COMPLETE	VALIDATED	.	71fe9ce03a0fc3267bf388f0f2f4cb47789a88609db0882fd311bef1a64e4cec
364	GCF_016735895.1	COMPLETE	COMPLETE	VALIDATED	.	2ce741c681953a817fd58b881b20385dbec3a3bed66824e57454c851afd95957
365	GCF_020515715.1	COMPLETE	COMPLETE	VALIDATED	.	51ae8b5850616bd8613a6b62022854fe0865f734aed3a5730ddc088d91f28d8e
366	GCF_002456795.1	COMPLETE	COMPLETE	VALIDATED	.	25219bd84b27f156344dfba7cfddc9ac14df39f701cd7b0a09f339a5a1c9e19c
367	GCF_008033655.1	COMPLETE	COMPLETE	VALIDATED	.	27ab2b8838896e2f82316daf92a626d9e2853655d9ca5b36850e7439477d465a
368	GCF_019219385.1	COMPLETE	COMPLETE	VALIDATED	.	cd42bf9c28dbf903d7914d7eb674886c9275dfa9fbf031aee29cb6f58514bba3
369	GCF_020282125.1	COMPLETE	COMPLETE	VALIDATED	.	7250da14a5136a9e179a425b18241fbb7281b8971b5e51187f93952e542f8f66
370	GCF_018884405.1	COMPLETE	COMPLETE	VALIDATED	.	4892e0353b2b2231b621c04b30fe6d9670c56cfbb1c8ddc1a3e80b963eef1907
371	GCF_004793095.1	COMPLETE	COMPLETE	VALIDATED	.	952effda3475082076e53d356b881d3a0a56d4f8971d2175da54e1a1e87bf9aa
372	GCF_017570645.1	COMPLETE	COMPLETE	VALIDATED	.	da7a8beb0af0e4ec0cdc3b2b013a5d9b303b3dcc177702085c181628a09520f2
373	GCF_003362335.1	COMPLETE	COMPLETE	VALIDATED	.	02800d45e3c16b1ffae461fcde52d013b9450e5e3a8b043093fe31ac3a2de06c
374	GCF_005398085.1	COMPLETE	COMPLETE	VALIDATED	.	67e9944025c2079dd2697ed0255801c67a55e4cba4a1e5e0f70b6bf32f6a7ec0
375	GCF_000618345.1	COMPLETE	COMPLETE	VALIDATED	.	984403e2bda52ccec27008ee8308c2b80d408d1a3d82f2ca0b76cb74102f1861
376	GCF_002537165.1	COMPLETE	COMPLETE	VALIDATED	.	6982b9d10d91c8a50693b229a20f48b833d697dbd1807a552d533ba8b1192e60
377	GCF_001901215.1	COMPLETE	COMPLETE	VALIDATED	.	aac73a3d1a7e5be828321c4fdf2ff9adb8e2dbb3dffcf78e8c8690638fca6611
378	GCF_013186555.1	COMPLETE	COMPLETE	VALIDATED	.	e652c2ecf4c15f264d4c72e32e66a77c450383443a7a73e5cb843c8c1b3a0bf6
379	GCF_001606755.1	COMPLETE	COMPLETE	VALIDATED	.	b6404ea61df328c707a88081227d2b418becae35711aa892110631ebaa4c54a2
380	GCF_006349865.1	COMPLETE	COMPLETE	VALIDATED	.	a0449afd039d24b9e41cde58cd96e402a3e25f6a87998ab762b65156fee1eae9
381	GCF_004522495.1	COMPLETE	COMPLETE	VALIDATED	.	bbeb8628772b31780f7b249b2e94d60556af0b2b525ff321c7e35fca38bed37d
382	GCF_001558995.2	COMPLETE	COMPLETE	VALIDATED	.	e5d518116fa6a70399238ef555b1c43f86119a878ceeeabc2a1fa7b6f8188a68
383	GCF_003304555.1	COMPLETE	COMPLETE	VALIDATED	.	065ddb7966c333e4a2449640486ddaefbf3fbfac16e23112801d2efaee476afd
384	GCF_900166865.1	COMPLETE	COMPLETE	VALIDATED	.	68be4dfcc81a4ac07d8b63450e3a2004c729a2ed653386a3e13bd5c0801714a6
385	GCF_018683135.1	COMPLETE	COMPLETE	VALIDATED	.	2ffa61bcf91d4e16110f9697376ccb05310d4318a066e049f6222525032c1aa0
386	GCF_002243915.1	COMPLETE	COMPLETE	VALIDATED	.	b0178b7650d65790f0ae8ca15ef4adfa88eb6e8aea960df4c57aa0e3a65dd400
387	GCF_002849195.1	COMPLETE	COMPLETE	VALIDATED	.	3bfe01c70cef8bb57f8f506804734af974c7e025f3efd27755064bb50aa646d6
388	GCF_021413285.1	COMPLETE	COMPLETE	VALIDATED	.	7dfc242b54efb3f235e167e56218f075b71edfba8509a8bd2b5180b352de00d0
389	GCF_902668645.1	COMPLETE	COMPLETE	VALIDATED	.	85349db1e463b8f678aa5f6fc467f7ff4080e0294c8ff5bdaced141cf502d66b
390	GCF_002226715.1	COMPLETE	COMPLETE	VALIDATED	.	c030b037ef0b4806ace867907bd897be92d5f0ccd10b2b9e376481a6b93b7602
391	GCF_000511425.1	COMPLETE	COMPLETE	VALIDATED	.	bafab5680cf6b46380a4590391cd2f47039c641c630607f7ada667166eb5c084
392	GCF_016761175.1	COMPLETE	COMPLETE	VALIDATED	.	67fa1b2ccbaf53c12c8ed9eae779f6ecdd0d5291dd7e588dbce1e02b6018d61f
393	GCF_002324625.1	COMPLETE	COMPLETE	VALIDATED	.	d3de68fa16a62d4e26d015eaef0a5d14dadc251775ff663bdebeaf9745a50b50
394	GCF_011603175.1	COMPLETE	COMPLETE	VALIDATED	.	9a1fabeca594e51eb98e34be67419d03643e321ba47cae94cf6010e74b9075be
395	GCF_019879625.1	COMPLETE	COMPLETE	VALIDATED	.	53e9ccdad9ee42c5f3d6329fde4c87e802e88cdd6a52793d1e567fde95fabf14
396	GCF_003297955.1	COMPLETE	COMPLETE	VALIDATED	.	42fb875f53f51ddd845daafe648d9d635c33c1f6e7d3ea51e3a01c1f6f7b77ef
397	GCF_005392285.1	COMPLETE	COMPLETE	VALIDATED	.	48fb29f2a8517a2a784e50e7f96e1247d4bd531d9959c5e59c756e045feca5c4
398	GCF_921294225.1	COMPLETE	COMPLETE	VALIDATED	.	60bb2c5e64b924868a19e777bb98735c91c75480cc5fe98232b3c841713841b9
399	GCF_015620665.1	COMPLETE	COMPLETE	VALIDATED	.	cd1bb4dbe4dd6142b14aefbfb0bb933296e16566eb3737e23b1d60a8b46ec5e6
400	GCF_016457315.1	COMPLETE	COMPLETE	VALIDATED	.	dfdd368f08ae31e594e493e5a4929b2b4c66aa59eba1b0077c6c413e4e287946
401	GCF_000357905.2	COMPLETE	COMPLETE	VALIDATED	.	a71e0c336656b5dfe8cc3dc6ae909eb834e8ed4121c649997c2e0b512cc9b4fa
402	GCF_009394435.1	COMPLETE	COMPLETE	VALIDATED	.	10aeadbc36f153f0f2d9ec97ea4a4337be9a1d0158952d194f0a959c0f804c45
403	GCF_014862785.1	COMPLETE	COMPLETE	VALIDATED	.	345f5e671f7c5389b3b787b5bdc9c6480f24c26ae49334a1e718d1c70a7c1677
404	GCF_902859485.1	COMPLETE	COMPLETE	VALIDATED	.	a913b3c9e921cc0aec639999fdc3654d88c2bb97faea0c69feb1b8b69a1b5f36
405	GCF_005382185.1	COMPLETE	COMPLETE	VALIDATED	.	6a2fab4d896f8e2ebab93871cbca1240119ee6a92f96e5ed340d2b6550be6c0f
406	GCF_900481275.1	COMPLETE	COMPLETE	VALIDATED	.	31740d64aa0090cc64bc8da8ed126a0e8dd11b8d8c524d58d73f2bb140e8b0ec
407	GCF_009393735.1	COMPLETE	COMPLETE	VALIDATED	.	32cb6196b9d50c18e7ffe2b9e12bf36bb98a2717b15794399ab51fd9e6006095
408	GCF_904809595.1	COMPLETE	COMPLETE	VALIDATED	.	b59aa778f886abb28b3b2cfc9cfae0e9e96f0cac221a41eb3572209032396091
409	GCF_009822935.1	COMPLETE	COMPLETE	VALIDATED	.	0dc9dc3f7ce36dbc6022f229808135b9a34e37609adf6eff4fc0cc252b1187dc
410	GCF_015699095.1	COMPLETE	COMPLETE	VALIDATED	.	f00975ad4b9078f771146f0c222af1d1d078b4acad84b615180c73555faa4a6f
411	GCF_002207405.1	COMPLETE	COMPLETE	VALIDATED	.	310e8c802d468bb36f6551bc7bbae0a77c5f9eeff5576d30ae3c5fd33cbce981
412	GCF_002326895.1	COMPLETE	COMPLETE	VALIDATED	.	4fc60b95bd53143a7da1778597931da7f132fdce41198636a1bbc34a6a58d42b
413	GCF_002142675.1	COMPLETE	COMPLETE	VALIDATED	.	1e4d62703b5dcd51b6632acb135d6c59f86d96b6029574be2ec559fbcbfaff21
414	GCF_000235165.1	COMPLETE	COMPLETE	VALIDATED	.	89cefcb90f0a990a2c599ddc407fb1766f1a0e170127ea2826eeff4fa93510f9
415	GCF_009794435.1	COMPLETE	COMPLETE	VALIDATED	.	dc01f999eaa5b61c91fcd10f4890c35dc6103c927dcd59ef888e5ee73484f8e3
416	GCF_003982645.1	COMPLETE	COMPLETE	VALIDATED	.	ef09433544e5506c68ff9f3737e3814b93401ab425fede2fa30af0309e5e6131
417	GCF_000013265.1	COMPLETE	COMPLETE	VALIDATED	.	17ea746301384795a766bf06f0a9b6b337016013221122f9735598d3900ad500
418	GCF_900196695.1	COMPLETE	COMPLETE	VALIDATED	.	c19a69efcc7ea10a7eba6cb2e0b34a232827753e9aabf3cd02709b3241b831fd
419	GCF_015699215.1	COMPLETE	COMPLETE	VALIDATED	.	702735922537c753d9e4a7195c2e61557a47bc41e569d6b472573ace7163be26
420	GCF_015620555.1	COMPLETE	COMPLETE	VALIDATED	.	44868e0021c7898c9ca703a92f7a21b38f6f591dc9372b695f513e1635f35412
421	GCF_003982995.1	COMPLETE	COMPLETE	VALIDATED	.	6bffc972d933966bb712bcd2261550800bba6f82189e200eee780a680317b69b
422	GCF_002144185.1	COMPLETE	COMPLETE	VALIDATED	.	8006cfbd69a4b58676e3c2e4279b5cf33f068c184d17e6ae471803ab4383dcb2
423	GCF_902505295.1	COMPLETE	COMPLETE	VALIDATED	.	4692aced8f29139c7c01d89a0736cc6a64b9e761f01d932b7f3a23121e10c51c
424	GCF_003172135.1	COMPLETE	COMPLETE	VALIDATED	.	f0e3199ea195e6d6b426e32c53632ab898ea84e919cd564b289096ca0e866e34
425	GCF_003601935.1	COMPLETE	COMPLETE	VALIDATED	.	166ab08bc9952a6e807a74136cdf45b693938c4170861988b8a57e6d0723f441
426	GCF_902807245.1	COMPLETE	COMPLETE	VALIDATED	.	acf7c9c1d1761e5d6f10f0bc7acfd8f14794b14dab060ace4d6ba1f09969e57a
427	GCF_001183685.1	COMPLETE	COMPLETE	VALIDATED	.	f91ec712d19424db46bc5749a7aa025d716f89b7af971e873b57ecf27c55f088
428	GCF_016761155.1	COMPLETE	COMPLETE	VALIDATED	.	673729d87adfcf1332be87bef468d95d82b82291c7c4cd8b25674f3e855fbbb3
429	GCF_017118895.1	COMPLETE	COMPLETE	VALIDATED	.	ff6b78fc22e128842f88a1eaa5f61ae9d76963a24620bd009d75ccd5c2c9ca9a
430	GCF_902859225.1	COMPLETE	COMPLETE	VALIDATED	.	559cf87b5d495294ad454a35f9c245468c0ddc0fbe28757790098ab49e65e2f6
431	GCF_003303085.1	COMPLETE	COMPLETE	VALIDATED	.	0f63957783ce1f017031bf94269bfc306fd98dd78a831e6a552a1bf2aa9531b5
432	GCF_006237245.1	COMPLETE	COMPLETE	VALIDATED	.	0a9f370b30c10dcf7e22909a0e76488799e06fae172bc3049f729d03b21b304b
433	GCF_900607785.1	COMPLETE	COMPLETE	VALIDATED	.	a83ffb82c086fae9bf848a6aeb9110a224edf7bfd3141f38ec50914275a3e50e
434	GCF_004120975.1	COMPLETE	COMPLETE	VALIDATED	.	c9e39f139c624d60ab270d7b8ae503c1cc0f8d78857d7e65ec59b4ecedca9b2d
435	GCF_016761275.1	COMPLETE	COMPLETE	VALIDATED	.	cfcf1209d3c871feed36cd026c9c15f995dc35bde9df7c50d6946b9845721c6f
436	GCF_019050495.1	COMPLETE	COMPLETE	VALIDATED	.	8f843d4184d25ea08ecba3e2423236915ddbd82136faa6364ea92107093d89a5
437	GCF_013047075.1	COMPLETE	COMPLETE	VALIDATED	.	6ea3b54a72271e8102c059bd012c4c645ee6873f8f5277160dd98841e0aff59d
438	GCF_003172455.1	COMPLETE	COMPLETE	VALIDATED	.	007f2ca78bfd8796c857684b27ca22de950b47c92bfc87c10210ad65473b7a0c
439	GCF_016530575.1	COMPLETE	COMPLETE	VALIDATED	.	37f885700bc9288193e7a27eedfd3e5a5d5391cfb75d1cfeae4c15aa587f67be
440	GCF_015690315.1	COMPLETE	COMPLETE	VALIDATED	.	e67e740a8be27091b555c1ccb14195ce1258031d8cc0908f3a4c37e029441eaf
441	GCF_002011985.1	COMPLETE	COMPLETE	VALIDATED	.	6f4b5ccc2793977b9f6a3ff80920365b5295192047e4160d59ba5dbd8fd10b95
442	GCF_000408365.1	COMPLETE	COMPLETE	VALIDATED	.	8d00d21e3c3860811543c26cb6113415961ccd2417bf37b68b477b23f804d8f2
443	GCF_002542395.1	COMPLETE	COMPLETE	VALIDATED	.	c12f1ba57ea6af19debf3f48e39541d32e2b91ad5642997b2e28f846d932b56f
444	GCF_002229875.1	COMPLETE	COMPLETE	VALIDATED	.	a5ba5934bb59ee9781d8e55dc2a250610cb11e0862d2831177e4e7273d3fcbb8
445	GCF_002195175.1	COMPLETE	COMPLETE	VALIDATED	.	7b407ec8ec0ea3446187985f138d90a5d040f4ac940387ca9b990c3ecf45843f
446	GCF_001860505.1	COMPLETE	COMPLETE	VALIDATED	.	8e39dc4729cbcebc28b9e15d3c839919a90e9a4f3679a2925349d05ebc43ef30
447	GCF_001617075.1	COMPLETE	COMPLETE	VALIDATED	.	a6b1dce906b304073ed94722f1030ce803d6062b4523602f87a43610a8de8a94
448	GCF_002229215.1	COMPLETE	COMPLETE	VALIDATED	.	568fa11f8d51415ac26daa2d6b8ffc156edae4789dfafb1d0e150aea7c9de1fe
449	GCF_001692795.1	COMPLETE	COMPLETE	VALIDATED	.	e7b5bb30bb8e5ca4772485a8bf38225ba49c2ae1142d8657fcfa472f285d72cb
450	GCF_000700625.1	COMPLETE	COMPLETE	VALIDATED	.	1d581b0d8abb1637af0b286c5ac9e694e5c3ece8f3bbad304ce1ad7ee067fe98
451	GCF_005043925.1	COMPLETE	COMPLETE	VALIDATED	.	1335d4fe5360cb70dfcdaa698bfc430bd2ec2136372623a0070aa6dc2f983928
452	GCF_001650605.1	COMPLETE	COMPLETE	VALIDATED	.	94b55dcf4160d04d31a9565e358b10c3e87942785fe1af7ee7f6ded79a0cebc6
453	GCF_009767245.1	COMPLETE	COMPLETE	VALIDATED	.	0d720271a3de0565cda7e08e134d7469438a836c2e21bc0add71161c31231ea5
454	GCF_011077775.1	COMPLETE	COMPLETE	VALIDATED	.	f9853a55ea82817d4524465d95f4e095006f6ba1af31c1463d6bb713b0c7b4ca
455	GCF_000354455.1	COMPLETE	COMPLETE	VALIDATED	.	6a3a41bf7413b5c3b75e4f0ab3631cec93360d0969b48ec149539a81317a70bc
456	GCF_005394825.1	COMPLETE	COMPLETE	VALIDATED	.	e5b031c81a8cde0e3b7db9d6a5f68767bf86f15c23f1ed2ac1b9b6022c7d3a4b
457	GCF_002001975.1	COMPLETE	COMPLETE	VALIDATED	.	98a39388a7a2cd622e312be49623b64c49a2bd12cac0ecd3c0e3dcf88b7e57d0
458	GCF_005381345.1	COMPLETE	COMPLETE	VALIDATED	.	f5d7b9f8768808c9c07ed5357e5487774b9d03231fbfbe9c0616d9938b53d7df
459	GCF_000352925.1	COMPLETE	COMPLETE	VALIDATED	.	0d60fec5f0ef2a50fc53b0bd21445758a047ddd5a2397f2cf8f53f169f0ffec6
460	GCF_001749125.1	COMPLETE	COMPLETE	VALIDATED	.	933a53af4ac27ac71d69e1e32fe234e66bbfd1df428acc29fe64a9a272860b62
461	GCF_002573065.1	COMPLETE	COMPLETE	VALIDATED	.	617035e0bf9e44d015f76dc5b03520f8987d56ed9e2f91d47aa606f4ad83a441
462	GCF_002514845.1	COMPLETE	COMPLETE	VALIDATED	.	fdd1aebb06f2fc60db9d6c63aea084923ec0ad9fafb217b6b0b60a39041891bd
463	GCF_019587525.1	COMPLETE	COMPLETE	VALIDATED	.	01f942d32b8125c9ca7fea6ddc86bf00ab34ec180f1170974fb668d88767e3b6
464	GCF_002233095.1	COMPLETE	COMPLETE	VALIDATED	.	1bc268b3ac754270037962af2015eeb8510f2b54ee011c5e1cedf6c525c31d87
465	GCF_003361455.1	COMPLETE	COMPLETE	VALIDATED	.	5f9338fc479a0a5c1c57ede625f77fb6ac04f50c67fb4c472bfc97c538c1ad63
466	GCF_004170625.1	COMPLETE	COMPLETE	VALIDATED	.	b6c4ce401a1cb474fab3cfaa5d3ec1c4abedb59aab1e7d418c825ced79231169
467	GCF_018069725.1	COMPLETE	COMPLETE	VALIDATED	.	745d2d383c070c2376f31ffa78518c39d1e6697c0d0ccd6265d683096a8388d2
468	GCF_001412975.1	COMPLETE	COMPLETE	VALIDATED	.	cb2000bbcfb57bbf9c033e746e9a4e7caf6206ee967c8456b384ccfb7db9ae9c
469	GCF_002319515.1	COMPLETE	COMPLETE	VALIDATED	.	4612aa74f42378103f93d6fd01a232c19c0497e746f0edaba696d83be6353d10
470	GCF_021109055.1	COMPLETE	COMPLETE	VALIDATED	.	77fcc6b793c0033c32e67ca4bfd4b487c3f623390c08e0d86119f237c16c4909
471	GCF_001749065.1	COMPLETE	COMPLETE	VALIDATED	.	997cb42c01d9b4d5904e5295f164b288db22737d38ff2491ca63665fa67bdb03
472	GCF_003981665.1	COMPLETE	COMPLETE	VALIDATED	.	115c8682e4bcbab1e0a18a94140425693b2b7e93af451ba6165dcda71e63fec3
473	GCF_005391865.1	COMPLETE	COMPLETE	VALIDATED	.	26f23621b64a35d2ad1460543d685154fa1014be1b9c1cf6d747d8d00a0bc4d5
474	GCF_005396145.1	COMPLETE	COMPLETE	VALIDATED	.	138a7c26694d33fa6319f87bbebc705af91f91c13132407ec79660b2e8394329
475	GCF_003388915.1	COMPLETE	COMPLETE	VALIDATED	.	15f16bb555f2ec32450ba49e7c7e06af60fc1672eb2358ed7be3a0facf0e9be6
476	GCF_014494025.1	COMPLETE	COMPLETE	VALIDATED	.	5cfedd219766fe6dc776e82d8adb6d91928ae5b9d388b24229dcca66ee4034dd
477	GCF_002226735.1	COMPLETE	COMPLETE	VALIDATED	.	dcf6a544f8600a14091c2390c0ce1734765e4e5059d437131bd5bea1b8013e47
478	GCF_016126995.1	COMPLETE	COMPLETE	VALIDATED	.	da7b150debd53de3710f2d5974ee494e013cf094c185b396d4e4d7c71d1de920
479	GCF_009822095.1	COMPLETE	COMPLETE	VALIDATED	.	960da8631d64bb5e1d86ff160ec745fbcbf76ddc7daf4fd943b30c88f7fe40f8
480	GCF_004767245.1	COMPLETE	COMPLETE	VALIDATED	.	5d684ab725d476e04d06243dfbb94ad8e4fef0b5e499df2d18177811625a0bb7
481	GCF_002511275.1	COMPLETE	COMPLETE	VALIDATED	.	c0b97524adf5293201f1f82222fd2f6a0eb7bd79e42ee0d3b180455af22c0c90
482	GCF_021353995.1	COMPLETE	COMPLETE	VALIDATED	.	f42f62446a73440b2b18ea5537ea921421fac3abc3871c3022fb27a92b50b3d5
483	GCF_000091005.1	COMPLETE	COMPLETE	VALIDATED	.	481917aa7b967f28e0d2d86fc222d1bec859bb0271cd7f8a4458af12d16d63ff
484	GCF_003981255.1	COMPLETE	COMPLETE	VALIDATED	.	cd5ae9e68a038ffddb57d7853abb40dd83f8e2deaa25051bc8a525cb9146471c
485	GCF_003304855.1	COMPLETE	COMPLETE	VALIDATED	.	3e13964cca5bdcee1c26c6f8f030222a73166b35e59dd239ed260dc328ff7dbf
486	GCF_000457285.1	COMPLETE	COMPLETE	VALIDATED	.	852a28057c5129c0f7e47fb6458c6a6a8e9185dbb8da8ec7948f5f7f9a075c1e
487	GCF_004284265.1	COMPLETE	COMPLETE	VALIDATED	.	c67e1bbc059059f1afe8003b1ab33b0874064cd524746b9e651f4ad9504f8848
488	GCF_900195505.1	COMPLETE	COMPLETE	VALIDATED	.	5d34b692640b0f598a33d25688ee918d3da96dc52144ca326a51276420216ac8
489	GCF_907175235.1	COMPLETE	COMPLETE	VALIDATED	.	735a9c9fc0176ef1d69f1f21510411f9d287651c2e479115f4bb80b037d62355
490	GCF_000397705.1	COMPLETE	COMPLETE	VALIDATED	.	cd7d8ec8f849a3c62feee9c8ca340402575fb07c712e77442b252df14f1adcda
491	GCF_002268255.1	COMPLETE	COMPLETE	VALIDATED	.	ef6c5774a4f3a1390dc7916d49b9100c1e42e8516acc80d90f9150f0628f6560
492	GCF_004380655.1	COMPLETE	COMPLETE	VALIDATED	.	6cecfe3eba3a8091b41a639fa8fbb68c5788c60c1ad9088f70e4fb029deb9a15
493	GCF_003980755.1	COMPLETE	COMPLETE	VALIDATED	.	6150409ea719dcf9a337f5531aec9d2b03be9d93f0ab9eb8168391e0145283cf
494	GCF_001285325.1	COMPLETE	COMPLETE	VALIDATED	.	9e49ac26f8084c666cc2f0c78cda2c41fb9b93d9619d6dd1c1a550c7ba1f26f1
495	GCF_001614905.1	COMPLETE	COMPLETE	VALIDATED	.	f760d6fde765f321570154c58242e80efdded78b1fbff59ade453d75ce5e0bc8
496	GCF_009794365.1	COMPLETE	COMPLETE	VALIDATED	.	70fc4e197aea0fc3b4328d7da1986b730f52512159604d3afa31394b1a02abfd
497	GCF_002223665.1	COMPLETE	COMPLETE	VALIDATED	.	ea9d57634fd6f67a0203d90c1cdc46bed9dd5cc4ffee6678efab955e660c965c
498	GCF_001615695.1	COMPLETE	COMPLETE	VALIDATED	.	c3849ddf61117506dd0070d11b8c74895ca89b8f56e2f2424657d0340c9f014a
499	GCF_000305355.1	COMPLETE	COMPLETE	VALIDATED	.	a4ec9dd5a20f68fc07b11abec28fb201af5fdabd3e989a518f83cb1298206e38
500	GCF_006238575.1	COMPLETE	COMPLETE	VALIDATED	.	966952b78e58aef058e71cab4d594eceb08f6f709aab2f0ec708e2f54c98d59d
