url	sha256	md5
https://conda.anaconda.org/conda-forge/linux-64/libzlib-1.3.2-h25fd6f3_2.conda	55044c403570f0dc26e6364de4dc5368e5f3fc7ff103e867c487e2b5ab2bcda9	d87ff7921124eccd67248aa483c23fec
https://conda.anaconda.org/conda-forge/linux-64/libgomp-15.2.0-he0feb66_20.conda	30b8ff1bf43871a17c9de99e56171ef54cfbe690ffa86681628db5a00af97cf7	49321086c41bb58fc4b6cd8cbb74679d
https://conda.anaconda.org/conda-forge/linux-64/zstd-1.5.7-hb78ec9c_6.conda	68f0206ca6e98fea941e5717cec780ed2873ffabc0e1ed34428c061e2c6268c7	4a13eeac0b5c8e5b8ab496e6c4ddd829
https://conda.anaconda.org/conda-forge/linux-64/zlib-1.3.2-h25fd6f3_2.conda	245c9ee8d688e23661b95e3c6dd7272ca936fabc03d423cdb3cdee1bbcf9f2f2	c2a01a08fc991620a74b32420e97868a
https://conda.anaconda.org/conda-forge/linux-64/_openmp_mutex-4.5-20_gnu.conda	1dd3fffd892081df9726d7eb7e0dea6198962ba775bd88842135a4ddb4deb3c9	a9f577daf3de00bca7c3c76c0ecbd1de
https://conda.anaconda.org/conda-forge/linux-64/ld_impl_linux-64-2.46.1-default_hbd61a6d_102.conda	27d83f1188cd19bcb7754a078b3fa7f4cfb8527f8eb2fde54dd01fc529d1adec	449500f2c089da11c40f5c21312e3e07
https://conda.anaconda.org/conda-forge/linux-64/libgcc-15.2.0-he0feb66_20.conda	e3b7bb287d1685b15781a6d9e3408d6ddaff23f5a1d0d6c0140619dd3950fe72	3533de187cf7283f96bfdb28ad73e2bc
https://conda.anaconda.org/conda-forge/linux-64/tk-8.6.13-noxft_hd70dff1_3.conda	43624eab22f5f29df7d6ffe914cf442f28fd559b55b290906255492826e636e8	48a1049e710857572fc2a832aa394d9f
https://conda.anaconda.org/conda-forge/linux-64/libffi-3.5.2-h3435931_0.conda	31f19b6a88ce40ebc0d5a992c131f57d919f73c0b92cd1617a5bec83f6e961e6	a360c33a5abe61c07959e449fa1453eb
https://conda.anaconda.org/conda-forge/linux-64/libsqlite-3.53.3-h0c1763c_0.conda	365376f4815e5e80def2b3462a2419708b7c292da0da85278386c2618621fff4	4aed8e657e9ff156bdbe849b4df44389
https://conda.anaconda.org/conda-forge/linux-64/libbrotlicommon-1.2.0-hb03c661_1.conda	318f36bd49ca8ad85e6478bd8506c88d82454cc008c1ac1c6bf00a3c42fa610e	72c8fd1af66bd67bf580645b426513ed
https://conda.anaconda.org/conda-forge/linux-64/libdeflate-1.25-h17f619e_0.conda	aa8e8c4be9a2e81610ddf574e05b64ee131fab5e0e3693210c9d6d2fba32c680	6c77a605a7a689d17d4819c0f8ac9a00
https://conda.anaconda.org/conda-forge/linux-64/keyutils-1.6.3-hb9d3cd8_0.conda	0960d06048a7185d3542d850986d807c6e37ca2e644342dd0c72feefcf26c2a4	b38117a3c920364aff79f870c984b4a3
https://conda.anaconda.org/conda-forge/linux-64/libiconv-1.18-h3b78370_2.conda	c467851a7312765447155e071752d7bf9bf44d610a5687e32706f480aad2833f	915f5995e94f60e9a4826e0b0920ee88
https://conda.anaconda.org/conda-forge/linux-64/c-ares-1.34.8-hb03c661_0.conda	dee93a82d045f9aa8277829aa465224afa3c7a6ac18388de66099b2be7f705e7	6130ad6705adc993b5d8482b7f66e01f
https://conda.anaconda.org/conda-forge/linux-64/libgfortran5-15.2.0-h68bc16d_20.conda	95122f42566dc9a62b9615d2372b3f3c75fa7bd8bb1eda53aa7532ce60d545eb	4edbcbea1a8790a7d58e648523b69546
https://conda.anaconda.org/conda-forge/linux-64/xorg-libxau-1.0.12-hb03c661_1.conda	6bc6ab7a90a5d8ac94c7e300cc10beb0500eeba4b99822768ca2f2ef356f731b	b2895afaf55bf96a8c8282a2e47a5de0
https://conda.anaconda.org/conda-forge/linux-64/xorg-libxdmcp-1.1.5-hb03c661_1.conda	25d255fb2eef929d21ff660a0c687d38a6d2ccfbcbf0cc6aa738b12af6e9d142	1dafce8548e38671bea82e3f5c6ce22f
https://conda.anaconda.org/conda-forge/linux-64/pthread-stubs-0.4-hb9d3cd8_1002.conda	9c88f8c64590e9567c6c80823f0328e58d3b1efb0e1c539c0315ceca764e0973	b3c17d95b5a10c6e64a21fa17573e70e
https://conda.anaconda.org/conda-forge/linux-64/fribidi-1.0.16-hb03c661_0.conda	858283ff33d4c033f4971bf440cebff217d5552a5222ba994c49be990dacd40d	f9f81ea472684d75b9dd8d0b328cf655
https://conda.anaconda.org/conda-forge/linux-64/libwebp-base-1.6.0-hd42ef1d_0.conda	3aed21ab28eddffdaf7f804f49be7a7d701e8f0e46c856d801270b470820a37b	aea31d2e5b1091feca96fcfe945c3cf9
https://conda.anaconda.org/conda-forge/linux-64/libjpeg-turbo-3.2.0-hb03c661_0.conda	716332fd31b3808da7a4235a05212a9e9da05e854864c3def2dea0b5d2bf7610	466badda5536d85ddc63ee9404f29735
https://conda.anaconda.org/conda-forge/linux-64/libpng-1.6.58-h421ea60_0.conda	377cfe037f3eeb3b1bf3ad333f724a64d32f315ee1958581fc671891d63d3f89	eba48a68a1a2b9d3c0d9511548db85db
https://conda.anaconda.org/conda-forge/linux-64/giflib-5.2.2-ha257d8a_1.conda	3611c5d605cd56017704e6c01c7bd849e74a656a546d4c49d655fde49ddfeecc	bd7c3a8586ed0101f094962100d30a63
https://conda.anaconda.org/conda-forge/linux-64/alsa-lib-1.2.16.1-hb03c661_0.conda	cf93ca0f1f107e95a35969a4622684e08fcb8cf37f8cf4a1e9e424828386c921	8904e09bda369377b3dd07e2ac828c5d
https://conda.anaconda.org/conda-forge/linux-64/libnsl-2.0.1-hb9d3cd8_1.conda	927fe72b054277cde6cb82597d0fcf6baf127dcbce2e0a9d8925a68f1265eef5	d864d34357c3b65a4b731f78c0801dc4
https://conda.anaconda.org/conda-forge/linux-64/libexpat-2.8.1-hecca717_1.conda	16feffd9ddbbe5b718515d38ee376c685ba95491cd901244e24671d20b952a77	b24d3c612f71e7aa74158d92106318b2
https://conda.anaconda.org/conda-forge/linux-64/ncurses-6.6-hdb14827_0.conda	fc89f74bbe362fb29fa3c037697a89bec140b346a2469a90f7936d1d7ea4d8a3	fc21868a1a5aacc937e7a18747acb8a5
https://conda.anaconda.org/conda-forge/linux-64/libuuid-2.42.2-h5347b49_0.conda	9b1bdce27a7e31f7d241aeecff67a1f3101d52a2b1e33ccc2cdf2613072bf81f	01bb81d12c957de066ea7362007df642
https://conda.anaconda.org/conda-forge/linux-64/xorg-libice-1.1.2-hb9d3cd8_0.conda	c12396aabb21244c212e488bbdc4abcdef0b7404b15761d9329f5a4a39113c4b	fb901ff28063514abb6046c9ec2c4a45
https://conda.anaconda.org/conda-forge/linux-64/liblzma-5.8.3-hb03c661_0.conda	ec30e52a3c1bf7d0425380a189d209a52baa03f22fb66dd3eb587acaa765bd6d	b88d90cad08e6bc8ad540cb310a761fb
https://conda.anaconda.org/conda-forge/linux-64/bzip2-1.0.8-hda65f42_9.conda	0b75d45f0bba3e95dc693336fa51f40ea28c980131fec438afb7ce6118ed05f6	d2ffd7602c02f2b316fd921d39876885
https://conda.anaconda.org/conda-forge/linux-64/libstdcxx-15.2.0-h934c35e_20.conda	b5eadda8fb0df262f0d424c4a0c8c1c8d65d904ce622f07936c793ea1b8a39d9	fbd3d5506b11b5cfc916b29263b6b6f7
https://conda.anaconda.org/conda-forge/linux-64/libgcc-ng-15.2.0-h69a702a_20.conda	e01a2a027fceea1011d2e74307845fb0c4bd6d195ff27fbf5baeafa55531d128	c099368d009e4d828449eaed7b2cb701
https://conda.anaconda.org/conda-forge/linux-64/libbrotlienc-1.2.0-hb03c661_1.conda	a0c15c79997820bbd3fbc8ecf146f4fe0eca36cc60b62b63ac6cf78857f1dd0d	4ffbb341c8b616aa2494b6afb26a0c5f
https://conda.anaconda.org/conda-forge/linux-64/libbrotlidec-1.2.0-hb03c661_1.conda	12fff21d38f98bc446d82baa890e01fd82e3b750378fedc720ff93522ffb752b	366b40a69f0ad6072561c1d09301c886
https://conda.anaconda.org/conda-forge/linux-64/libgettextpo-0.25.1-h3f43e3d_1.conda	50a9e9815cf3f5bce1b8c5161c0899cc5b6c6052d6d73a4c27f749119e607100	2f4de899028319b27eb7a4023be5dfd2
https://conda.anaconda.org/conda-forge/linux-64/libgfortran-15.2.0-h69a702a_20.conda	76d81032e264b74f519cc26962d5eb39547e0785fc9d2957bbc12e7a91214412	a450a08a63f940e9aa7b37692e71196a
https://conda.anaconda.org/conda-forge/linux-64/libxcb-1.17.0-h8a09558_0.conda	666c0c431b23c6cec6e492840b176dde533d48b7e6fb8883f5071223433776aa	92ed62436b625154323d40d5f2f11dd7
https://conda.anaconda.org/conda-forge/linux-64/libfreetype6-2.14.3-h73754d4_0.conda	16f020f96da79db1863fcdd8f2b8f4f7d52f177dd4c58601e38e9182e91adf1d	fb16b4b69e3f1dcfe79d80db8fd0c55d
https://conda.anaconda.org/conda-forge/linux-64/expat-2.8.1-hecca717_1.conda	bc1e8177a4ebbbfcda98b6f4a1575f3337e69f0d2f1025a84570533ca27b89eb	e211a78613b9d50a096644b97cede8f7
https://conda.anaconda.org/conda-forge/linux-64/libedit-3.1.20250104-pl5321h7949ede_0.conda	d789471216e7aba3c184cd054ed61ce3f6dac6f87a50ec69291b9297f8c18724	c277e0a4d549b03ac1e9d6cbbe3d017b
https://conda.anaconda.org/conda-forge/linux-64/readline-8.3-h853b02a_0.conda	12ffde5a6f958e285aa22c191ca01bbd3d6e710aa852e00618fa6ddc59149002	d7d95fc8287ea7bf33e0e7116d2b95ec
https://conda.anaconda.org/conda-forge/linux-64/xorg-libsm-1.2.6-he73a12e_0.conda	277841c43a39f738927145930ff963c5ce4c4dacf66637a3d95d802a64173250	1c74ff8c35dcadf952a16f752ca5aa49
https://conda.anaconda.org/conda-forge/linux-64/pcre2-10.47-haa7fec5_0.conda	5e6f7d161356fefd981948bea5139c5aa0436767751a6930cb1ca801ebb113ff	7a3bff861a6583f1889021facefc08b1
https://conda.anaconda.org/conda-forge/linux-64/pixman-0.46.4-h54a6638_2.conda	9e5b5be056820ade8b09ef73cf9f4bea037eb9887145d0297ac99e0add88878d	7cd77fef4da3e1ca9484394616cb71f1
https://conda.anaconda.org/conda-forge/linux-64/libasprintf-0.25.1-h3f43e3d_1.conda	cb728a2a95557bb6a5184be2b8be83a6f2083000d0c7eff4ad5bbe5792133541	3b0d184bc9404516d418d4509e418bdc
https://conda.anaconda.org/conda-forge/linux-64/lerc-4.1.0-hdb68285_0.conda	f84cb54782f7e9cea95e810ea8fef186e0652d0fa73d3009914fa2c1262594e1	a752488c68f2e7c456bcbd8f16eec275
https://conda.anaconda.org/conda-forge/linux-64/icu-78.3-h54a6638_2.conda	d7c260b7e1cf22ce04d6ba8a86eabf4e6c50bc96a5c27fe2ecb32298af3e88eb	4ef4b977bb216a3001a3334696a80850
https://conda.anaconda.org/conda-forge/linux-64/zlib-ng-2.3.3-hceb46e0_1.conda	ea4e50c465d70236408cb0bfe0115609fd14db1adcd8bd30d8918e0291f8a75f	2aadb0d17215603a82a2a6b0afd9a4cb
https://conda.anaconda.org/conda-forge/linux-64/graphite2-1.3.15-hecca717_0.conda	885fa7d1d7e2ad9ed0a700ee0d81ceb49de278253082d517959b22d6336eecce	cf09e9fc938518e91d0706572cadf17a
https://conda.anaconda.org/conda-forge/linux-64/libstdcxx-ng-15.2.0-hdf11a46_20.conda	0b79903234f68410c11c33cb9829f7b3cb01a9ff2f42bf083dd2c51e886e6077	593dc263426eb14f16dc594bfdb9772a
https://conda.anaconda.org/conda-forge/linux-64/libunistring-0.9.10-h7f98852_0.tar.bz2	e88c45505921db29c08df3439ddb7f771bbff35f95e7d3103bf365d5d6ce2a6d	7245a044b4a1980ed83196176b78b73a
https://conda.anaconda.org/conda-forge/linux-64/libev-4.33-hd590300_2.conda	1cd6048169fa0395af74ed5d8f1716e22c19a81a8a36f934c110ca3ad4dd27b4	172bf1cd1ff8629f2b1179945ed45055
https://conda.anaconda.org/conda-forge/linux-64/libxcrypt-4.4.36-hd590300_1.conda	6ae68e0b86423ef188196fff6207ed0c8195dd84273cb5623b85aa08033a410c	5aa797f8787fe7a17d1b0821485b5adc
https://conda.anaconda.org/conda-forge/linux-64/brotli-bin-1.2.0-hb03c661_1.conda	64b137f30b83b1dd61db6c946ae7511657eead59fdf74e84ef0ded219605aa94	af39b9a8711d4a8d437b52c1d78eb6a1
https://conda.anaconda.org/conda-forge/linux-64/libopenblas-0.3.33-pthreads_h94d23a6_0.conda	3d9aa85648e5e18a6d66db98b8c4317cc426721ad7a220aa86330d1ccedc8903	2d3278b721e40468295ca755c3b84070
https://conda.anaconda.org/conda-forge/linux-64/xorg-libx11-1.8.13-he1eb515_0.conda	516d4060139dbb4de49a4dcdc6317a9353fb39ebd47789c14e6fe52de0deee42	861fb6ccbc677bb9a9fb2468430b9c6a
https://conda.anaconda.org/conda-forge/linux-64/libfreetype-2.14.3-ha770c72_0.conda	38f014a7129e644636e46064ecd6b1945e729c2140e21d75bb476af39e692db2	e289f3d17880e44b633ba911d57a321b
https://conda.anaconda.org/conda-forge/linux-64/libglib-2.88.2-h0d30a3d_0.conda	4bee10e62796f01e4fa2b5849135b1cc061337fe9cf5eb9bd79e9664922ae0e4	889febc66cd9e4190f80ef9718fa239b
https://conda.anaconda.org/conda-forge/linux-64/libtiff-4.7.2-h9d88235_0.conda	b31346e1c01ab40a170e91147092ee8fd92b1dee3c66ee47ef025571c879b159	c1fcb4a88bc15a9f77ad8d27d7af1df9
https://conda.anaconda.org/conda-forge/linux-64/libxml2-16-2.15.3-hca6bf5a_0.conda	3d44f737c5ae52d5af32682cc1530df433f401f8e58a7533926536244127572a	e79d2c2f24b027aa8d5ab1b1ba3061e7
https://conda.anaconda.org/conda-forge/linux-64/libpsl-0.22.0-h49b2146_1.conda	71118885feab91c61bea4e9532ec46e0653b24f02e563681f822915aee8435bb	af5ddfb52ad25d833c70c7511478d4eb
https://conda.anaconda.org/conda-forge/linux-64/qhull-2020.2-h434a139_5.conda	776363493bad83308ba30bcb88c2552632581b143e8ee25b1982c8c743e73abc	353823361b1d27eb3960efb076dfcaf6
https://conda.anaconda.org/conda-forge/linux-64/gmp-6.3.0-hac33072_2.conda	309cf4f04fec0c31b6771a5809a1909b4b3154a2208f52351e1ada006f4c750c	c94a5994ef49749880a8139cf9afcbe1
https://conda.anaconda.org/conda-forge/linux-64/libidn2-2.3.8-hfac485b_1.conda	cc38c900b9a20fe75e61cbb594e749c57a06d96510722f5ddfa309682062b065	842a81de672ddcf476337c8bde3cad33
https://conda.anaconda.org/conda-forge/linux-64/perl-5.32.1-7_hd590300_perl5.conda	9ec32b6936b0e37bcb0ed34f22ec3116e75b3c0964f9f50ecea5f58734ed6ce9	f2cfec9406850991f4e3d960cc9e3321
https://conda.anaconda.org/conda-forge/linux-64/brotli-1.2.0-hed03a55_1.conda	e511644d691f05eb12ebe1e971fd6dc3ae55a4df5c253b4e1788b789bdf2dfa6	8ccf913aaba749a5496c17629d859ed1
https://conda.anaconda.org/conda-forge/linux-64/libblas-3.11.0-8_h4a7cf45_openblas.conda	b2da6bfd72a1c9cb143ccf64bf5b28790cb4eb58bd1cb978f6537b2322f7d48b	00fc660ab1b2f5ca07e92b4900d10c79
https://conda.anaconda.org/conda-forge/linux-64/xorg-libxfixes-6.0.2-hb03c661_0.conda	83c4c99d60b8784a611351220452a0a85b080668188dce5dfa394b723d7b64f4	ba231da7fccf9ea1e768caf5c7099b84
https://conda.anaconda.org/conda-forge/linux-64/xorg-libxt-1.3.1-hb9d3cd8_0.conda	a8afba4a55b7b530eb5c8ad89737d60d60bc151a03fbef7a2182461256953f0e	279b0de5f6ba95457190a1c459a64e31
https://conda.anaconda.org/conda-forge/linux-64/xorg-libxrender-0.9.12-hb9d3cd8_0.conda	044c7b3153c224c6cedd4484dd91b389d2d7fd9c776ad0f4a34f099b3389f4a1	96d57aba173e878a2089d5638016dc5e
https://conda.anaconda.org/conda-forge/linux-64/xorg-libxext-1.3.7-hb03c661_0.conda	79c60fc6acfd3d713d6340d3b4e296836a0f8c51602327b32794625826bd052f	34e54f03dfea3e7a2dcf1453a85f1085
https://conda.anaconda.org/conda-forge/linux-64/fontconfig-2.18.2-h27c8c51_0.conda	d77a47bc2b340b997c680241751e581672d1d0377a680eaf0b19026f013f56b7	3c702747058a5d0af93fe71e559327f3
https://conda.anaconda.org/conda-forge/linux-64/freetype-2.14.3-ha770c72_0.conda	c934c385889c7836f034039b43b05ccfa98f53c900db03d8411189892ced090b	8462b5322567212beeb025f3519fb3e2
https://conda.anaconda.org/conda-forge/linux-64/openjpeg-2.5.4-h55fea9a_0.conda	3900f9f2dbbf4129cf3ad6acf4e4b6f7101390b53843591c53b00f034343bc4d	11b3379b191f63139e29c0d19dee24cd
https://conda.anaconda.org/conda-forge/linux-64/lcms2-2.19.1-h0c24ade_1.conda	112b5b9462572d970f4abd2912f76a25ee7db158b1e7260163d91dd8a630db84	8b3ce45e929cd8e8e5f4d18586b56d8b
https://conda.anaconda.org/conda-forge/linux-64/libxml2-2.15.3-h49c6c72_0.conda	3bc5551720c58591f6ea1146f7d1539c734ed1c40e7b9f5cb8cb7e900c509aba	995d8c8bad2a3cc8db14675a153dec2b
https://conda.anaconda.org/conda-forge/linux-64/mpfr-4.2.2-he0a73b1_0.conda	8690f550a780f75d9c47f7ffc15f5ff1c149d36ac17208e50eda101ca16611b9	85ce2ffa51ab21da5efa4a9edc5946aa
https://conda.anaconda.org/conda-forge/linux-64/perl-b-cow-0.007-pl5321hb9d3cd8_1.conda	5c5b00630655d2b87ac45cf48760f85d668538d0a2d038010493805cdc547295	8c052f33ecc8abd56bdb83c8d3aa4cfa
https://conda.anaconda.org/conda-forge/linux-64/perl-storable-3.15-pl5321hb9d3cd8_2.conda	25beba40154a394189d0ff2afd31683d79c9106d47e77e12d20900d053dffaf6	212f63a5c7c753ecf0a74c349b9270c5
https://conda.anaconda.org/conda-forge/linux-64/perl-inc-latest-0.500-pl5321ha770c72_0.conda	ff6b6ffffd6ecbed19a00ee41bb54c283d171f3feff7f45e840441551b5ab876	0879971f134628d37bc4b13581113134
https://conda.anaconda.org/conda-forge/linux-64/perl-try-tiny-0.31-pl5321ha770c72_0.tar.bz2	7e74c95eb085b095a258a22ee2f30192d79f23a58cbbcb8ca2b14f4fe0a8c406	cc23b14ed56bf51d84832d98ebd156af
https://conda.anaconda.org/conda-forge/linux-64/perl-test-nowarnings-1.06-pl5321ha770c72_0.conda	e2a7ef3e7ebf848d3d6531ec63d2f3fa5c4a91d341f48b66f0457a1c0bc54dba	16a18cb903332a0f0740a83fc9cc619e
https://conda.anaconda.org/conda-forge/linux-64/perl-xml-parser-2.44_01-pl5321hf2e2c51_1004.conda	2f435dc5a99afa903bbed28adc1f435c673a9f72f902719fbdda42297df24c99	74b306d35769f0b5de0cfab93a7e7f74
https://conda.anaconda.org/conda-forge/linux-64/perl-scalar-list-utils-1.70-pl5321hb03c661_0.conda	00678b34a57df53fa31585ff1579f42a6dfc8b1b059fd1b386c6e89573959a9f	046486011bf7674e3c2f2a1513ac4f3d
https://conda.anaconda.org/conda-forge/linux-64/perl-compress-raw-zlib-2.214-pl5321h4dac143_0.conda	4fd3a11f8dbd2c9d1a1c5547e344ad20412a3f0d36967502d9764e1b2734dd47	943e7033e6f709adf0d89a3af51ab81b
https://conda.anaconda.org/conda-forge/linux-64/perl-compress-raw-bzip2-2.214-pl5321hda65f42_0.conda	2cbd3fcb7028415654057ab3142cee1e5cc4cf9bdd0e590f072e8ecd29cb6382	1ec33b9f74a71c17cc5579e35027832a
https://conda.anaconda.org/conda-forge/linux-64/perl-extutils-pl2bat-0.005-pl5321ha770c72_0.tar.bz2	dfd81e59da391b84b4c74d0f6a8c764e1634e19966b51c89d80beffaea1035f5	1b4596cb487f9a3fd94a7da39cf9ddb9
https://conda.anaconda.org/conda-forge/linux-64/perl-extutils-config-0.008-pl5321ha770c72_0.tar.bz2	3dfeeee4f139c064bf72f001ccf0a5eda8836b8ecb7df33b61ed76efabed9198	fe6664771f9a6904827c372d7694af3a
https://conda.anaconda.org/conda-forge/linux-64/perl-math-round-0.07-pl5321ha770c72_0.tar.bz2	d707bbb20f032a32232fb60d9d54fb0d01a68cffe446f4f9f4cfafff13804e35	5d287f877cdb21b81d78aefd98b0e0db
https://conda.anaconda.org/conda-forge/linux-64/liblapack-3.11.0-8_h47877c9_openblas.conda	168e327d737059553e15cc6ec36d76b9bbb3931c2a7721555fd68b4c9348b247	809be8ba8712c77bc7d44c2d99390dc4
https://conda.anaconda.org/conda-forge/linux-64/libcblas-3.11.0-8_h0358290_openblas.conda	1a2bc77bb26520255904a3d9b1f40e6bf0bf9d8d3405c7709dd162282820915a	33a413f1095f8325e5c30fde3b0d2445
https://conda.anaconda.org/conda-forge/linux-64/xorg-libxi-1.8.3-hb03c661_0.conda	495f99c8eacfa4ae2d8fed2a7f2105777af89acdc204df145d2bbbc380ac631b	adba2e334082bb218db806d4c12277c9
https://conda.anaconda.org/conda-forge/linux-64/xorg-libxrandr-1.5.5-hb03c661_0.conda	80ed047a5cb30632c3dc5804c7716131d767089f65877813d4ae855ee5c9d343	e192019153591938acf7322b6459d36e
https://conda.anaconda.org/conda-forge/linux-64/gawk-5.4.1-h0a3468a_0.conda	0ae20399bc13d1097237cf29653c1f2dd68e37f08b47a9b3cab76f97556a6bfa	64fd8d804a6aaef55d6d6c562446d72b
https://conda.anaconda.org/conda-forge/linux-64/perl-clone-0.46-pl5321hb9d3cd8_1.conda	f2ec5c3c9bea3b7abc8a0c74e8d43b473e8b37380b321793f17657f7d94780b8	a9f2e21782bd80222e9955e7e7b3b8ef
https://conda.anaconda.org/conda-forge/linux-64/perl-module-build-0.4234-pl5321ha770c72_1.conda	40bc64172a969e87ade758320049c86c6a0d83cf8aeaa69ad218fa463ac6cb5b	358d42e9f08dd917b649089526e2ae1f
https://conda.anaconda.org/conda-forge/linux-64/perl-test-fatal-0.016-pl5321ha770c72_0.tar.bz2	d5420f90b3bca641cdad0c5674b356a060bf1587e82d3828f382a466bdaba6d1	5c397b1fd3095004f4ff149af1c0dd3c
https://conda.anaconda.org/conda-forge/linux-64/perl-extutils-helpers-0.026-pl5321ha770c72_0.tar.bz2	fe985bc8cde3e1ade531fdd2e4977928c610611965efc758dbd6da53870c591d	4d639c4c7271888c617ab5b513e2ccc5
https://conda.anaconda.org/conda-forge/linux-64/perl-extutils-installpaths-0.012-pl5321ha770c72_0.tar.bz2	4f10a443d158fdeb15f5d695e729a9b0d1430da12fa90ed371310801fd88a0a7	4aac7d3274c03e499f6c686bff0738ef
https://conda.anaconda.org/conda-forge/linux-64/gsl-2.8-hbf7d49c_1.conda	f923af07c3a3db746d3be8efebdaa9c819a6007ee3cc12445cee059641611e05	04e128d2adafe3c844cde58f103c481b
https://conda.anaconda.org/conda-forge/linux-64/xorg-libxtst-1.2.5-hb9d3cd8_3.conda	752fdaac5d58ed863bbf685bb6f98092fe1a488ea8ebb7ed7b606ccfce08637a	7bbe9a0cc0df0ac5f5a8ad6d6a11af2f
https://conda.anaconda.org/conda-forge/linux-64/perl-module-runtime-0.016-pl5321ha770c72_1.conda	36e6925a0e481051fa59f5d83d1dde6e910dcdb28698f4b4771824d7bddbe585	611f3ca93e744e14a430ee1f26ca3315
https://conda.anaconda.org/conda-forge/linux-64/perl-module-build-tiny-0.039-pl5321h166bdaf_0.tar.bz2	f28cef018e4751e90e1b3e1537ddf8d59fcbdbbeb314a50357290ee3434e63f8	48aba23b5e37534eae7d9b856b60012c
https://conda.anaconda.org/conda-forge/linux-64/perl-module-implementation-0.09-pl5321ha770c72_1.conda	3110c0f792aa658f289cc0b6a869a7fb71041492b59e2f6e75321ec929fd5313	1fc9b09c7194da078842ac3f8502ed57
https://conda.anaconda.org/conda-forge/linux-64/perl-readonly-2.05-pl5321ha770c72_0.tar.bz2	7137420d829c112085bbba7afa2c75f8c9a799567d44123cc3711f2f5388e2bd	4a5fedeb429a9cb12b528ac60a5b5009
https://conda.anaconda.org/conda-forge/noarch/python_abi-3.12-8_cp312.conda	80677180dd3c22deb7426ca89d6203f1c7f1f256f2d5a94dc210f6e758229809	c3efd25ac4d74b1584d2f7a57195ddf1
https://conda.anaconda.org/conda-forge/noarch/font-ttf-dejavu-sans-mono-2.37-hab24e00_0.tar.bz2	58d7f40d2940dd0a8aa28651239adbf5613254df0f75789919c4e6762054403b	0c96522c6bdaed4b1566d11387caaf45
https://conda.anaconda.org/conda-forge/noarch/tzdata-2026c-h151e31d_0.conda	b928c30ddcb0e3f544c6eade8352737e6e610e263276b90232db6a578ef899d8	fcb489df604d100968b737f2cb6076c6
https://conda.anaconda.org/conda-forge/noarch/ca-certificates-2026.7.22-hbd8a1cb_0.conda	0a0544cf95f64394fe4959286f5c71f5444ad58feb0602e53becb27448d24da6	0f51e2391ade309db462a55611263e9c
https://conda.anaconda.org/conda-forge/noarch/kernel-headers_linux-64-6.12.0-he073ed8_6.conda	73b11f31db6c9ebe63d900334fa4f46859aa1ddd8f37cfa5f25a043e0a59253c	ad5a27ffc9350af2624927dd79edf2be
https://conda.anaconda.org/conda-forge/noarch/font-ttf-inconsolata-3.000-h77eed37_0.tar.bz2	c52a29fdac682c20d252facc50f01e7c2e7ceac52aa9817aaf0bb83f7559ec5c	34893075a5c9e55cdafac56607368fc6
https://conda.anaconda.org/conda-forge/noarch/font-ttf-source-code-pro-2.038-h77eed37_0.tar.bz2	00925c8c055a2275614b4d983e1df637245e19058d79fc7dd1a93b8d9fb4b139	4d59c254e01d9cde7957100457e2d5fb
https://conda.anaconda.org/conda-forge/noarch/font-ttf-ubuntu-0.83-h77eed37_3.conda	2821ec1dc454bd8b9a31d0ed22a7ce22422c0aef163c59f49dfdf915d0f0ca14	49023d73832ef61042f6a237cb2687e7
https://conda.anaconda.org/conda-forge/noarch/perl-parent-0.243-pl5321hd8ed1ab_0.conda	ec57d9e56ba86d840d5a9e65c665365fb6a290851cd13e6719628f3295eabf34	314caa3b72d65f8078d426c6721dcacc
https://conda.anaconda.org/conda-forge/noarch/perl-extutils-makemaker-7.70-pl5321hd8ed1ab_0.conda	1d3f342ca74cf2948c3edcfe0d3367b1db0fc64bb163393a2e025336dec3a40c	ec3e57ed34f7765bfc7054a05868ce5d
https://conda.anaconda.org/conda-forge/noarch/perl-exporter-5.74-pl5321hd8ed1ab_0.tar.bz2	42271d0b79043a10a89044acb5febea50046b745dd2fc37e02943bc3bc75bf8e	fd2eac4e35f8c970870a3961c1df3e29
https://conda.anaconda.org/conda-forge/noarch/perl-common-sense-3.75-pl5321hd8ed1ab_0.tar.bz2	38ef218e9b9d55b9fbdce6b31cf81bcf6f1b16f21b8e7cb9279b41399522a320	ef70dc77e8b10bbb62f5e843b401ef0e
https://conda.anaconda.org/conda-forge/noarch/perl-exporter-tiny-1.002002-pl5321hd8ed1ab_0.tar.bz2	abdf86828a12a389d0feb0d70501b267842557bae11820e266526aeb6ab2bebe	48d709826875be1f2c108d3d1d8efec7
https://conda.anaconda.org/conda-forge/noarch/perl-number-format-1.76-pl5321hd8ed1ab_0.conda	8877c405faaac371d13bd6acc24c5e3e9b2ee881f5af8dba384655c6f0f3ee0f	9eeca3397a5a51a7ff35ca30be3c44e0
https://conda.anaconda.org/conda-forge/noarch/perl-svg-2.87-pl5321hd8ed1ab_0.tar.bz2	8d2c4239a6de041fa5d7f7b7b9cdc0a08340b0591f89ba87736928e89a77e71a	72dbcc8ad6f0dc8fce74f994462c6902
https://conda.anaconda.org/conda-forge/noarch/perl-regexp-common-2017060201-pl5321hd8ed1ab_0.tar.bz2	ca462d5d59cdc775773233d840a3033d8e1879e441e1f8f3b9fd42cea114a62f	a5f770daa07a2075ac13e17e0bcb42e3
https://conda.anaconda.org/conda-forge/noarch/sysroot_linux-64-2.39-hc4b9eeb_6.conda	7d235e4337f122f3439d0196e1c1c6e715a5b88fcbf24f944510186c84168e45	bc073c887526f93b09b8ca490192790b
https://conda.anaconda.org/conda-forge/noarch/fonts-conda-forge-1-hc364b38_1.conda	54eea8469786bc2291cc40bca5f46438d3e062a399e8f53f013b6a9f50e98333	a7970cd949a077b7cb9696379d338681
https://conda.anaconda.org/conda-forge/noarch/perl-carp-1.50-pl5321hd8ed1ab_0.tar.bz2	1981e31113e1e77a2cdc13db657c636f047cd3be2a64d9a0bffac03c5427c1bd	bdddc03e28019b902da71b722f2288d7
https://conda.anaconda.org/conda-forge/noarch/fonts-conda-ecosystem-1-0.tar.bz2	a997f2f1921bb9c9d76e6fa2f6b408b7fa549edd349a77639c9fe7a23ea93e61	fee5683a3f04bd15cbd8318b096a27ab
https://conda.anaconda.org/bioconda/linux-64/prodigal-2.6.3-h577a1d6_11.tar.bz2	1211d9f01128f141154cb4616aa5b15890afc26699767886f6655cabfd67ec06	7b083f573760cbd88a206e05f73f5e9d
https://conda.anaconda.org/bioconda/linux-64/rpsbproc-0.5.1-hd6d6fdc_0.conda	1e4350a07f118267653267f46bbcb10956ee2b48d1f8fd70ce1d81226ffa9eaa	634d524accb7a83119d790f1e5f04321
https://conda.anaconda.org/bioconda/linux-64/ncbi-vdb-3.4.1-hd63eeec_0.conda	1c876e74214ef7269de12286e1b9b370e3167c0825d215de3b81bf46f3956072	70de9f284c305131b458cf69676f1b2f
https://conda.anaconda.org/bioconda/linux-64/bedtools-2.31.1-h13024bc_3.tar.bz2	d8b7aef31be37da761a87e1263ea00d62b67134b546f018067786aa6d3dccfac	99c4e90e82db906439e00beafb343d16
https://conda.anaconda.org/bioconda/linux-64/hmmer-3.4-h503566f_3.tar.bz2	d3c37ebbd6254cded0937c1f3d389f8c8c0ca59986aa61846c476e41a82e3c27	0536103ba1af5d75454868affd7575c1
https://conda.anaconda.org/bioconda/linux-64/gffread-0.12.7-h077b44d_6.tar.bz2	cce466308f776cf66a6668a63254562705f9389fce2262a4c680ff0ce73d8812	98975436470f316f0a0148a186e008c8
https://conda.anaconda.org/bioconda/linux-64/rapidnj-2.3.2-h9948957_6.tar.bz2	117c260a1bae932a3efd35367d718afe7eb7f238e15bb003f0ae8789c7fb4542	cc4fecd288b84c7eda6a1d9408488681
https://conda.anaconda.org/bioconda/linux-64/skani-0.3.1-ha6fb395_0.conda	1514066af9da85cfbd3e1f46de002c86e8ccb566339e3afe06c22432f40d2b32	fd1dbf26feefbc0d916576ed7896b37b
https://conda.anaconda.org/bioconda/linux-64/perl-list-moreutils-xs-0.430-pl5321h7b50bb2_5.tar.bz2	fe2d360770fe5b856ee1e625eac6b07cea386c64b0866e323c6535eb62b9ceee	9192770eb08524038c3fcf24e915b10c
https://conda.anaconda.org/bioconda/linux-64/glimmerhmm-3.0.4-pl5321h503566f_10.conda	97f2a9b1dde17aeb8c968c0f5532262828be217b5d78f24f37029f068f4fbfd3	0a9e50daa0e798ce6c7b06894570a5f7
https://conda.anaconda.org/bioconda/linux-64/bwa-0.7.19-h577a1d6_1.tar.bz2	6914985666bd9527a86a103251cd0e29667f0857b7fe0a47c55b389e3a3b37be	2c484db6388422f7c2d44d8bcc82f047
https://conda.anaconda.org/bioconda/linux-64/mcl-22.282-pl5321h7b50bb2_4.tar.bz2	c91e9f49d27199ac595c001749ad166818ddbbb81c682d50d598f4811bbd921e	5020f96bb41195d95ad24665ddb6cb35
https://conda.anaconda.org/bioconda/linux-64/k8-1.2-he8db53b_6.tar.bz2	35143205ef4684f417f047c649aea110e0ceb1d6891001511dbceb2dea08be3d	6c44663f234185cc54d7a90c4d7a555a
https://conda.anaconda.org/bioconda/linux-64/perl-time-hires-1.9764-pl5321h7b50bb2_6.tar.bz2	e335157721fefc864e0f15c260e439a22520e90eb1479e2d353dd03bc06bd9ad	3462e231d61532ad333b5084775dda24
https://conda.anaconda.org/bioconda/linux-64/perl-params-validate-1.31-pl5321h7b50bb2_5.tar.bz2	275775c1cd42e588ab826b3f2935bb46237421a5e47abab4e7a3d269b6cce131	352e598f9be93b471aa08b8bb26589ec
https://conda.anaconda.org/bioconda/linux-64/minimap2-2.31-h118bc1c_0.conda	344fe7b5328ff635dc2b8914b05e003053e136446e456b81e1b4b5fca1a9cedd	9134876c84df5b48841bfe743cfd7b67
https://conda.anaconda.org/bioconda/noarch/perl-text-format-0.63-pl5321hdfd78af_0.conda	82adbc81a5fed6954253d4b819d545b5594c87e945baa0cf15ce7cbe7dab98bc	80456bafc0163cda2c52a0a19b88c114
https://conda.anaconda.org/bioconda/noarch/perl-digest-perl-md5-1.91-pl5321hdfd78af_0.conda	e65a07c916459c0e663ef5c6330dc97db921ff128007b3761e2a9f59217365d7	ea6681cd78e82e08574f39e899b05dd7
https://conda.anaconda.org/bioconda/noarch/perl-io-zlib-1.15-pl5321hdfd78af_1.tar.bz2	771a44b338cac68a22893897450222b886e24bbb291b014897d561f2ba3b588f	db92645dabe9467115729e4479841b5d
https://conda.anaconda.org/bioconda/noarch/perl-io-string-1.08-pl5321hdfd78af_4.tar.bz2	bc9664b4a2cf4444210f31039855de9e56c044ede35a98e0d647969994730dd7	c34ef3559a60db3eeddbdd10718906a4
https://conda.anaconda.org/bioconda/noarch/perl-set-intspan-1.19-pl5321hdfd78af_2.tar.bz2	8885c1dea9709373a6bd94716d7c4309026251fcd206960e928a369a1dd17d06	091ed7ffa1082dfbc76ab273a9c4b49f
https://conda.anaconda.org/bioconda/noarch/perl-math-vecstat-0.08-pl5321hdfd78af_2.tar.bz2	25c5bb78e0db8e2e8ac4eaf2de79b04a8d13821a63f2c9c4efe79a20d0069163	b7670a82a5134ef35e5aa4291861eccb
https://conda.anaconda.org/bioconda/noarch/perl-math-bezier-0.01-pl5321hdfd78af_2.tar.bz2	423527bcf0b518b0504ea06cb07aabfababbe841511b1b3d340edcb04bf1f11b	5cef53ed1e5305e7e1aa9b5459e00611
https://conda.anaconda.org/bioconda/noarch/perl-types-serialiser-1.01-pl5321hdfd78af_0.tar.bz2	20f61217b16235d0161ad6fa0a234585afcc04ec5a6142c65b5867e26216dfe3	cfc65753e827bbef80c00eaa395f6ae7
https://conda.anaconda.org/bioconda/noarch/perl-statistics-basic-1.6611-pl5321hdfd78af_3.tar.bz2	c7438d4dad43f7a96063e5ee3ee36c4a94e742beff126cce38f82b6003511291	78d401cc1d995de60b2b220e3804c535
https://conda.anaconda.org/bioconda/noarch/perl-list-moreutils-0.430-pl5321hdfd78af_0.tar.bz2	2190cc8430bb218ea80f5fc5e2bf75e4e20a27fb83e8c3cb789a18c32854a56c	7f04c79d216d0f8e7b6d5a51de4aafa0
https://conda.anaconda.org/bioconda/noarch/perl-font-ttf-1.06-pl5321hdfd78af_1.tar.bz2	8bf6d4457385eb064928aaaa54e81f2aa5082eec3ef813790abad24cfbb08962	7bdabdc54e5f3c8914c993d3799e56c1
https://conda.anaconda.org/conda-forge/linux-64/openssl-3.6.3-h35e630c_0.conda	d48f5c22b9897c01e4dff3680f1f57ceb02711ab9c62f74339b080419dfad34b	79dd2074b5cd5c5c6b2930514a11e22d
https://conda.anaconda.org/conda-forge/linux-64/perl-encode-3.24-pl5321hb03c661_0.conda	c83d8de38ce43ca15af05f76bc933ff76894aef84baed47300e463dae0c11857	35776d4c5766e9d98754d1e7530c2961
https://conda.anaconda.org/conda-forge/linux-64/perl-pathtools-3.75-pl5321hb9d3cd8_2.conda	a80bc265aa749ae03fdd6d5f2098312ea6f43cc193ea7aba0e6e4304d84ce8c0	03d88c89dfac8a26adcdeff242f94007
https://conda.anaconda.org/conda-forge/linux-64/libgd-2.3.3-h5fbf134_12.conda	245be793e831170504f36213134f4c24eedaf39e634679809fd5391ad214480b	88c1c66987cd52a712eea89c27104be6
https://conda.anaconda.org/conda-forge/linux-64/cairo-1.18.4-he90730b_1.conda	06525fa0c4e4f56e771a3b986d0fdf0f0fc5a3270830ee47e127a5105bde1b9a	bb6c4808bfa69d6f7f6b07e5846ced37
https://conda.anaconda.org/conda-forge/linux-64/libssh2-1.11.1-hcf80075_0.conda	fa39bfd69228a13e553bd24601332b7cfeb30ca11a3ca50bb028108fe90a7661	eecce068c7e4eddeb169591baac20ac4
https://conda.anaconda.org/conda-forge/linux-64/krb5-1.22.2-hbde042b_1.conda	9b07046870772f28740e3f6149f09ff222843733087a33c5540b169c6289652d	54157a1c8c0bb70f62dd0b17fba7e7f2
https://conda.anaconda.org/conda-forge/linux-64/libnghttp2-1.68.1-h877daf1_0.conda	663444d77a42f2265f54fb8b48c5450bfff4388d9c0f8253dd7855f0d993153f	2a45e7f8af083626f009645a6481f12d
https://conda.anaconda.org/conda-forge/linux-64/wget-1.25.0-h653f8fd_1.conda	66a5a05e0e44fd7a57e24d77665d5d6672646a7b316575b2f679108966d9124e	3b97a15e7345c7f6c51bb57bffad7c93
https://conda.anaconda.org/conda-forge/linux-64/capnproto-1.3.0-h791c776_1.conda	14a4445a2af39123ae3841f15da7380bfeee1092ade0d9181bd29816c64d7ca5	c6ffbe272726693f7b833e10aafcc129
https://conda.anaconda.org/conda-forge/linux-64/python-3.12.13-hd63d673_0_cpython.conda	a44655c1c3e1d43ed8704890a91e12afd68130414ea2c0872e154e5633a13d7e	7eccb41177e15cc672e1babe9056018e
https://conda.anaconda.org/conda-forge/linux-64/libharfbuzz-14.2.1-h17a8019_1.conda	821c315f6b5171aa89e735be2ad84e74eb3f898fc7610ee36cfecd95dfa789e8	fb4669c3990b94ea32fbb81f433e9aa6
https://conda.anaconda.org/conda-forge/linux-64/aria2-1.37.0-h4b33fff_4.conda	a57932dfc4252f58772dfe8b6cef4b88ce76119474c3f405812628983a40ca66	95fb49dd7b23d4e788da61095ec258de
https://conda.anaconda.org/conda-forge/linux-64/libcups-2.3.3-h7a8fb5f_6.conda	205c4f19550f3647832ec44e35e6d93c8c206782bdd620c1d7cf66237580ff9c	49c553b47ff679a6a1e9fc80b9c5a2d4
https://conda.anaconda.org/conda-forge/linux-64/libcurl-8.21.0-hae6b9f4_2.conda	ba8354084b34fce56d5697982fce4a384c148e972e15c0ab891187617fe7ec29	f9c59d277a16ec8f272b2d5dd2ec3335
https://conda.anaconda.org/conda-forge/linux-64/libraqm-0.10.5-h6406941_1.conda	7c9e562842f193f772ef0ba681f238a2d9e5ef637588b6e46eb30cc6aa1940c8	fa63517815747363c41b439ff9301db1
https://conda.anaconda.org/conda-forge/linux-64/libharfbuzz-devel-14.2.1-h17a8019_1.conda	6d8e793042affd18ca1784b7794fab14d16f54f984777ce6ab86bacaa465ab0d	99cf21100441e51272f1cd6fe0632a20
https://conda.anaconda.org/conda-forge/linux-64/curl-8.21.0-hae6b9f4_2.conda	ae0b83efb7545ea40845253b76bbfeb12349bd32001728b8f58d726cd532d467	d09779693563f4a1a0bdb0f715ba2bf0
https://conda.anaconda.org/conda-forge/linux-64/harfbuzz-14.2.1-ha770c72_1.conda	853beec89ff91cbbf630f1d305b69153eb28a3cb78af95ddc1fb4d30e524c6f4	72e956a71241633d8c80aa198fd08784
https://conda.anaconda.org/conda-forge/linux-64/openjdk-25.0.2-ha668962_0.conda	3825a4c84676a8a5cc23b397a2911e4efa4a805daf2af764153bd904e142ec41	a41092b0177362dbe5eb2a18501e86c0
https://conda.anaconda.org/bioconda/linux-64/perl-json-xs-4.04-pl5321h9948957_0.conda	f16cf35917a5d75fb55cfc69d8651dc72ff4e06370142b447a4864f5de7d97c6	7916b2e794393b3389535ba750f489da
https://conda.anaconda.org/bioconda/linux-64/perl-io-compress-2.216-pl5321h503566f_0.conda	5241c33cf55ba0cbfc0ccab96b4a31123761db00310eab4fedd7a95226c4fca7	0784cb3c120f934a5fe61961c8238330
https://conda.anaconda.org/bioconda/linux-64/perl-gd-2.84-pl5321hc25ab4d_0.conda	7d46d8ba2015218cfed70c0b358df22e12cb78a890b08e0fac984c7a75eaa784	279943d356bbb20838ba2119e802b656
https://conda.anaconda.org/bioconda/linux-64/entrez-direct-22.4-he881be0_0.tar.bz2	9d045676ea29460af4e7a0fe778504acce8a00e07af7906bad0e7f4242f86ea5	0994f567f11543b7aea1afce884c2ce6
https://conda.anaconda.org/bioconda/linux-64/mash-2.3-hf85e966_11.conda	c6f8f8c3b5925435dbd696f12af5f49af8e137535bafaf3f0778d21658777798	9850b5930af752cb158ce90b9f76ff64
https://conda.anaconda.org/bioconda/linux-64/mmseqs2-18.8cc5c-hd6d6fdc_0.tar.bz2	466c7bc19eecc58a6043e73f7c80865fc610b4f545af8498565547d87c45d9a9	a11c5e78c9e77099aa3a2291710292e3
https://conda.anaconda.org/bioconda/noarch/perl-config-general-2.67-pl5321hdfd78af_0.tar.bz2	0ef55b1aa8aca8f40185c0575def5d57e30a67e68fd14bfb9fd8a40c3740bde9	8b6a9f3401abb1f399fc6994855cd3be
https://conda.anaconda.org/bioconda/noarch/perl-json-4.11-pl5321hdfd78af_0.conda	1c1649f491c76f4ae2984b547701df91c8abfda2e3b7b44e0c007f5e78a87c08	56411755d21870a9ec16c76fd7b66dba
https://conda.anaconda.org/bioconda/noarch/perl-archive-tar-3.12-pl5321hdfd78af_0.conda	fb56a9489a87fc238fc70da7a2329495204eec30f7a5f5af1014a6fb22b528f4	4ee2727440bf9b0b055c1f17a72701f6
https://conda.anaconda.org/bioconda/noarch/circos-0.69.9-hdfd78af_0.tar.bz2	2d7970c7555783de131cd62cc155a2c3f80cd1dc9afb43874ca43631ec778d1b	ba09be720e1959f7aa3de220d98e521c
https://conda.anaconda.org/conda-forge/noarch/packaging-26.2-pyhc364b38_0.conda	3906abfb6511a3bb309e39b9b1b7bc38f50a723971de2395489fd1f379255890	4c06a92e74452cfa53623a81592e8934
https://conda.anaconda.org/conda-forge/noarch/setuptools-83.0.0-pyh332efcf_0.conda	48a9f96016505debadfc67f06de7ac548decbc38d327409b24b0432ef6f16335	6bf6acbab2499830180ec88c3aff2fa4
https://conda.anaconda.org/conda-forge/noarch/wheel-0.47.0-pyhd8ed1ab_0.conda	9e156ffaefb8463437144326ada4b85d1de17961b9997ac5f1cbbaf747bd8bed	d0e3b2f0030cf4fca58bde71d246e94c
https://conda.anaconda.org/conda-forge/noarch/pip-26.1.2-pyh8b19718_0.conda	29b7d75bf81ad11645a8e320b369abdc90a92b93f2a9178e853d9dddf82e5106	511fbc2c63d2c73650ad1755e4d357ba
https://conda.anaconda.org/conda-forge/noarch/six-1.17.0-pyhe01879c_1.conda	458227f759d5e3fcec5d9b7acce54e10c9e1f4f4b7ec978f3bfd54ce4ee9853d	3339e3b65d58accf4ca4fb8748ab16b3
https://conda.anaconda.org/conda-forge/noarch/munkres-1.1.4-pyhd8ed1ab_1.conda	d09c47c2cf456de5c09fa66d2c3c5035aa1fa228a1983a433c47b876aa16ce90	37293a85a0f4f77bbd9cf7aaefc62609
https://conda.anaconda.org/conda-forge/noarch/pyparsing-3.3.2-pyhcf101f3_0.conda	417fba4783e528ee732afa82999300859b065dc59927344b4859c64aae7182de	3687cc0b82a8b4c17e1f0eb7e47163d5
https://conda.anaconda.org/conda-forge/noarch/cycler-0.12.1-pyhcf101f3_2.conda	bb47aec5338695ff8efbddbc669064a3b10fe34ad881fb8ad5d64fbfa6910ed1	4c2a8fef270f6c69591889b93f9f55c1
https://conda.anaconda.org/conda-forge/noarch/joblib-1.5.3-pyhd8ed1ab_0.conda	301539229d7be6420c084490b8145583291123f0ce6b92f56be5948a2c83a379	615de2a4d97af50c350e5cf160149e77
https://conda.anaconda.org/conda-forge/noarch/python-dateutil-2.9.0.post0-pyhe01879c_2.conda	d6a17ece93bbd5139e02d2bd7dbfa80bee1a4261dced63f65f679121686bf664	5b8d21249ff20967101ffa321cab24e8
https://conda.anaconda.org/bioconda/linux-64/blast-2.16.0-h66d330f_5.tar.bz2	03c8c42f9caca6233ba21e83c955b99f910564ff2572f2c4739e1af2b77f7931	566efaf2b6144713ef7baac917956566
https://conda.anaconda.org/conda-forge/linux-64/unicodedata2-17.0.1-py312h4c3975b_0.conda	895bbfe9ee25c98c922799de901387d842d7c01cae45c346879865c6a907f229	0b6c506ec1f272b685240e70a29261b8
https://conda.anaconda.org/conda-forge/linux-64/numpy-2.5.1-py312h33ff503_0.conda	2941c4a5fee88fe1c91c0d95b65e3a292d078f6655b53ff60f4813a44349c83e	3b7525d598ec0d0365ebd2378160a02f
https://conda.anaconda.org/conda-forge/linux-64/pillow-12.3.0-py312h50c33e8_0.conda	76b2e56c7a903a06be1210d35f35c2a8dcdc57912fda5c96b2e68acfd2b281fe	d749d04e1965315078f29320565c595a
https://conda.anaconda.org/conda-forge/linux-64/kiwisolver-1.5.0-py312h0a2e395_0.conda	eec7654c2d68f06590862c6e845cc70987b6d6559222b6f0e619dea4268f5dd5	cd74a9525dc74bbbf93cf8aa2fa9eb5b
https://conda.anaconda.org/conda-forge/linux-64/simplejson-4.1.1-py312h4c3975b_0.conda	70a0ab8787576d55f23d114cc1d7569fd83f5b148c71a7f277180299e86ea8f1	bb3b931588a7dc83cc7b82836b0017df
https://conda.anaconda.org/conda-forge/linux-64/fonttools-4.63.0-py312h8a5da7c_0.conda	d235ae7075642044ceb3d922ef2a710a82665755ac9bbb7e8dad7daa72bc6d87	294fb524171e2a2748cb7fe708aba826
https://conda.anaconda.org/conda-forge/linux-64/contourpy-1.3.3-py312h0a2e395_4.conda	62447faf7e8eb691e407688c0b4b7c230de40d5ecf95bf301111b4d05c5be473	43c2bc96af3ae5ed9e8a10ded942aa50
https://conda.anaconda.org/conda-forge/linux-64/matplotlib-base-3.11.1-py312hc1765e9_0.conda	5bb0ba854ec2beafc369c168106d926f64351ed2af8a5c26b40833e364f55bb0	51fec2672c6ea2e1bfcc82e1d9569069
https://conda.anaconda.org/bioconda/linux-64/quast-5.3.0-py312pl5321hdcc493e_1.tar.bz2	267786ddf1f8ffaa63f3c6526bf7476e36ffed2d57af4b6fa9999a90f91aec63	59d1901fc40c60e0e0909eff3f64f4c7
