cohort_order	rung_n	assembly_id	exact_assembly_accession_version	input_line_number	input_occurrence_id	resolution_status	assembly_status	selection_stratum	stage_b_order	random_key	inclusion_probability	inference_weight	engineering_control_membership	collection_row_sha256	row_sha256
1	100	asm-v1-0ff7aa363314edb290d72eab	GCF_000005845.2	1	occ-v1-407a3ae4947fad192710d6e6	EXACT_VERSION_RESOLVED	current	stage_b_certainty	1	STAGE_B_CERTAINTY	1/1	1/1	accession_exact_revision_ambiguity,assembly_contiguity_single_or_minimum,assembly_size_minimum,prophage_interval_bounded_sentinel_scope,source_contig_role	3e246273a2566fc0cd1954406fee848dad1abd2cc7170d449119f206fc4ad833	56d9e9be60b1883caaf327dfd902f0df7a41c276ee210483bc6d9307995f5eb4
2	100	asm-v1-59248433db4b9fdb21544d3a	GCF_000812325.1	2609	occ-v1-1e689503b0ebab065cf5befe	EXACT_VERSION_RESOLVED	current	stage_b_certainty	2	STAGE_B_CERTAINTY	1/1	1/1	prophage_interval_bounded_sentinel_scope,source_contig_role	e50806635f89f61ee4da59669ac4a9738f87826cc3cb76a3bfce6255edbd3761	04197952929cf2b97dc705aea1c202635d7e25719c4f7ea69e8a93b81adda247
3	100	asm-v1-41a502eb976b3e61574ad8c6	GCF_002302315.1	6520	occ-v1-b85a853ae914b114e287ece3	EXACT_VERSION_RESOLVED	current	stage_b_certainty	3	STAGE_B_CERTAINTY	1/1	1/1	prophage_interval_bounded_sentinel_scope	bae0b9cf8be0452ee9494556284abe92a8f4b5731074741419ae5907daa353ab	6206d615034a74f891565c85a9761e1ea81b4359bc2e96d1805a4ce4e7be6a2c
4	100	asm-v1-f82a0d4920abbc2d92dcaada	GCF_004664255.1	13039	occ-v1-323585934c2f7be78c5a370d	EXACT_VERSION_RESOLVED	current	stage_b_certainty	4	STAGE_B_CERTAINTY	1/1	1/1	prophage_interval_bounded_sentinel_scope	9dfa087e927128511bc0e55717ac36537799e381221b133c25927c34981e6914	38398f6f3a4372416f8f570848ed3421ea6e2efb85d52bf7f0a6542812266aa6
5	100	asm-v1-7d223c403273bacb796a6439	GCF_015644385.1	19558	occ-v1-b7a5d14de386c381198be442	EXACT_VERSION_RESOLVED	current	stage_b_certainty	5	STAGE_B_CERTAINTY	1/1	1/1	prophage_interval_bounded_sentinel_scope	1723803ae21f96d18ddda809d033d8e7374a3c5de88be2d624d62d58dd90f9cf	d447c19cf7d058237bf2756987548d19bc984c4a54f2da0940f4aff7ae5aeb39
6	100	asm-v1-7f371c333ee496e64e13e7df	GCF_020829045.1	23469	occ-v1-5b60784ab03121fe1814c726	EXACT_VERSION_RESOLVED	current	stage_b_certainty	6	STAGE_B_CERTAINTY	1/1	1/1	prophage_interval_bounded_sentinel_scope	4a0a479f7a780e82b3b72a3f421aee26085976561ed3dd6ac343c6561f5bf056	380c28073ac033bef92b9a51a14e34acc5298c2517732bf3b55212feda093d39
7	100	asm-v1-f12f2846b4339fa21373d4d3	GCF_921380995.1	26077	occ-v1-dd3066d7889d096688487ef9	EXACT_VERSION_RESOLVED	current	stage_b_certainty	7	STAGE_B_CERTAINTY	1/1	1/1	prophage_interval_bounded_sentinel_scope	b9e8dc3f20d9f5349cde4c09a90df32429c74f3b08a2387336441f158e9e902b	97e3a517736fadd0b69d3a6e2a6b68355fab636c24f2d9700aa892a87d1177eb
8	100	asm-v1-2509fb2e423fed91316b5243	GCF_000167895.3	80	occ-v1-b391fbe177a99da3a58b5152	EXACT_VERSION_VALID_METADATA_UNAVAILABLE	METADATA_UNAVAILABLE	stage_b_certainty	8	STAGE_B_CERTAINTY	1/1	1/1	accession_exact_revision_ambiguity,assembly_contiguity_maximum,assembly_size_maximum,prophage_interval_bounded_sentinel_scope	839c210463df3c723e5e5f9c74168507ad952f6f4758fccf2cf4a877cb2bd285	170f1be67b4d1372eeaff270962bfeae98087652ce4246f8fcfe55a1a27a8351
9	100	asm-v1-f932ca427ea3912c33759383	GCF_001881595.4	4531	occ-v1-bf5407c5824cb46f9619b1cb	EXACT_VERSION_RESOLVED	current	stage_b_certainty	9	STAGE_B_CERTAINTY	1/1	1/1	accession_exact_revision_ambiguity,prophage_interval_bounded_sentinel_scope	c73d392ca0003c3909cd829c8ae9f0b586962c10a352aac6f0f4b643f593891f	5fa57bc5123c0c0a5cbad19551582fae2362676405dfe96cdc9901aac10f0186
10	100	asm-v1-02150e6b828e27945ab71fa9	GCF_000498835.2	1506	occ-v1-cd6775a87ea5decc4d7ddde8	EXACT_VERSION_RESOLVED	current	stage_b_certainty	10	STAGE_B_CERTAINTY	1/1	1/1	accession_exact_revision_ambiguity,prophage_interval_bounded_sentinel_scope	1edbcbb286f667684caa6e72c8a43265243a29cbec56c9863869b0bc513773e5	17656238f5616bf01b28b26cefbc92057a505a6e417fec81a544229324a8c0d1
11	100	asm-v1-32657c3828727c905b63ff98	GCF_015548345.1	19468	occ-v1-d0c9aa25085e954fe0b4e5d5	EXACT_VERSION_RESOLVED	current	main_phage_blind_srs	.	0000c1a73e6d1d3dea19b9241476283348897c7852eadc430b7c2e5288e29173	90/25353	25353/90	.	c7ca5bff242aa9842a61d09ce6892794e4e80ce9922268b224f83b2e672b7ece	9fc4edf8ffdafc05520b5e2f7d7132b4a95cc750899223e131be733bec630df7
12	100	asm-v1-4ece359b58a18776b323b359	GCF_019926545.1	22597	occ-v1-b42edf0b36328f865ffde44a	EXACT_VERSION_RESOLVED	current	main_phage_blind_srs	.	0000deb14c5ec29607387a5b389b3a9408062b9d9d0fa1a418621a2acefd582b	90/25353	25353/90	.	6e540f4c6503eb493655cf220c6e624bacd625a71d9cff1d64006a88b83d8318	47a49847b7058f714055671fa493e62ab2cb421ffba02487379c30e3f884db68
13	100	asm-v1-3747cc3492718981db97affc	GCF_001614385.1	4013	occ-v1-12e2151873e26c89fdcffaa0	EXACT_VERSION_RESOLVED	current	main_phage_blind_srs	.	0000f9a5c830842f635152cbf40e8017428cda7479b2230fb56ae8204c5e1a14	90/25353	25353/90	.	95f73f989c68c2fce3f92c400cb80cf1432bb1ceb3128a144bc83cbb6fe55205	deb081feb7f4e87d1cffa0c0a6010aa9cbd9fef9099f97077bdaaf1444714ca5
14	100	asm-v1-719530b887dfd205060a628f	GCF_015551035.1	19473	occ-v1-733cdab402c1dd03f6319c23	EXACT_VERSION_RESOLVED	current	main_phage_blind_srs	.	000854e13ff7d7e1b6de3038dec65113d713f9ce4f130e117db24e1ca52ec07c	90/25353	25353/90	.	7729d75dc7e7987075ef36e4437bb05e17ea7a1e0993b6a73a47c3cb6dd1be9d	9e9627970e307d75c0da768f1625a66cf5f6bce6ddf517ae79d13924bcc0d962
15	100	asm-v1-c27bf914b89e27d0dc27992c	GCF_021354235.1	23939	occ-v1-1438d052a5f71b4e17eff7ea	EXACT_VERSION_RESOLVED	current	main_phage_blind_srs	.	0009103ff11ad1149bc2ad61f5372778b45d22150b6d677b57022696e2bcf43f	90/25353	25353/90	.	f6e5b0aeed8d9981720fa1b572c260aa6375696e33281d18a8159957f5073480	1706adb19e522baf06e73b8c7215ee23f54d89f401c5aa5b479cc5c360b30ded
16	100	asm-v1-929d3c84ca2e4a11e790b999	GCF_002485085.1	7465	occ-v1-800294f674e4944a7c37bf66	EXACT_VERSION_RESOLVED	current	main_phage_blind_srs	.	000e6235258c087c744da86341a34ecb21e213d6775e5f2485c4884826a8e99d	90/25353	25353/90	.	e85306c7d40349fe0eb80a71a74c8c8c40f1f1f86293ab5190c1de80c4b928d0	5128eda86fd6dc451e026b0f28c3fe65c1640da88caec91bd5389eba851340ab
17	100	asm-v1-331be33613f5ee0144844f5c	GCF_014712315.1	18876	occ-v1-d6e6274742dbf6d23040e1d9	EXACT_VERSION_RESOLVED	current	main_phage_blind_srs	.	000ebf05358c01dabd7b19145ffe23ccd94d454eed6d3d634a5c8b69113f16d4	90/25353	25353/90	.	c777f3dba6e4676812184ed18a35ae8a93559797a59761a3f772bb8a10441791	14f94d97e7ca5c52a647f0fb4e94c51ffcb6f6eab2d136e2fd86a90c84c4ed08
18	100	asm-v1-f36d786b0ab3775223cf3d16	GCF_019120745.1	21756	occ-v1-f8608df19bd1df42cdb95daa	EXACT_VERSION_RESOLVED	current	main_phage_blind_srs	.	0012c5b5b7a48e1a2a63fa352be09c98faf589d999dd39beeca318cddbaf6438	90/25353	25353/90	.	249f6d3f8e521378fa51865e423aacdcd7c0d7e432a507e2602fffee82fd15f5	57a5f62c410886ca2b53bd803404a5481e472a32f71fed8ae0f94810c7ca3291
19	100	asm-v1-b7796a1fc230ab9bd7633b94	GCF_006350715.1	15345	occ-v1-9916a3f03fd073df22c99c32	EXACT_VERSION_RESOLVED	current	main_phage_blind_srs	.	0014655bbd24999bf489f224f1389375dbe7193b0e6fcd1b3a179fa767caa1d2	90/25353	25353/90	.	f238ccd6e6e5f36b24b7b67715e4eaf6b730b8c16488ff4cf2f68c745dade665	76abf4089b6eb787c766c1b91af9eaad259ab77157cd8556c95ae06bfc5a3ecb
20	100	asm-v1-97a929e91ce540241ff20371	GCF_002522525.1	8212	occ-v1-5716c4ca68e7339791659475	EXACT_VERSION_RESOLVED	current	main_phage_blind_srs	.	0014b200b2ef2e412ff3767828f7915cd4c5df8193b665480c01b3b8f111018a	90/25353	25353/90	.	49c6d48dab41949bce4563a18a8aac8389328c69a36cff5ca69bb02e050a1f34	e79cecbeef09f23f32bf0bd953dfedb0ef78a4558034b2530b8a6afc95431bcf
21	100	asm-v1-0bdf5b05c650023990a68d2d	GCF_018790115.1	21556	occ-v1-22620663e12ddee5a8eee893	EXACT_VERSION_RESOLVED	current	main_phage_blind_srs	.	001502eef44124a6b85f16b91026acd65fe2893fc0b146b1a169873af0bbc7f2	90/25353	25353/90	.	903ac68ca74d94c037deed988bbffa2e9aa0ce4f2de3a8f41f5bfc66ac3d09c3	cb8897697824293b4f0336d82a24a9dce3f9b09e461b24548b3755259dbc457e
22	100	asm-v1-1e2c548ce4eee4bbd7812d4a	GCF_002442365.1	6690	occ-v1-9f375f0d6dbd43d1938c42d6	EXACT_VERSION_RESOLVED	current	main_phage_blind_srs	.	0015b2e44968a26f229daea5f5fcbcf98a10136c5ae005f48b62859e6cc72cc5	90/25353	25353/90	.	e066c4268d74f563f01591734b74270304f5034969029262c1885adee0e1757e	23e0f93828cd7f93db483e559b94bc1c1d6a6f80ba23650104d809fe304f2e08
23	100	asm-v1-faddf0606460939e473ac2c5	GCF_005885955.1	14805	occ-v1-8be38d36a99ca529af337d89	EXACT_VERSION_RESOLVED	current	main_phage_blind_srs	.	00163c6c2427e4359d9a23803605eece60a823bcabe411d7a3f0a07c20774050	90/25353	25353/90	.	223ce2fa3743ee07357e7dcfd79ac9b7d588da8db4ad4b5755c70584b19f08f9	6deb2d6a4765f2ce1a46d7661275e70b121e1483f091fce236b0fff515a1f391
24	100	asm-v1-90293848c2351417f7baaa74	GCF_002513075.1	7747	occ-v1-837b025b489e8d5bc0c3c44a	EXACT_VERSION_RESOLVED	current	main_phage_blind_srs	.	001647f12fe2ff9af86a0c9c5428cbc7f490ac36b077ccaca633a45ed2c07189	90/25353	25353/90	.	0c00b2fbf2ea51e69350fa51efba55b1a8e31e1bab3859bdbc2cf252c9ba5f31	ac64c653bce0087992b2f6cad2baf551b636cb582e38a019e0586cc5b7b83b28
25	100	asm-v1-3b4342f24d54b3c1a9b84d48	GCF_902810185.1	25435	occ-v1-91c1ea61153440814f3167a8	EXACT_VERSION_RESOLVED	current	main_phage_blind_srs	.	0019b299e5f2608dc022a0f631c496f15d8bc0eaa581665a2e536b855f934c21	90/25353	25353/90	.	6e94aab97b62bc66a74df475b0d78cf97ae1814aa55bbe419f9c6ee7a8ebfeec	75c3ad996a9644c57cbd05f8b0a67dc336fc3ee106d887f1f8e8c2383dd8e92a
26	100	asm-v1-0beedef08535e20c4790e6bb	GCF_005043025.1	13558	occ-v1-3d14671e582a529b71f2b16c	EXACT_VERSION_RESOLVED	current	main_phage_blind_srs	.	0024ed29c76b0df51696c6838dfd80e76fd18afa6b64706abcb45a2268fc5caf	90/25353	25353/90	.	5fe16931cff4ec3fe5c5a05d07af13536178f105ddca3dda28cd07412a2c1498	9fddc265163ff614e1536fa1d12427233a5e1328c065ec5ade8ec4b7f058fa4c
27	100	asm-v1-48766683d6315460b4013353	GCF_017595115.1	20944	occ-v1-b8bfb356e96f507a3c42d0fc	EXACT_VERSION_RESOLVED	current	main_phage_blind_srs	.	0029422e84638d16abf17cf201e50c0320246397570f4bc3d63a5c978b62ce65	90/25353	25353/90	.	b7ffaf5e597e66366be4952caaaa575f6cf576f6aff8c332734ee9bc94855ed8	3bcb16dddbac9dfa2cff904f59c1917f526975c72a9de20f4641b762c0fbe3f1
28	100	asm-v1-b71c4a8ef90f7c49f5f8d546	GCF_014528625.1	18814	occ-v1-0a6f81f387bdc814648ddb05	EXACT_VERSION_RESOLVED	current	main_phage_blind_srs	.	0030c9bc766e23d533a9eade624c02ad9a5d4893d1b404dae10bba9f9e5c32b6	90/25353	25353/90	.	2f794330d688f9d086937b9882eae9529ed3f0c69f24c628d748572c286c679e	8bcc5f6359bdefb7d8cefeaf235c4878fe0d86a7901c557273f437165dca723c
29	100	asm-v1-31cd9173370fa4123f9ea13b	GCF_008041205.1	15581	occ-v1-491c68ddd16b1a82aa17f1d1	EXACT_VERSION_RESOLVED	current	main_phage_blind_srs	.	0030f2409313f4a00cdc83ca78c90063b00cf10f621178ac989b160d2398c7ac	90/25353	25353/90	.	fee5d7d31116174c3948278c565acc6ac89edfacd691b619454109d1b28aa50c	43c94dd3ec65e4a890985ee18476546ab3e2f2931d3a0ad69bd14f5dc2ba4b7a
30	100	asm-v1-b419079f0ccf7758946a758e	GCF_009820795.1	16690	occ-v1-f3ec9eabe50a47fa8f13b4c7	EXACT_VERSION_RESOLVED	current	main_phage_blind_srs	.	0035b3c5aa9581d55a656baf683671fd6f5fcea18444f51c8091b72a1deebc14	90/25353	25353/90	.	4cb837ea707006168b2a9ee131d19a84a3c65db12403b243e4092c5f56901eef	6d89be623bc5051efb06c08757ac9f0ce9b9a46abb4036ef3af291778c77c11f
31	100	asm-v1-9416d74da50a26741c416d3a	GCF_900479385.1	24540	occ-v1-c60424f2d98036423d1ffe49	EXACT_VERSION_RESOLVED	current	main_phage_blind_srs	.	0036254a869f52e4b5e4baf7c2a2af713d78816da3cc91f4f00abe7585384748	90/25353	25353/90	.	47d21c64da48992d440fa55a25cb70ae0f3f2a33497af4e3c882102f03ecc650	844a08df3b42d3dabdc538935cecd10060e4baff706a31454108d54d895132ea
32	100	asm-v1-b269b6f553a373270f84ba18	GCF_004767475.1	13116	occ-v1-3d626a06c5cd172dff9d10ff	EXACT_VERSION_RESOLVED	current	main_phage_blind_srs	.	00367500358dc4d5944333bfc58e8eb74abf0427acb88c7323a96e3f4eddf698	90/25353	25353/90	.	ea4d2d0ff66d211aa546e700912539f671bdd10525542bb812ca78ddaa26d1d4	ffb15409f90422b753484210e0e59f13a201d77e1d0411fa322ad26dec6a0b31
33	100	asm-v1-996e1b56b7867eb75e7abe84	GCF_002519245.1	8050	occ-v1-0c586d8040c668df2d38cd6d	EXACT_VERSION_RESOLVED	current	main_phage_blind_srs	.	0039af5b2d40b0914e8af313456e865ae2e4455c9cc61ba4d96a3e8415b04d57	90/25353	25353/90	.	c4f722934c466df0ce0bfae4d86daae073d83e5b61350577d5bcea5cc6a55e55	8673e24e10436786d66ba0352ec6dc11ef86803f90dc4d446e0fb87b63ce2329
34	100	asm-v1-9f93da8d24e49c1bd9dc1bfb	GCF_015644305.1	19555	occ-v1-cb64eb31566547c2fe5186e7	EXACT_VERSION_RESOLVED	current	main_phage_blind_srs	.	0043195895b060d62cfdc4b21ce919414b9e6839e2408b94b6ddf701a8d08668	90/25353	25353/90	.	a49c0bd51a7a3bc8541485078825ed437fc6a1ece04418f0ac8f624528a77364	46edcbbef47604ae95f7429f82f5a859c70837558e144942484acf75fc546bc0
35	100	asm-v1-9bf79301d532e473a6d4d15e	GCF_001616285.1	4103	occ-v1-12fa9ce86ab42c5bd1cef05c	EXACT_VERSION_RESOLVED	current	main_phage_blind_srs	.	0044ea4d63ffb89fc89192f16bdc235d420da3ed49b9500c7f78685b2ff68efc	90/25353	25353/90	.	fab32ea1c00a3e5a8caba8918b349a687d1f9c0fd2289e263e97a5c00764977c	5ac8a4196f09af30d7f6cc56d87169cf15575b572e786d5d0ffeb443976b9190
36	100	asm-v1-7f24d9da61537a483a8edeb9	GCF_001614645.1	4025	occ-v1-63be57a8eb2d2c84e2e30aef	EXACT_VERSION_RESOLVED	current	main_phage_blind_srs	.	0045913553ba16ac04907cda3bd4e569dda9450c52b00cfe67d85b4d206ac890	90/25353	25353/90	.	10330c73920740e3cc0e99a1c19c0b55a8de620dbe56e9b73205331fa776dd28	02e99227422e1b8abfc2a9a0662932ae9da405ba66bffe7a4c927b6dba88c6f5
37	100	asm-v1-27d405b112a56b6388ddbef4	GCF_013370625.1	17983	occ-v1-9acb81f90ffeabd2adc635e1	EXACT_VERSION_RESOLVED	current	main_phage_blind_srs	.	0046976c3cb0e6406771d36ea84143b40afe4d0852ab581762ed9e5c8fd70783	90/25353	25353/90	.	e65f499430fbe584bbf6c881c7fb6c9d94f3cbeb3090e0e51ecd365cb2e6850f	f1471dfeaa36d7e9fe12c958628b0ac6aed558244edeb2f4a531af280bd1606d
38	100	asm-v1-1373daf306e4c70962bf7651	GCF_013608825.1	18414	occ-v1-d09fc8a4e14fd324a2a3648d	EXACT_VERSION_RESOLVED	current	main_phage_blind_srs	.	004745ee1c9e093be95fff1c99c29fa899dddc6279ced7897fa96789d408c23d	90/25353	25353/90	.	b81d970cefcfd6393364fcc3739311a2787f410c43b8331e9e3c8abc5aee9dfe	eb9c46bdca1230667bf66ac11530dd55adf7efb4f1f07a57fd1cf5ca2a71c6cc
39	100	asm-v1-566c3eb2b8feeeb03a029d05	GCF_005043625.1	13587	occ-v1-ee3020f31ce144b24d0e3fff	EXACT_VERSION_RESOLVED	current	main_phage_blind_srs	.	004c63aa4bc2ad4e28e357a0fea617e344dc4880cc65b76fadb7764cc7e05ed0	90/25353	25353/90	.	7a06a94bc295154e2595cd28c0fdf4db246469473185cc61a6cc3d0965abce00	99d858e09040229c652afca6d6eb564d133ff2972b092fc398894c5b0ecad1e8
40	100	asm-v1-d8e1422596935b944b73500f	GCF_902163565.1	25194	occ-v1-3a9e0e5f353206d4ed7efaa6	EXACT_VERSION_RESOLVED	current	main_phage_blind_srs	.	004d0fe539075f59054c285cbe06fc232eb6dbfddab19dff123c0bf7492bb409	90/25353	25353/90	.	7c09983c8e9eb3de8303b2fdfdc85847529524556fad8e3bc93b3a6fdc1e4846	66eeed65a2486c2d83f3be27dc6b786c2f009b67c47cc14fb9ef984e354f2462
41	100	asm-v1-62a4d2082d3f90d6cb5304ca	GCF_006351505.1	15367	occ-v1-a03b9f253db56077a7a6fbe4	EXACT_VERSION_RESOLVED	current	main_phage_blind_srs	.	004ff71f8b071d96ebe4f54ae65fb35989db6b55fafe210e5ebb68087a679692	90/25353	25353/90	.	bf701084fb79628ef4167d137980d6b21ed9e9b9238bc2450d43bffd801048bc	98c85d2b0b553a57ed961cddd5fd6d7142ae3057838f5eec2ea691958c3b0776
42	100	asm-v1-4fad43b6b8ac2a5931873b95	GCF_005039315.1	13415	occ-v1-1078cbd3caf8cbd47de68537	EXACT_VERSION_RESOLVED	current	main_phage_blind_srs	.	00502bd8c06025808e79608aa73e628ef20305070d4d3b02fadb0aa65f08f643	90/25353	25353/90	.	2be61ba4ecdc690ab8de83cd300f39f1771d428a1a0215596c09e007acd44beb	a472ab3209f55ffe73e15bdf0a2eab98a976133683a59a8b7d0b0ec863c2236a
43	100	asm-v1-ef21b6ec0b8c832cbedc2d93	GCF_005384385.1	13972	occ-v1-5f6f03c1a9a7bcb438e6dfa5	EXACT_VERSION_RESOLVED	current	main_phage_blind_srs	.	0051e3ac3daf86de5d20a8ef4e0fca176397a68fc1201c43ecdee113ec1f2adb	90/25353	25353/90	.	c1293393c2012af0653fcbeb7d9e11cd02ee070bdcc670f4e96a71326ae906f9	ec594a41af72ac0b02cc113ff447838f60bb71e04a7edd97fe6267229e74a756
44	100	asm-v1-dcfffc170c5656770532cfc6	GCF_016530465.1	20033	occ-v1-6fa4156dcc49668ee42d058d	EXACT_VERSION_RESOLVED	current	main_phage_blind_srs	.	0058635f5f3b1a1a2ed4b7e2c5f36e6635765a023748d9f76e74c8ed44322e25	90/25353	25353/90	.	9f4fbecd8431b8d4e057bfcfe9326e3b577b07e4df2bf2f3f35334d124e59c7a	fe54fe06589b905651f953e5ac36fe857f51cd4fd7fefdc86ba37edfaa186954
45	100	asm-v1-9791d16f22febb6a4da01cdc	GCF_002152015.1	5360	occ-v1-a78f31168e5bd55ba56951a4	EXACT_VERSION_RESOLVED	current	main_phage_blind_srs	.	0059c63bfe7c80e82a556b6589b40b1c158933b82582273913a981542db3d2d7	90/25353	25353/90	.	24892dda4fd058efea057ea99d6c64cbb45d53eddb7a120e36f32d208f19cc34	c08e1150d9e6b3d450956420f2c28d136cbd1c4b676c72322a07c1b78aa1b0f6
46	100	asm-v1-0e401af1329ee20675b75db8	GCF_018344735.1	21298	occ-v1-b3792623aeac76d6f01c912d	EXACT_VERSION_RESOLVED	current	main_phage_blind_srs	.	005a00819b89f9bdb3af65de2b5ecd3c38b3a1dc795ca46afacf769ace0829e5	90/25353	25353/90	.	0eaf51c33721a51114334f6a5e5ac5b9dd7d2cfcfc05fab77353112598ff5913	2575df2c0617ca655adb9fe54729a6823b53571064d27d30867da5f7b72dc046
47	100	asm-v1-f8561f5b15e76623fe00d768	GCF_002513625.1	7774	occ-v1-19356397c5e3bc00551e7532	EXACT_VERSION_RESOLVED	current	main_phage_blind_srs	.	005c2c4b769ad13707904708a26c9fae936a72a0f32bb33e3a27ff982472c280	90/25353	25353/90	.	82acd3f699266c57f88f2a503f9eaea043f02edae8224bd3f58524c296742741	c04b000e1fe08e885336bd1265542b9c248cc61334171e13fbb6bb4608235326
48	100	asm-v1-9f5f3eeb65f0f80afca90db7	GCF_002229025.1	6082	occ-v1-afd0a9240dab3b337257c3e8	EXACT_VERSION_RESOLVED	current	main_phage_blind_srs	.	005ed0f89961f28d3e0a849130d756aa390eb44bf38e259f65adcbac39bbba38	90/25353	25353/90	.	b751fee7ae96fa42c472416a336ecc6c2a1141d84f6970852954e09c31f4e446	529318f5d9e827ab109c5c31c1b8a0ad80fefbdfb14d7aea6bf235e4735b4d3e
49	100	asm-v1-143198d8a00e3d1908061cae	GCF_000778685.1	2336	occ-v1-d14d6d29c5dbdc9e6e445c01	EXACT_VERSION_RESOLVED	current	main_phage_blind_srs	.	005f2442395824dad2aaa47b8dd36107bfd1ede4317c4ef4c7bfd52c8b99d52a	90/25353	25353/90	.	02e4cf402724174f740d8bbbdd1ab91776982ed1df88272bd9adb591599aad67	2f14352a291476c81c236a91c90ea30b45ee018d4dba2348a8e27209895e00f8
50	100	asm-v1-26091108e767413baee190a2	GCF_020037245.1	22700	occ-v1-2276d8d7e874bd8145052e5b	EXACT_VERSION_RESOLVED	current	main_phage_blind_srs	.	005f5637ecf5ea991b0b2c1b47cc419f54e1491e4ec81003ece0a597e5d29c72	90/25353	25353/90	.	a56e26e3123087ab4bb82b5ce9f5ba6bf4eba0c2608b5eb9fe8f35b962ff0ebd	7dfa5de6e2868b1502a6339336f90f979444ee221112bd4a5c542c4265a1643d
51	100	asm-v1-1009a57e9d5acb3b90d6791b	GCF_003731035.1	11783	occ-v1-9f263daf2eb13ea3b6a0744f	EXACT_VERSION_RESOLVED	current	main_phage_blind_srs	.	00613c798d420551b00ff206f57792583e1f0de9a2e8053b1f1fd64c0996de0b	90/25353	25353/90	.	f15e2949f76516b851c0292f5ec02ccb2b4d4bc4bac60505bc96b9a4971ca4be	aafda3345c31db16e291806a441f1b03d2ec557f306d41cd8956eece7c0ffdad
52	100	asm-v1-c5fbc3318d26f8606d4ee374	GCF_000326585.1	508	occ-v1-67c5bae98bad0e1cef2f9be7	EXACT_VERSION_RESOLVED	current	main_phage_blind_srs	.	00648e55845d960ea59abe6b83e4a4110f25d4d590bead700a74fc07da17da19	90/25353	25353/90	.	615283297d1122aebdb55d1acab6178ea4c29d9912c5eff00bc752d79290e7c6	79f9c717a88c526cd4067a92c191c559a5c590ee96c1bfb4aff51121ad29f4bb
53	100	asm-v1-076733fb9cacde0985dcd995	GCF_000780535.1	2413	occ-v1-664f9a2a7a558f940c7f40aa	EXACT_VERSION_RESOLVED	current	main_phage_blind_srs	.	00654350618746213d1de46b87c3d2996d00c9fa4c57903aa29e1f3678604a95	90/25353	25353/90	.	50219c8d40cea6901bb39543c8a9f691fa20cf9750d1e7379c31854e92e9428f	6a973d581c0b8458aabce56446b0ebedf79728e88d0e616d8b3d5e8c58794866
54	100	asm-v1-9577d304b0441e1eebff2e03	GCF_003570445.1	11601	occ-v1-d3b36c00d160ca10879fb7e1	EXACT_VERSION_RESOLVED	current	main_phage_blind_srs	.	0067cb89c1283c1a2310e365819bab34efb77e998a8052cba801a23ae6ab7797	90/25353	25353/90	.	4ef4ab1d25a78e91720bd6f8e0d5b57b3044c9f21115429915530a7d3013c66b	52a7697ad2737bf4c03681747196d8003414febeef0a231e70fecd50a49edadb
55	100	asm-v1-0d112d76668f2ca96d2d62e5	GCF_000447005.2	1047	occ-v1-eb919fb76b799d72ad345d66	EXACT_VERSION_RESOLVED	current	main_phage_blind_srs	.	0069408a378cf752a0237a18553524ead3a65eff39e5adff80017b1efca4773b	90/25353	25353/90	.	63e2200146b9607bcbb5544316a50ebbacc4606eb3a02afd5b272d967c8dafb3	2c878b83f529f30e9f442d136f7cd6d3d133d524b8172d38ee64484511688ab1
56	100	asm-v1-651bbd15909672553530f486	GCF_013073765.1	17541	occ-v1-de5aead60133584e91f029d8	EXACT_VERSION_RESOLVED	current	main_phage_blind_srs	.	006d187f4e3bc870d297f5427f5cc2e711e7bf801ddc2ad2dc1b100c33ab8f7b	90/25353	25353/90	.	5fa2753c22ec6ef9e0e3dec5e4a4e2e9f5a14f51c3f38ed7157c3f2bb474b8f2	a4727f4fa63e8d4583f451c71ddfe8e009521719f1099470c7b102cfa7d2509f
57	100	asm-v1-d23ad41de9f39edda98054bf	GCF_005041275.1	13479	occ-v1-2ac246bcd0cf6271381269fb	EXACT_VERSION_RESOLVED	current	main_phage_blind_srs	.	0070a4e68d9feb99d3d7ce8557a30abb1e064479547f20aeb3c11116f7dcd139	90/25353	25353/90	.	8ce2ebead8619e3132831244812c217c4f1e12014afd0989962c6a4a0109db49	a9687266929ef4c2fa39c77110c21854c200168e116b6cd58bffab5b388f8988
58	100	asm-v1-78de2c22a7d89d63d5d4271a	GCF_014862465.1	18976	occ-v1-c0b5876e39cfadf19e3ec273	EXACT_VERSION_RESOLVED	current	main_phage_blind_srs	.	0070ed517dfa67cb56485ca604f2e86f39aa6cdcc075fa9f92a01b2bdb0271c9	90/25353	25353/90	.	526ea4048a59f79075046f6a24ba6671a295fd556fe5c05dede75224e73f24e5	0e873f83527b8118d857edc1f329b79439a2ae64d49efb6f5c76e2e599d7ca2f
59	100	asm-v1-1ed2c2f97484422a21c26931	GCF_900195795.1	24183	occ-v1-68c2e5844656232cb8d07d31	EXACT_VERSION_RESOLVED	current	main_phage_blind_srs	.	007533f4d6666c5be2dddc78f7d978b494608117b00ab8bc399b1256a8d4a279	90/25353	25353/90	.	9a1d35922fe49656664748d1e034ee6d497d83049bdbc9ea17b1f892645208ec	37defa81e7ec9041b1929f2b88d35c9e49f6b0a60813064683e7bd5ae80f7842
60	100	asm-v1-18ed471aa5e0a0b0ce6eaac3	GCF_014878375.1	19046	occ-v1-78eaa9fc4ed9ec02d656fd25	EXACT_VERSION_RESOLVED	current	main_phage_blind_srs	.	007a23ff786a8844af100b40ee7eb74be8ed987e7a64a45d13a5dd7bc067f3c0	90/25353	25353/90	.	14e6af4eccb175ff225494873f8ddace5af1356c79eff6e20273b40d5c636d55	cbed38f2f5f31a58be494cfe33359dabbc638df0350f5e948f81c4b035e10c86
61	100	asm-v1-336f2acfbe62b7b1a4830ea5	GCF_921293415.1	26067	occ-v1-ec5064ff10b31d05af7b3b1c	EXACT_VERSION_RESOLVED	current	main_phage_blind_srs	.	00857f1d91c481aaecabfc12460e32dd14b0290e89002b55d2ce843f4a0c94c2	90/25353	25353/90	.	66a0f701a8f46faa049570b1b6fd8ee0e6b9adbac87d985231635b8be54ff5af	bc83066a60facf43b5dbe10ac5baf3def1e9e97940543da6c366a60e1a4d0f5f
62	100	asm-v1-bddc1aaccbace0b2820ff83b	GCF_006229985.1	14860	occ-v1-42f46ed3c506d9aa8c5346d0	EXACT_VERSION_RESOLVED	current	main_phage_blind_srs	.	0086e6b1544100e33dde816fffad5f918ac986c9821808602f1eb3d1d3178f24	90/25353	25353/90	.	241df5885f28b7d2e2885760abffe28629b5abc189382169dc51686de07a1cf2	b3cbcb1fd8b01dad45b23bf20713102f69a61b6b0f8da528b3be3987a5d1dba9
63	100	asm-v1-933e0d1ae268d9a3995122ec	GCF_005045505.1	13672	occ-v1-2c46f9ec67acb00185464087	EXACT_VERSION_RESOLVED	current	main_phage_blind_srs	.	008a334f37bc770c35cf1cfbd7900170ab5e48fd5102f4bbc42f5e85b617f350	90/25353	25353/90	.	a29663c48817d5ecf216ed06e2b8706e01164b9fb1a0f056c7a1cdb5afe8831c	b6652d5197940eebd5d8466cd0e59ef35c9d7f4782020969fc82e789857ef77c
64	100	asm-v1-522935574c5d69942f6c3e15	GCF_001660345.1	4321	occ-v1-92c8e39775ea1340c91ba1ee	EXACT_VERSION_RESOLVED	current	main_phage_blind_srs	.	008bf72aaefb0072e823c2f780af7d8b2f4ce2aac3dc01514ff04485975d3386	90/25353	25353/90	.	59272236401e4458a776323223277b1a796ffbf7004819afd61b9db46067edec	ac82c4cc07f7ec6c6e77d5c7c8d820202b99be0519990d8cc9a156d91d424abb
65	100	asm-v1-2140f13568d46984b220b119	GCF_020162695.1	22846	occ-v1-38f421c93c22da7588895e25	EXACT_VERSION_RESOLVED	current	main_phage_blind_srs	.	00941720bed7ce92f9789bd9dd65f948c747ff3ba1460a06a412d4a5505b6c30	90/25353	25353/90	.	f63f2f30285bf1bce4fccb23213aafaacd823b83ef3b69be4af0d6a22a0dba03	da1f8865678869013315677c708ae3678f9bf931eabe710d585286388151d007
66	100	asm-v1-8cc38f4de03fef066edb312e	GCF_003981675.1	12129	occ-v1-387c6b5cd29be8b8d0898ae7	EXACT_VERSION_RESOLVED	current	main_phage_blind_srs	.	00970497ca3e6bdd9b12bca233e5a823406faf7023052022699d38a1117c31c4	90/25353	25353/90	.	47bd5804bb720028b366d8574617b042558a69e4f3e9e6a4c2d68555b8ac50b6	7b9c9546e8b13b7c6bfb2be00b5224addb49fb72b5f634d9096b4600e7c6d8da
67	100	asm-v1-744a78fc7ef5643c50983785	GCF_905330275.1	25762	occ-v1-ddbd3d6714ade61a58ed50c5	EXACT_VERSION_VALID_METADATA_UNAVAILABLE	METADATA_UNAVAILABLE	main_phage_blind_srs	.	009891adba07838013d765f13c2885aa93abb56c262295a2af801af71defaa77	90/25353	25353/90	.	36b8df8dadf0044236d7b058a8c820db14c69125057ceb0c0e3391eb57e2c893	53d30c706668219d06d2b04b94b5b387270d5dd4fa816977c8743a8674d7b3d7
68	100	asm-v1-89345e76194e6b4fe931f0cf	GCF_001617565.1	4153	occ-v1-716a22fb5f7b35dfbade804a	EXACT_VERSION_RESOLVED	current	main_phage_blind_srs	.	009c2bd58924fe1d05c37f90a00120f1064fc368e61c5d9c3945dd72cf949d28	90/25353	25353/90	.	00d582b92e167b37a92b971339d3c01b3204f6d44ac9f2c0cf9250aa5054b2f5	bed6a8b53bf0c293d036d29b6f999148b6c12c4cf19c539795206d941f52317d
69	100	asm-v1-d5b07e7950fe930d28259eae	GCF_003983415.1	12212	occ-v1-a1559f2b93c55025b51526bf	EXACT_VERSION_RESOLVED	current	main_phage_blind_srs	.	009c54ad39330a1c5805d07fd962d856546563bfea66fc0ab0b9e1ed2c1e80cb	90/25353	25353/90	.	bd853eb596661ad39510e0a4a0e41e49551347295f02e1b9e5b77691610f384b	1848a450aad9a57e3e73978ce85dd0a9299b42a83576097ad8bdf47c69ed84f9
70	100	asm-v1-2298b23611278b990e0debe1	GCF_009899475.1	16881	occ-v1-c3d5d034de12b0362ebc9358	EXACT_VERSION_RESOLVED	current	main_phage_blind_srs	.	00a4829c807d7fe224fe733f9fb4fe19892d9d66b465cce0d9ab425182c04c23	90/25353	25353/90	.	30d5c886008e1cf1aa1e3e792e0be1ccf2a6f7b333e402d695d7d280f9fa808f	19afd538fd19f4acfa51bc27a0e490c609beac6be3c0f4e9bc07217c8aeb0cf5
71	100	asm-v1-b3f32cbb29e6bab46510769a	GCF_002511115.1	7652	occ-v1-85dde935846e5aab9b40945d	EXACT_VERSION_RESOLVED	current	main_phage_blind_srs	.	00a963ad74747024b0a9093fceb7c1f0e434434745ed9b72dee206be16f93f3b	90/25353	25353/90	.	a38365bd18905a58b604aade35059c49b0bbf5f2ad6b4695dc72acc6a1b7771a	773ebb5acbc467e2fb3064e80900da47a288e19462d7790ca62fdb65328d8a96
72	100	asm-v1-6cc2cc6a6bd4874236c4e0b6	GCF_001521595.1	3685	occ-v1-f0852052ee3a1ec182e59568	EXACT_VERSION_RESOLVED	current	main_phage_blind_srs	.	00a98a99edd625908dee96f7d967630c2452fa86bba11d8b961c572dbe6cb3f7	90/25353	25353/90	.	5f241d7bc4bc229c702bad50a0fea42b2735afbcda42931852faeee8b6fefee6	469667b1bfc0f2249102a9f1c3a27d104ae8cb309927fc42fd0da2f91302b492
73	100	asm-v1-0483ccd2aa538f10924521f5	GCF_019351215.1	22039	occ-v1-9e223fb5a0e7d51d1514ec7f	EXACT_VERSION_RESOLVED	current	main_phage_blind_srs	.	00ae76355038bec50e520654c1de0ce1cef40c6efd8a8774cda29ed1b8b8f7a9	90/25353	25353/90	.	e2747ea90d9bde14ab8c274bda72e082c353726a7ea79787e41bde21df1495a8	e71259c02e896fcd91e35bb656a585bc272bd73e4dd897fee37030797042fafa
74	100	asm-v1-4b6dd2bf16ed7e1796c82446	GCF_020731765.1	23324	occ-v1-a381b88a6d74efa0f00a02ab	EXACT_VERSION_RESOLVED	current	main_phage_blind_srs	.	00bae1f819bc5a77d528a7b4c3374b81458e193de8d05a70adab9d9ce0664cd5	90/25353	25353/90	.	4423925cc1c8a188d9176ad5e0c76be788b3eacc2cd7d5b914af8afee12d2c71	2587085781df78ea90fcda221f462ee00add8d3413bde975f7644ffe47049c8d
75	100	asm-v1-60267ac131a09d147996f037	GCF_001577325.1	3883	occ-v1-ae0c0ceaef4512a5673ae821	EXACT_VERSION_RESOLVED	current	main_phage_blind_srs	.	00bbdabe70bf40dccd7543e4bc388a8ad577b14d427eb79d00ecf3539fe84d73	90/25353	25353/90	.	db98eb00eb3d475039e7ae0ecab62683da808b22dc294bb12835d0c4fdeac34c	f5d07a96c060292df9e76f45dd45dd21cac355ab99657934c145436120e1f894
76	100	asm-v1-9b414d6deaabea3bbef2838b	GCF_000777675.1	2300	occ-v1-07d81f33858b6b33f57296b8	EXACT_VERSION_RESOLVED	current	main_phage_blind_srs	.	00c541d3574f0b4460a4bf5f447c2104c9f20df87a1a1dab48835dcc985bb358	90/25353	25353/90	.	f0a624f82e1c64b60f89e6c0a354cae7cc0b9a0370c00f45ad393f556b5cb567	d8838e85ddc638c6da4495b17a4ecd3c934ca4408c369e6e86cb62b34c58624e
77	100	asm-v1-131b25c56fa7a53a20f6acce	GCF_002109645.1	5222	occ-v1-2f47f695231c918523267250	EXACT_VERSION_RESOLVED	current	main_phage_blind_srs	.	00c543ac533d2be68ec1c09b31429475bb2a5a307bc575e6f33b4f8572ad64d4	90/25353	25353/90	.	2af1d86a27b0a87ef5c4ea633eef7578cfc465ad7b163ae2e3bf907d696def5a	89df61248f6338d0259147258c017920c9457b64eeae23b322a8aa4fe616cbdd
78	100	asm-v1-0811187b1ba0a0a2fd7ee853	GCF_003076715.1	9911	occ-v1-682d626636c96cb00a8d6a56	EXACT_VERSION_RESOLVED	current	main_phage_blind_srs	.	00c5a8f0c9096e7bd12f0c92c226020b0f1d1825d98b4463f1f445e6b1992035	90/25353	25353/90	.	c73fa8b5e3e0faa02255fd3edc8c24a7a0dd5f7f5170d2068a75db9ea0c95728	5877290800d25d903eb37118c5d1b4693cf4666971096f9b9c8f0cd49d977156
79	100	asm-v1-a6066364915f685488e5a06f	GCF_002518465.1	8011	occ-v1-faf65c1a944fc5a532f819f9	EXACT_VERSION_RESOLVED	current	main_phage_blind_srs	.	00c5b1317bf4e0647492bdd357d1ffaaaa712468c9ddd06605d6d66dea998a96	90/25353	25353/90	.	17dcb69a53525c104eb0a1fb9f3010e7097cd610da448752778b14d04f867efc	43d43a6e2525c7046f20953f2630197559c46f91e6868ca36a909aac9019cfd0
80	100	asm-v1-1a6db70587c81767a83b4c01	GCF_000459215.1	1212	occ-v1-56eec0eb6142924774a71cdc	EXACT_VERSION_RESOLVED	current	main_phage_blind_srs	.	00c7b997b1ebc8b23f4effcb424f43ddfd0a93fadaf9d2150fb1c00de6f28c89	90/25353	25353/90	.	c4949b0e949f519ad0b97547a49fdcb3ce8e4796dc63a9ad0fca085de9502195	6a573789b99b05139f395d5f6d2e421a093c403a026cc398dbebb251cd99295d
81	100	asm-v1-015b60cbe04a23c843a53259	GCF_900010055.1	24012	occ-v1-e5180f19a07e530adceefd27	EXACT_VERSION_RESOLVED	current	main_phage_blind_srs	.	00cee57165cdb47a451de3089f4a171ac59b3ec881945375a8bccae57b5698bd	90/25353	25353/90	.	006680970e4094326d466ee39842ce94e4948714d2387cbdb7c57b85dc98b8b8	2e8f3744b57ac35029e838690932a083793e1b47fb9b06edc3cfa8bd6a2b3fad
82	100	asm-v1-55b63d52e2d0b4376986fde8	GCF_002769075.1	8900	occ-v1-0d4340ae0656733eab46a37c	EXACT_VERSION_RESOLVED	current	main_phage_blind_srs	.	00d21ce208239ea61bc18cf047dae39a710ad60acb8c372a0ce06f7bb12692af	90/25353	25353/90	.	0ea27bf041866ee9d38cc83114a38911c943e4d230ea051f7ecee79a305617a7	5f26a105fc739e8a446aba97eeb4d2669f842307e8cff045c1aa6427106b8fc4
83	100	asm-v1-2aca3a21673be9b7cfae16ad	GCF_009910015.1	16925	occ-v1-7276681ed5d464fd201bc7f8	EXACT_VERSION_RESOLVED	current	main_phage_blind_srs	.	00d556fa8eb1a37b17a1f90017f2290650b1ecf83a092c2760202b5b8a96c198	90/25353	25353/90	.	599ce5377f967b1fd63e445030faf23bc5ffffa404c43b5cafe0808d1c9f5b13	034efa1d3881afe3ec6f2c7f5eef2e5e2146a0e3ab2773b43821c7cdb7333b9f
84	100	asm-v1-1493b2edb2f619df308b1b43	GCF_013370905.1	17996	occ-v1-b6a41ec64a6aaf620d0dfdf3	EXACT_VERSION_RESOLVED	current	main_phage_blind_srs	.	00d97ce1710d6064163fc5d6f254a84f432b9b53f394832fdb0d0c617b564dc8	90/25353	25353/90	.	8f42c3cc27a99c7e61c7f2413c54bbc066ec4f3c47b252bfdc0bd8c9a8b2869b	0ca0eda7f295beaa929f410d73e07d32b066ae46a52f386b7f9de8211ab0d264
85	100	asm-v1-9a6a8d1e4c43782a00230ed8	GCF_000619025.1	1768	occ-v1-52114ab7603479bbd200bb3d	EXACT_VERSION_RESOLVED	current	main_phage_blind_srs	.	00d9e983fecd8cdd71d2e8ddabc52ae3889f0b3fcb310adcbca7bdb29a7bc1a2	90/25353	25353/90	.	0f60986e5c308f9bb9799013de55d1a0474f059e0342778cd86fab3ce4c75b7a	997d9d35a000d5f212b48e62051b20320ec5f3aef115a0c1ac5108e530689c75
86	100	asm-v1-8febe80f14fecbdbe5f94fbd	GCF_016404105.1	19913	occ-v1-080290a074bcaccf99e9c531	EXACT_VERSION_RESOLVED	current	main_phage_blind_srs	.	00dc7fb6552fe3bf5657a1a81cea237601e260967c4a3bcde00f858e1514261f	90/25353	25353/90	.	88489547651c999e0ffe23f28dbdb4cecd96d86e24a8501fc27ee4ff1fe1286f	024bd88b5d62630a0edf67ef09f13cc165b11d118ffccdd40fc6c813eedddf08
87	100	asm-v1-3264637aa0d7b8419b615ab5	GCF_902859475.1	25500	occ-v1-24fa5411e2415d4db31f10c1	EXACT_VERSION_RESOLVED	current	main_phage_blind_srs	.	00de9dbc361d27bdee1557f1cfdf70e15ab4b52b2d6c92b725ee07352f8d138c	90/25353	25353/90	.	07aab1db4c7e3c5382837b18b7c73c5a0ccb9f442bf52e802fddd854d8c87ee1	24b2ae01080e940895d36f83658440e1508cc4486d57044b59909757a72d1c62
88	100	asm-v1-1f4252164a42759fdfc774db	GCF_019282095.1	21930	occ-v1-3f26dea72e7c3f2e24e5a345	EXACT_VERSION_RESOLVED	current	main_phage_blind_srs	.	00deeafcdebfd4181280e73ae4ab339a021198122e4100bf6a182f0221ffc25a	90/25353	25353/90	.	d598488f1a8fc0067e4042884e648bedd9e7502aa9f9b280adc1f40801b4c77b	bfddccaa90c3eb0e4048a3eaa0bfa51f980aa4878872e808f02667822e8fab04
89	100	asm-v1-a0b27b0dc780b0d8f3e2142a	GCF_000326905.1	523	occ-v1-325bdc53b17a1ea819b58a19	EXACT_VERSION_RESOLVED	current	main_phage_blind_srs	.	00e16f62381cd0eab88bf940897cd926a72025dbadd6b79c05efa2aaa643f73b	90/25353	25353/90	.	6c28fef9b996d5f90a2ac45b70890b4f4b787a39d95ee6c02d9b4f3b72be1bab	24d6d70a0d85939bd10d4b78c599cd7c6f7ce40401d5ccf61f00664b2e458102
90	100	asm-v1-cd4e5c61e9671ce18f9f184d	GCF_003357545.1	11202	occ-v1-2d1ba7874fc3dd0104fe2f7b	EXACT_VERSION_RESOLVED	current	main_phage_blind_srs	.	00e30c125d3a5dbb276991144cc8519a70d477b4a5f12ca9a48d902b11f6287b	90/25353	25353/90	.	610db779a4ecd1721ef6f06a931b20268db74666adc557907258d4a55687a6cc	b06f00d7c0b48f476ac472d6fcd6e12ba3115c46fe8e57b2497ffb5db9c045d8
91	100	asm-v1-40fdb64d006bb69fa2b33709	GCF_001753505.1	4480	occ-v1-5897b15fa57753e359024497	EXACT_VERSION_RESOLVED	current	main_phage_blind_srs	.	00e45ee364ffcc4ba01c47c640a089060f5c07584d10c75be5bd7afa52849323	90/25353	25353/90	.	ad7f858c153b3644dbf69f16e3a9d7c1b676bed0186ab13e3c0997ba98270d04	494f08131c1d1e4037f41e8aee40269aaaf6b04bd46dbed54a41a88fdc4a027c
92	100	asm-v1-70c46b43f8d5689ac4ca9d32	GCF_003292995.1	10391	occ-v1-1e4dfbc1f9b51d26908a80d4	EXACT_VERSION_RESOLVED	current	main_phage_blind_srs	.	00e4cb00f2ab317f6c1cf8fab979a484e901d0e8c0f206d5ccda3919392cf9b3	90/25353	25353/90	.	a380224238c04c8df445cd25a4caaf91e08de04a6279a1c052f4dddcc7865c12	03182938fb0096815cf396e498704861bd4bd27a0c1c5dc39fc8d24fadc06794
93	100	asm-v1-7b2d5205d47da07d2bdc3aca	GCF_001713625.1	4395	occ-v1-cfc7e4e7fa32f3523dd654f7	EXACT_VERSION_RESOLVED	current	main_phage_blind_srs	.	00e5322fbba9a4bf123bf22f866142eb9cbec3869db03fb225b84cec6b0f5214	90/25353	25353/90	.	83df8816582552d325b876eba4509f37400f69872b53c68f5ad5eebb8e373db8	df4fc3b37e556f97f3a74ddd078818184ffa1bf2d8c9289e7f80f3830f99ccdb
94	100	asm-v1-7c7447d252747c1af5aa3549	GCF_010592655.1	17020	occ-v1-7e7a0ba0837ebcddc062e7ce	EXACT_VERSION_RESOLVED	current	main_phage_blind_srs	.	00e543ff4c5ae3b8d30c4dd5b7ca9b6ae746a6c7d6ef9149854be15372f4d5dd	90/25353	25353/90	.	bf48d9a4281ff52d340d14e80520886bea2c190f8a57a61165364f5886818708	17ad08510e415aa0fb86ec6755873984b4730045dbb6d361209d41cbce3520e7
95	100	asm-v1-e44fa2d14858e37a359ef330	GCF_003322245.1	10951	occ-v1-e23dfebe12a938770064b4a0	EXACT_VERSION_RESOLVED	current	main_phage_blind_srs	.	00e7c81eb1fca55ac30e1a3e79ea6650fed01641b8c46d940c0f43bc25253ebb	90/25353	25353/90	.	d63e444479ff42c6b7fcd8f2b46858a2b341753973dc3b6c795273fd363d3602	34c994b360a44b82533f405b86982dc174fc5a105234718b85f0c2ad1d60f9da
96	100	asm-v1-5e08d24b5750d124934c0884	GCF_900490675.1	24947	occ-v1-e55bc42c50325d60dd7a37aa	EXACT_VERSION_RESOLVED	current	main_phage_blind_srs	.	00eaef21e8fb6a8e79ff480ce812132f413f6c64c53d4962f9bb522dc9a5c0cf	90/25353	25353/90	.	5d231ce1624764ae433cb752882cfe20a6bbc851c3dcf87ec25011aff4fb05f5	7f7e2c056f72d59c546a4614d34babeb08b88fcaba464fefdf0409c3cffdcac6
97	100	asm-v1-c3800f63c8daf18e6af0aaa1	GCF_017896545.1	21160	occ-v1-fd3518daead7d28fdb8d39e2	EXACT_VERSION_RESOLVED	current	main_phage_blind_srs	.	00eb14f7dc831d70401c2b04ee4f09a741ebc12f826b200406aa607aac208f47	90/25353	25353/90	.	879007bae5de48bcada4919753608a6e6ec655fddf6d8fba76f91b59ce899c2c	266077c611ed2c371f668b55af3a4ad36e59b46bcfb0c81c6ab6e96e09f30914
98	100	asm-v1-75786090079b909933a0de52	GCF_900499395.1	24978	occ-v1-b13e655acf8ef6a18a355ff8	EXACT_VERSION_RESOLVED	current	main_phage_blind_srs	.	00eb63d36d58d2168ac6c50b8e0f67918db9d3e77bf77d1626216a89eb124b61	90/25353	25353/90	.	511e93bc63ae36e657c682db5137285b74f024ecc67a92d3b75bfff6a1fd4da8	41bc051299cf10275e0cfd0f753ea2006cadc6957d936725308ab5b11ce4ca27
99	100	asm-v1-2064c286be6c3369f0dcc118	GCF_019957265.1	22621	occ-v1-804dd5e4dc0374277f209385	EXACT_VERSION_RESOLVED	current	main_phage_blind_srs	.	00eb759afb786b34b75b3305f63f477ecd842a4b7be6657d8ab3d304df8df659	90/25353	25353/90	.	8e81d051216fca4ad4f21959fbf9c4a6488b08c2d0d242b02535ffeaf16a13eb	413a05152c7085acb42a96e0bc3ae52bba924e6db15445605aaa3fec4b27f318
100	100	asm-v1-1ee856b1dec60d00372c00c8	GCF_003730815.1	11772	occ-v1-238c16bec32f91481b4a13ff	EXACT_VERSION_RESOLVED	current	main_phage_blind_srs	.	00ed81ce5e20d8964bd10e429f5d34830658a0949914603845cb2f258affc918	90/25353	25353/90	.	37eb4fd777e400198f5df7d0bfc2dd87e65878ac6f0f10efbeb7ee4456b425fb	1d33d7cbac2d648f21f77e0056b10cb158982c0fac0311313039f62c69ad6092
