cohort_order	accession	storage_release_id	storage_root	source_object_relpath	source_inventory_sha256	canonical_object_relpath	canonical_inventory_sha256	reuse_status	predecessor_digest_match	row_sha256
1	GCF_000005845.2	canonical-cohort-010-v1-e71484de9994fc28	/home/erikg/phind-data/ecoli26k/v1/releases/run-10-assembly-acquisition/canonical-cohort-010-v1-e71484de9994fc28	source_objects/GCF_000005845.2	6d5a7e7080f225c2879a3cb9c2b153a3eaa70ceff9077c42984c5c01a97d742c	canonical_objects/GCF_000005845.2	3e776adb1b4d21479e361d336dc79a8739758cf527a5f7abf19d03929f5fe509	REUSED_PREDECESSOR_BY_DIGEST	PASS	4b5b878bbe7b6455f33024e7f2cb02efb7b3e9d257bd9793519043ee0150942f
2	GCF_000812325.1	canonical-cohort-010-v1-e71484de9994fc28	/home/erikg/phind-data/ecoli26k/v1/releases/run-10-assembly-acquisition/canonical-cohort-010-v1-e71484de9994fc28	source_objects/GCF_000812325.1	150ff02f2857c9a2597ac02e5e2a847a9765792faf8acd36d55639f8d87bacaa	canonical_objects/GCF_000812325.1	901aacb42cd1a4b17ab51a85d3a9c43b71f4710909d6057045779a0eb15a17a2	REUSED_PREDECESSOR_BY_DIGEST	PASS	d2207ee3b520dff7c34fa17089c6fc338c6d14ec82e60633f954a314d15d0901
3	GCF_002302315.1	canonical-cohort-010-v1-e71484de9994fc28	/home/erikg/phind-data/ecoli26k/v1/releases/run-10-assembly-acquisition/canonical-cohort-010-v1-e71484de9994fc28	source_objects/GCF_002302315.1	417677ad21d2e2128c9bf63264af73c203928137e487a22fe0684e63775d965c	canonical_objects/GCF_002302315.1	e995a78411f0156bc81d019eb738e51c35e1c4a38e86936eabb701753af78f8a	REUSED_PREDECESSOR_BY_DIGEST	PASS	05d9228c443e80c8142b8ce6802fa7b127efe47965b1a4ee693164a387741dd8
4	GCF_004664255.1	canonical-cohort-010-v1-e71484de9994fc28	/home/erikg/phind-data/ecoli26k/v1/releases/run-10-assembly-acquisition/canonical-cohort-010-v1-e71484de9994fc28	source_objects/GCF_004664255.1	ab5d31114bb57a5663109dda74b8b7129f9cd94c02d888ec77d6227040c51fe0	canonical_objects/GCF_004664255.1	c8e657585f41be6f69ea53d6d0700d862428d0a7d5af814275393e1f9d3a6880	REUSED_PREDECESSOR_BY_DIGEST	PASS	6deb3e2f7509729157bbb97c86fd6fa1711b338885322441027c98627b4c7f5b
5	GCF_015644385.1	canonical-cohort-010-v1-e71484de9994fc28	/home/erikg/phind-data/ecoli26k/v1/releases/run-10-assembly-acquisition/canonical-cohort-010-v1-e71484de9994fc28	source_objects/GCF_015644385.1	3bdac97e9b946efcfd1a0e53ca0262a3a9b5b60458a37e1ce2287b3c362f2c45	canonical_objects/GCF_015644385.1	bce9afd4ff3b8184fb1c929f814e36192020bdc904c5fc712a1853a80a1b2e81	REUSED_PREDECESSOR_BY_DIGEST	PASS	b2183aa139e54edd05d26bcd396c0d9463bb3380e315f0446d348d0a53f4b307
6	GCF_020829045.1	canonical-cohort-010-v1-e71484de9994fc28	/home/erikg/phind-data/ecoli26k/v1/releases/run-10-assembly-acquisition/canonical-cohort-010-v1-e71484de9994fc28	source_objects/GCF_020829045.1	a74b6da33c02da6464daceff6f4e3a8284015b9359e95383ee5e05cdcb0fdb34	canonical_objects/GCF_020829045.1	b6b16f24a0b6a30a7fb18f85b2b847317f15f9dbaa44e0fec48aa77d54f143de	REUSED_PREDECESSOR_BY_DIGEST	PASS	37a45fbde65e909d0dd36a5a0e0e19656a0aaaf7a819ed76c7d68513d35d7d37
7	GCF_921380995.1	canonical-cohort-010-v1-e71484de9994fc28	/home/erikg/phind-data/ecoli26k/v1/releases/run-10-assembly-acquisition/canonical-cohort-010-v1-e71484de9994fc28	source_objects/GCF_921380995.1	13cc5dd8e8de98d0406a70230ec8ad36e728a3cfc14ad1a1bf43bf7314812660	canonical_objects/GCF_921380995.1	44089dae3e9dbfe4604701d239ad1bea44365ab1d133d6ad48cb7e25dfc912f5	REUSED_PREDECESSOR_BY_DIGEST	PASS	28066aad49afb6255e292eeacd452334586fa253c624c5323182ea9d356f122d
8	GCF_000167895.3	canonical-cohort-010-v1-e71484de9994fc28	/home/erikg/phind-data/ecoli26k/v1/releases/run-10-assembly-acquisition/canonical-cohort-010-v1-e71484de9994fc28	source_objects/GCF_000167895.3	2e0e9119cb27abeacadc8ee00ae3741268a9c0fe5a9c69a2ca1c03ecbad31b0b	canonical_objects/GCF_000167895.3	066794c99203511aae7f08e57e82f504423c2b23efcc8819f86a6c9f6645cbb7	REUSED_PREDECESSOR_BY_DIGEST	PASS	9a93aa9b86f276ab4b615af1f5fda091b4e5a18376b8c426a816065a77831c0f
9	GCF_001881595.4	canonical-cohort-010-v1-e71484de9994fc28	/home/erikg/phind-data/ecoli26k/v1/releases/run-10-assembly-acquisition/canonical-cohort-010-v1-e71484de9994fc28	source_objects/GCF_001881595.4	07fafc6106a8adbaffd44be833ee930ba338c0fe9f8228e0fed7be56d29ee5a6	canonical_objects/GCF_001881595.4	7440aa0087ffd1d213a938e2cca9c5b1255d54bb11dd8c0775154c059280254b	REUSED_PREDECESSOR_BY_DIGEST	PASS	132190ed8014af1f9e50befee78f5ee4dafe9cae69edba23db319433ac874b22
10	GCF_000498835.2	canonical-cohort-010-v1-e71484de9994fc28	/home/erikg/phind-data/ecoli26k/v1/releases/run-10-assembly-acquisition/canonical-cohort-010-v1-e71484de9994fc28	source_objects/GCF_000498835.2	0029d53bb7d5b491fd95517937bb031940cdd6fb07198fb4a673fee539a8cafa	canonical_objects/GCF_000498835.2	66f4fe3e05cf5bb0a61d2df02c5b2a7cffd32e2107751c37020bb5bed6b7d914	REUSED_PREDECESSOR_BY_DIGEST	PASS	9a4cc79f8b52ca5d82153e6a19c274c64fae72f9aa5c4a26aabc4ee4f46347bd
11	GCF_015548345.1	SELF	.	source_objects/GCF_015548345.1	a77c6005707758a690de82b21591f1f2c2ac8c6fcd9e00f09d41631d7e109377	canonical_objects/GCF_015548345.1	e820dd3b1e16f5977edf4c7a3be86f28cfa495fa5cf0a95344523302116cd447	CREATED_OR_CHECKSUM_RESUMED	NOT_APPLICABLE_NEW_OBJECT	07d11a0582c77814ff0b7462297c2ffc2b4dd38aa1886e49f5675a913748e5b8
12	GCF_019926545.1	SELF	.	source_objects/GCF_019926545.1	c0b69b5c56a2fd4e99c442febfc729506544a018ed22b5c3d6d9d3c9fa3da019	canonical_objects/GCF_019926545.1	13b465d8d913e4ff3d41b3bfc15fc3c538a8103ba5c29f17997503b84f4d48b3	CREATED_OR_CHECKSUM_RESUMED	NOT_APPLICABLE_NEW_OBJECT	9e50f48cbca2db75b621a0082145a97666f84f31f8a5eb40fe0f5053b8bacaa1
13	GCF_001614385.1	SELF	.	source_objects/GCF_001614385.1	38f29e1a7384c2537fd995d6ac4cc151450dc2f225762ed52a6d7c0782d0dbcc	canonical_objects/GCF_001614385.1	fd8c50c030b8481e1bec0bf62777aca599d3e1dfca112a36d3e8f66aee415a9c	CREATED_OR_CHECKSUM_RESUMED	NOT_APPLICABLE_NEW_OBJECT	0dc25cec1477081a63a73fa9c24afd8a57b4c846440cb3b298ff77c674a9490b
14	GCF_015551035.1	SELF	.	source_objects/GCF_015551035.1	75e05a9d64136872ba3c99d065c2fdf4451a008a3835ba6f63e02d1825a2f91b	canonical_objects/GCF_015551035.1	d6c38d9d9ab1d7133d17db11d3a166fc0d432fbb030496264964845a93889305	CREATED_OR_CHECKSUM_RESUMED	NOT_APPLICABLE_NEW_OBJECT	6b6687ff163993c8288d508be4f70fd04ac6093c63e5ecbfa1a59739bae7e0de
15	GCF_021354235.1	SELF	.	source_objects/GCF_021354235.1	1b236e7ba00e3849717d1a29b1cde05eeb7797b1f280d5be9fa78135fb79d3dc	canonical_objects/GCF_021354235.1	a770112519dc66ef6f5b54dc776bc5053671314a068e5c96646ae5fb4fd646cd	CREATED_OR_CHECKSUM_RESUMED	NOT_APPLICABLE_NEW_OBJECT	6d0d48c934b2a3f3341f210c04b1972f5159078cccc335456e15a3671366d758
16	GCF_002485085.1	SELF	.	source_objects/GCF_002485085.1	f07a6be815e2f1e2faef2d62dd24210fd29c410ba96db54e136b21afe8671c48	canonical_objects/GCF_002485085.1	c5818b1eae8140a830d05eb3ca3123eff69f6af984fef5b09456e17a4e298fca	CREATED_OR_CHECKSUM_RESUMED	NOT_APPLICABLE_NEW_OBJECT	e3389e24b179e13947d6c69502af1c2b6ab3b287cf70e1f58c740f8b243a4a79
17	GCF_014712315.1	SELF	.	source_objects/GCF_014712315.1	968e822b9035551ee23e9122c72cbaa97de4e0130806f7b26b507b0617c318c2	canonical_objects/GCF_014712315.1	7531e33eb0dc117119935fb2aff954df0b77ce36d729da40c8730703caaeb40e	CREATED_OR_CHECKSUM_RESUMED	NOT_APPLICABLE_NEW_OBJECT	3094263f4ce855e87657101ac9d3d0884e0b8d0ce01d0bbbb3155730617d5022
18	GCF_019120745.1	SELF	.	source_objects/GCF_019120745.1	a0be3b3a941cecacc051161ffa7b4155ffe740f8a591c25f4b91202e245d2b16	canonical_objects/GCF_019120745.1	03e56907db7aaec085aa0e65886ecf46813366c9ebc1abbc5bf5fc540171cb86	CREATED_OR_CHECKSUM_RESUMED	NOT_APPLICABLE_NEW_OBJECT	2d4b7a214d949578c83a4b8aeb1cb035e517a1b3b34ecad97819c317a6772b72
19	GCF_006350715.1	SELF	.	source_objects/GCF_006350715.1	5e66032f1287eb33d2ffcabb449f226142bde5e025e6d44756248bc87af5c9f8	canonical_objects/GCF_006350715.1	45fad596860f04737ba46f351a61492e715e20d4b54cb9c918819dbdc21f00ef	CREATED_OR_CHECKSUM_RESUMED	NOT_APPLICABLE_NEW_OBJECT	088cb8dcd8fb8d4dd6bc013cbab464e1ea441bd7bdad08f2f5f69d77b2be7d34
20	GCF_002522525.1	SELF	.	source_objects/GCF_002522525.1	83885a5159465c5d9408ef77427f4074f2e0d1de4aef2258ab046a781fd4b861	canonical_objects/GCF_002522525.1	828e9517d269bb18bfefc8fcfbdf43b60571c8343d9364bbf685550d98ec42a6	CREATED_OR_CHECKSUM_RESUMED	NOT_APPLICABLE_NEW_OBJECT	956e6651034ad9932bc80be54611f533e54ffddae113b19b6d9ee0cbd45fe4a7
21	GCF_018790115.1	SELF	.	source_objects/GCF_018790115.1	96e375b7e6382646de44e609131785e82e197611227de506647297327759222a	canonical_objects/GCF_018790115.1	656f911e0a13d8b90b8ec43c8b24c3852e27be8844ece938adb58568a610353d	CREATED_OR_CHECKSUM_RESUMED	NOT_APPLICABLE_NEW_OBJECT	efad2614fc0f0142afc76191d8c81896994100fb30f9eefe52a468114abddf38
22	GCF_002442365.1	SELF	.	source_objects/GCF_002442365.1	3eb746f5989f18de61fe997485dd868b1df0720c7c965d86ea44cf6a1f09cabe	canonical_objects/GCF_002442365.1	b5d79c946cfb735a4c0d518b7279755db96aa4f5c3ab217210f8ef151075d576	CREATED_OR_CHECKSUM_RESUMED	NOT_APPLICABLE_NEW_OBJECT	c09d11aee823b6b66e25fba3c669b2f4b82900db930fa726d78b42f60f0e9028
23	GCF_005885955.1	SELF	.	source_objects/GCF_005885955.1	aef995d9b4e896dd42333aefa7476d89d7e931141b6e9afc900a77990b8710c5	canonical_objects/GCF_005885955.1	af060462f03b47bcc46720e47bfccc81f078202949398aa2958010eaf44d2fdc	CREATED_OR_CHECKSUM_RESUMED	NOT_APPLICABLE_NEW_OBJECT	4359223c67bee621bec1f9b68af07d9b43e52e055f614d95571ea326b6192662
24	GCF_002513075.1	SELF	.	source_objects/GCF_002513075.1	8e43eeabc1a8a5055e4791414102d2d0d349851f330425e04ef6f9bb9708745b	canonical_objects/GCF_002513075.1	fac664a916136296a16f98c4c04d9b3d5ef4d3c845e4545a2223cb32d3c83966	CREATED_OR_CHECKSUM_RESUMED	NOT_APPLICABLE_NEW_OBJECT	b79ceb7aeb0c9c9eb51fd7d1a27015265b0390cc48bfa7aff196ce76cba01415
25	GCF_902810185.1	SELF	.	source_objects/GCF_902810185.1	5ede165c0d601cba3f32415055ecf386a03689d02158458d383c6ad3b215bd04	canonical_objects/GCF_902810185.1	31d07eb3801f392c4de8a5d084793adbfa733eba0502a5a5a027b14146bdd2cc	CREATED_OR_CHECKSUM_RESUMED	NOT_APPLICABLE_NEW_OBJECT	91b088b5b55028d690f2e824cd12e21b58ceb944baae3f704b46fbbc602c760d
26	GCF_005043025.1	SELF	.	source_objects/GCF_005043025.1	82c6db2b5dd2fc0d092a2a4ae6658a1202b0b83fe5529ca7c33a061c394fe788	canonical_objects/GCF_005043025.1	a9d34fe43f33622cb02aad9108f6021c52b659275d3e28c9dea960f598d9ed8e	CREATED_OR_CHECKSUM_RESUMED	NOT_APPLICABLE_NEW_OBJECT	141ffddd56c6f4d4605bd3c9c5d176e54ad0fea36b901754357d1b5d1f45394c
27	GCF_017595115.1	SELF	.	source_objects/GCF_017595115.1	43a20b505200443ddb8bcf97c412bc96bb025b990b91370271fc5b5998636920	canonical_objects/GCF_017595115.1	fd8ff5522205d996bd62e0b9b1a96a502d2dcdf6946fcf8344b72443a493bc25	CREATED_OR_CHECKSUM_RESUMED	NOT_APPLICABLE_NEW_OBJECT	c920e428ddab5a056c8747eb49b6ffb82c7cbce6695a2ccd1cd7c6ddf422b51a
28	GCF_014528625.1	SELF	.	source_objects/GCF_014528625.1	9aa00a0a152d6b33eacbf11342db2dd251631c77a25d035794c6b763f2522f11	canonical_objects/GCF_014528625.1	fdb0e4da3f59095c8244103f7f0856056661c1e4b892fc1cf8a0b84bbfcdfc02	CREATED_OR_CHECKSUM_RESUMED	NOT_APPLICABLE_NEW_OBJECT	1c2f5b2ded6c0936e04278311f7901a400435b7c52649d5185483efe2aa90b6b
29	GCF_008041205.1	SELF	.	source_objects/GCF_008041205.1	26dda5238b187eb7c558aab6fb57fd336b9afe2e33bd84926f7dc9b093a8d9fa	canonical_objects/GCF_008041205.1	497de45d06e35e629505113e7b489f95eed7d87254ae5e0decb35d15d4391251	CREATED_OR_CHECKSUM_RESUMED	NOT_APPLICABLE_NEW_OBJECT	14529e47c9127c173113634b8821f6e46c74b04cd50a47a562c4b88f13a57773
30	GCF_009820795.1	SELF	.	source_objects/GCF_009820795.1	0566296ed03f586d80dc0fe8aec1efbe2868058108a6e61966fb19ee9b10dd74	canonical_objects/GCF_009820795.1	aae568a7e3047bc0b498f3dc86d98ed542a3afeb34c36178a4b7e7903ab3c834	CREATED_OR_CHECKSUM_RESUMED	NOT_APPLICABLE_NEW_OBJECT	01bae8bc0c6479df9745f17f2bdfd275376e954e42ba0458b6b00ab8073230ac
31	GCF_900479385.1	SELF	.	source_objects/GCF_900479385.1	a1bef99387533fa8efdaf3f14e5a25554b3e6004c5b9eb4d0eb39f9959ab0abd	canonical_objects/GCF_900479385.1	1cb989f2be10d83914d53b895e3b82ded79125abf7497e3759eb0a1eb2f2dd9e	CREATED_OR_CHECKSUM_RESUMED	NOT_APPLICABLE_NEW_OBJECT	7ab8607efce37540675907aed4abc1e63643836b92c2714dccef1ffe59d89971
32	GCF_004767475.1	SELF	.	source_objects/GCF_004767475.1	cc2bb84168ac08913b0f616104a13eab339d6e27a50bfdafa49feb2a9e056eaf	canonical_objects/GCF_004767475.1	e320e3bdf1fcfd88ac52ecd1e8c47f75b87e92fa5e38b545e681341146e64445	CREATED_OR_CHECKSUM_RESUMED	NOT_APPLICABLE_NEW_OBJECT	2d2ff28cafd27b2fdadb0f0e38985f71ab3d53a5c7b28b26f396fc7577b56951
33	GCF_002519245.1	SELF	.	source_objects/GCF_002519245.1	078de2db5f5eba422859af00bbd659f184940e4e5d467bf0ccccebe422222aee	canonical_objects/GCF_002519245.1	043371a0c35bbfeb737f26f45848c88f97825dc2ffaa292ffdf887694c45d9c5	CREATED_OR_CHECKSUM_RESUMED	NOT_APPLICABLE_NEW_OBJECT	13425b3257756e4cdfeda4e5685b92d058032d66ea6386de0f2e32ee9c260634
34	GCF_015644305.1	SELF	.	source_objects/GCF_015644305.1	baff73741eae718bddda18e43df85caf697c248ab1a4b0520e974c8a0e017765	canonical_objects/GCF_015644305.1	1e3aecaa04419674f583707e47edc616813d0b2be63daa62c278489af7525b40	CREATED_OR_CHECKSUM_RESUMED	NOT_APPLICABLE_NEW_OBJECT	2ec8ae70a3a9170c1cbf519ead220d38beff7f3a97c3bd9ee41ce76a420b816e
35	GCF_001616285.1	SELF	.	source_objects/GCF_001616285.1	7e7d059d08e1e0da8546e7b523bbe8b5f91f7683a31a94c73520acf3d6bb76e2	canonical_objects/GCF_001616285.1	84121e43a50b0e6b9083b808c3cca8e0b44e669d7bfc8e5ab86cf644508579bc	CREATED_OR_CHECKSUM_RESUMED	NOT_APPLICABLE_NEW_OBJECT	df8dc2d676e4f4dfce5da4d1621a375cd60869fa947c1dca0345f40afdf2a6d2
36	GCF_001614645.1	SELF	.	source_objects/GCF_001614645.1	4dd6559ee94d8af35ead86322c29f14ca16de3be21815b364601d194edc05db7	canonical_objects/GCF_001614645.1	7dae0a547d9702f1fc406501bbeae0d99fa0b9cd019a835d243c0f8747f160e5	CREATED_OR_CHECKSUM_RESUMED	NOT_APPLICABLE_NEW_OBJECT	4d02c2534a021ed18686bad769d028ea3dde638afa527d8ceb9e6c6c90eeb57a
37	GCF_013370625.1	SELF	.	source_objects/GCF_013370625.1	8515fc2731857e756a8d2bb167b1ccecde2841ce48713d44180c66784ebea497	canonical_objects/GCF_013370625.1	8b3dc0c65f6768afe0313d5dbe2111f58ff7d5ac68b98939559fac4d4595a515	CREATED_OR_CHECKSUM_RESUMED	NOT_APPLICABLE_NEW_OBJECT	ef02f37012772700b8a853d3fb29e661d09dae3ed4dffc530151748cb426fb63
38	GCF_013608825.1	SELF	.	source_objects/GCF_013608825.1	4bf98b7d89b33cc94284fe13dacd7235cec6233b13d2340eb0c6838f3a3ca62f	canonical_objects/GCF_013608825.1	1883612caa607a05f86f17a82241b49d6c7bd41d4bf17027e064f3717f4da793	CREATED_OR_CHECKSUM_RESUMED	NOT_APPLICABLE_NEW_OBJECT	909cc3a1cce279bd46d734e1ba1cce3d322d6d4b813aa630f1b90172970219d8
39	GCF_005043625.1	SELF	.	source_objects/GCF_005043625.1	3ae198ef59e2e0002bf60041d389d6ed31b93e82491fc8f4297c42b7b07f156e	canonical_objects/GCF_005043625.1	fb1500672a9d0efcbc67d5580118d56baca7d9a42983dc1263b0dd6828a4eb52	CREATED_OR_CHECKSUM_RESUMED	NOT_APPLICABLE_NEW_OBJECT	297e9a9d621588848f9452806d83b3a391c112ca18ecec1e7f3f465ea2a10133
40	GCF_902163565.1	SELF	.	source_objects/GCF_902163565.1	111692d58f6e1700c7a1ce4c62ad071c1e18eafb9a8dfaf6135654caecf66a91	canonical_objects/GCF_902163565.1	fca7ee9dc0a0069153e08577bac0e4481b606f4482e198bf845e04e7efe0f629	CREATED_OR_CHECKSUM_RESUMED	NOT_APPLICABLE_NEW_OBJECT	447d4e38820054a9f301682f832556c716f1ba3fd33c8393773b2dd05bb4eb8e
41	GCF_006351505.1	SELF	.	source_objects/GCF_006351505.1	a557d4241b6a3da2aea74d1004f48c457f3da53768a8ad9c81a43cf70a395ae6	canonical_objects/GCF_006351505.1	cd0d07311f99c44d3ef3f8bede02c8424af0d6dfeaf0a3877eeb24c77fd7944e	CREATED_OR_CHECKSUM_RESUMED	NOT_APPLICABLE_NEW_OBJECT	576c1d22bf61e94f0d85af7b3710066f1ca02f37bfb7e8f1d14c17ddb5d46947
42	GCF_005039315.1	SELF	.	source_objects/GCF_005039315.1	b401b907289658cbc98b22e99aeb878f767ccbe3864be56ab8e19ed5ca93f04f	canonical_objects/GCF_005039315.1	f49e3efca10e14f7f73553d9a14ef40929a764e31d780f190fac858299113e29	CREATED_OR_CHECKSUM_RESUMED	NOT_APPLICABLE_NEW_OBJECT	b163af0f3a5792aaee40ac61bb2a75e3c172a1d611514546a706e591164bba14
43	GCF_005384385.1	SELF	.	source_objects/GCF_005384385.1	185782fa6fbe1570f519c726d34deedeb48e57c54f58334314a39780cee37ded	canonical_objects/GCF_005384385.1	5d99bf9b09d63255d2d44a3a57038f7b3aa9c87618af36a97a3adecd2d17b901	CREATED_OR_CHECKSUM_RESUMED	NOT_APPLICABLE_NEW_OBJECT	6ddd771bc6514a0111edb7727b8a3afc6dc7f4f782e9b110d3e8d072ca518f7a
44	GCF_016530465.1	SELF	.	source_objects/GCF_016530465.1	e68ba2b227c850a1a4f8fdb9ca20bc143a0aed773ed9bae634c28849a051d3d7	canonical_objects/GCF_016530465.1	32f42f44338e69bf7988ee4a2acbd0933b3f581f18baf944a70583674d1ed112	CREATED_OR_CHECKSUM_RESUMED	NOT_APPLICABLE_NEW_OBJECT	8c8bfbb700ea21143e13014007d87bec735037f7033737ccc22d997d72a99fe6
45	GCF_002152015.1	SELF	.	source_objects/GCF_002152015.1	66aa5060ef3b3388948b37b1b4f94ad6c5b06875fbc32067a33d1b90059061d8	canonical_objects/GCF_002152015.1	84dff3383b301e88f61b88d2cc265a4f08a25a8b45db84048c752e9924bd7fa1	CREATED_OR_CHECKSUM_RESUMED	NOT_APPLICABLE_NEW_OBJECT	a4770d329c5b9783c95c008f1db781eac07d16f07c196e02224427f3ff5d5673
46	GCF_018344735.1	SELF	.	source_objects/GCF_018344735.1	9fa9a520b75c6f68517695067c055ec51808a7f157e18dfd67da6a3b1a78b308	canonical_objects/GCF_018344735.1	98c89c415bafb4b5c546f21fd7e98528185a814226309d705384078fb10ea607	CREATED_OR_CHECKSUM_RESUMED	NOT_APPLICABLE_NEW_OBJECT	bf322b8dc0be6b059696633a0dc2590b03094c059af328868fcc1e25109c6b24
47	GCF_002513625.1	SELF	.	source_objects/GCF_002513625.1	db4c90954612a38cdf8590364928cf9cd351e1ca433c1075b885db3b7e23fca9	canonical_objects/GCF_002513625.1	d1e90be82618d0073ed002b3d894de41f65bd4d3a3a98b3c55cae196d6a97207	CREATED_OR_CHECKSUM_RESUMED	NOT_APPLICABLE_NEW_OBJECT	437a435cfe68dda33a07bddaf27d9438a0bf2ebf6243a1b2dc2dec84ed8bc6e5
48	GCF_002229025.1	SELF	.	source_objects/GCF_002229025.1	107929a5a145646fdd8eeb532fea168902ec6535f04d09a8a46bf99f57224e19	canonical_objects/GCF_002229025.1	8e0e330ba1073cc2daf4175da053acf3e0bfa4713d2905979f0305dc57d268be	CREATED_OR_CHECKSUM_RESUMED	NOT_APPLICABLE_NEW_OBJECT	5d43d38763cdab3482202380655544218d6b7d9b7ba48bb542779c4e6cc1e43e
49	GCF_000778685.1	SELF	.	source_objects/GCF_000778685.1	6c28925e42b3dbc1fdc36b514473705c2ea979363cc56a453ee87e1e41c953c6	canonical_objects/GCF_000778685.1	c996307480858714910c45989d23020bd5b28f88fca1c303b1fde454495a2178	CREATED_OR_CHECKSUM_RESUMED	NOT_APPLICABLE_NEW_OBJECT	a44d2905d488bad9250925dedfdb611285e19b2a681dedc17c26170ce7f19327
50	GCF_020037245.1	SELF	.	source_objects/GCF_020037245.1	9f506fdefd8376681a3d733720f708e22c65d842d71ad4dc6063b91959d79680	canonical_objects/GCF_020037245.1	efae84011bcc131b5daeef2d6ae613f941908d127dde0e2af5a29fb76443203c	CREATED_OR_CHECKSUM_RESUMED	NOT_APPLICABLE_NEW_OBJECT	27ba07c4d8fef6d9d1511fe3808a17eff5b4b0c213bc5d718f908d0480708e0e
51	GCF_003731035.1	SELF	.	source_objects/GCF_003731035.1	c818a307a67ba6df2cfc5c5999a46435b73b6d3b094c4004346be4907619ba3b	canonical_objects/GCF_003731035.1	158fc8372195fb656b7fbf917bb99390c3d7be9ca93deda12c9a55441dbb6cd3	CREATED_OR_CHECKSUM_RESUMED	NOT_APPLICABLE_NEW_OBJECT	89d8a5b8252c0babe89ec9cfd9819809456460e36dfaa2abf604253b86c5c80c
52	GCF_000326585.1	SELF	.	source_objects/GCF_000326585.1	fb9c50daa1e6600a7785fa175c18c641f78b48f66c2247f9a92c04a23a3cdc22	canonical_objects/GCF_000326585.1	bac9e2de7a4be25e36173c5a4e8a4243ae52856ad87b8ec29b32248e84cb3817	CREATED_OR_CHECKSUM_RESUMED	NOT_APPLICABLE_NEW_OBJECT	8711b164a9866a215f5edb0c4c4f16fae73c7b457e42e2feae954a4c80e7200b
53	GCF_000780535.1	SELF	.	source_objects/GCF_000780535.1	0fca7cfdbd58c2068de6174edefda0c7398a29506f940f21e5839e9b98a19780	canonical_objects/GCF_000780535.1	48779ee5db3ff6cfb4fe34d594ad64d3600256fbd085e2e5399908b45351cbf0	CREATED_OR_CHECKSUM_RESUMED	NOT_APPLICABLE_NEW_OBJECT	416cadcf09f5c392d5415d884b117a828110a57990f6161a7bbd7619fbe8e29d
54	GCF_003570445.1	SELF	.	source_objects/GCF_003570445.1	f4b2556d24e8c3366c091f70e4b2c0a48269b3ac8175ca0f41df645ea75b0302	canonical_objects/GCF_003570445.1	1a13d80a22fb9bf799a5803cbf18b008a39c7fe846c11bba88dc1322b652c74e	CREATED_OR_CHECKSUM_RESUMED	NOT_APPLICABLE_NEW_OBJECT	f96f55cc49741251786b91d285901bbbc5f8507dee4c4de39334f6f0f1a06a1a
55	GCF_000447005.2	SELF	.	source_objects/GCF_000447005.2	97a285c51d3cf8857f339d3facc076fed5f96f8d19e8e4af3ab89b2e732c1e39	canonical_objects/GCF_000447005.2	4b36ca7f0c0dfedfdd278795f58b0a79084fe7ce25261351e7bc36b1976cb562	CREATED_OR_CHECKSUM_RESUMED	NOT_APPLICABLE_NEW_OBJECT	1869a11c83fa1f42a3f0950da06da911609ad16b3197647ee84bf2e6466bddb6
56	GCF_013073765.1	SELF	.	source_objects/GCF_013073765.1	92262ddbf3a2974859c4d4fd78245d1ddf68b6de7b1c2afca5f8eff217857a2b	canonical_objects/GCF_013073765.1	4ed9006f75914099ddcc52ba1df1581960fb38b3b5260c41a0b135cf2d0fb55a	CREATED_OR_CHECKSUM_RESUMED	NOT_APPLICABLE_NEW_OBJECT	5ab28a268c9e740b1db9c2ebb23afe3baedfcf130c1966fc930ff21b8a231223
57	GCF_005041275.1	SELF	.	source_objects/GCF_005041275.1	e200adf6ed1d712ee7fa08379010abe096b0e3164fcaa160dfacc65172e639cd	canonical_objects/GCF_005041275.1	400077c1de1d316cd67cf935de4536eacacc699e4bf2dd85a8a18ba2a6ffe68f	CREATED_OR_CHECKSUM_RESUMED	NOT_APPLICABLE_NEW_OBJECT	a8af5946c6f037bab238d25613006d2518824f7b69272a40e795a5062bdf5850
58	GCF_014862465.1	SELF	.	source_objects/GCF_014862465.1	84cfa4f22e1f530eeddbf19e95817424cd1ca096aee651baf23420b9a86b3141	canonical_objects/GCF_014862465.1	a15b15c4e996c696c5cc8c42435ff3b65ebe09386b28e07d2e982f889c927b7a	CREATED_OR_CHECKSUM_RESUMED	NOT_APPLICABLE_NEW_OBJECT	0ba29ed5f1e11807e4f326309fbfe7bd49ad4d882ae729eaafbb4ba5ef11fb89
59	GCF_900195795.1	SELF	.	source_objects/GCF_900195795.1	685e07137024e1f396b875c7a2022c21c1e849bc10d4c91ce0d7a83cab6658ed	canonical_objects/GCF_900195795.1	bba4dbba47293592d9f68d2c226b703289b64d9ba60d71e6c6656050ebe88965	CREATED_OR_CHECKSUM_RESUMED	NOT_APPLICABLE_NEW_OBJECT	5bf445d73c39dd10aff7178dee2e17e1f0b39aeda0299984dc571cc72f967f2a
60	GCF_014878375.1	SELF	.	source_objects/GCF_014878375.1	963ecbbef763e596884f407483282a7a27c676d3233a3dadaba50c0dbab85c8b	canonical_objects/GCF_014878375.1	c102a6362337381d2bf97718fed0206957b98af2f01960de5dd59f6c938d1db3	CREATED_OR_CHECKSUM_RESUMED	NOT_APPLICABLE_NEW_OBJECT	15982f082b7d55be0848660dbdc4fdd873ea7a212f5f29c374b9ccba24179c71
61	GCF_921293415.1	SELF	.	source_objects/GCF_921293415.1	89a0e689ebf5e799d670a7b55e8e7ff3c11bc86d1a2939885dcc10d237b4fea1	canonical_objects/GCF_921293415.1	7457fc6e15ba75308f580c7a7918ea7d7e301f9b24cb415d6c0102d4eee76173	CREATED_OR_CHECKSUM_RESUMED	NOT_APPLICABLE_NEW_OBJECT	130475dc803d070acb767b1572342e8824157dac3a75a3df2175cd720e2a45e8
62	GCF_006229985.1	SELF	.	source_objects/GCF_006229985.1	fdd79905a4929b2c775b4c696312567c66add553f5a65569b33e11f68e4b7af9	canonical_objects/GCF_006229985.1	6244df33655554fa0b45381df3ae42a1e391a0b65b2945103ba44d9709f36c60	CREATED_OR_CHECKSUM_RESUMED	NOT_APPLICABLE_NEW_OBJECT	78f040d63269e2dc7bcf680bf0fea1b32ed53d577b3af0d5e811ad77871f600b
63	GCF_005045505.1	SELF	.	source_objects/GCF_005045505.1	9ed2ee49482be54435e86f21c04ac988fe87d30c4c04a6a09fba515bb1fbe3d5	canonical_objects/GCF_005045505.1	6fba5cfeb5a4a281465681bc9e392c189994f2961dba46fe94b78dce1ab9ebb1	CREATED_OR_CHECKSUM_RESUMED	NOT_APPLICABLE_NEW_OBJECT	a9b2913123da103696170651929da0a8192923401e58b7d572d409c15d7012ed
64	GCF_001660345.1	SELF	.	source_objects/GCF_001660345.1	0d94cf810e0d6fb54842c9d86f768eb248cee3ab4b7f96ac8e01b755246ab8c3	canonical_objects/GCF_001660345.1	5b9b58afdd3e54467a4acccb10d2940af7869d22ec33de64f1dbff87f69538f9	CREATED_OR_CHECKSUM_RESUMED	NOT_APPLICABLE_NEW_OBJECT	7ee99b5fb6c5c503fa0d1dd89a72989ad339f743ebb377aef4ebc5456136868f
65	GCF_020162695.1	SELF	.	source_objects/GCF_020162695.1	93866f9ef83b7943a6fc383548154903e2f7d6269a2fd6c2853dfeafc65cd7f0	canonical_objects/GCF_020162695.1	8d5aabf7a4b41b2cae473d3b00c7ed232463c0881572f4d6ad03c9578cab7d2f	CREATED_OR_CHECKSUM_RESUMED	NOT_APPLICABLE_NEW_OBJECT	12d0d42f9b373b1f52513979ffb340fe3b31c16240201493d2a95f3356a15e9d
66	GCF_003981675.1	SELF	.	source_objects/GCF_003981675.1	b547523447e79f97d8072eaadb39b7ba9d4ed99b6414632cc37c0b87b151ca5f	canonical_objects/GCF_003981675.1	b43f6e765328b73baf666453f6686df48dcab62e03ba1bf127108f7bb3a489b5	CREATED_OR_CHECKSUM_RESUMED	NOT_APPLICABLE_NEW_OBJECT	35f3402bcbf3210f9cfaa2c9804c350a3c01899659a55b700b51f782a64bfad0
67	GCF_905330275.1	SELF	.	source_objects/GCF_905330275.1	b14d4c9af0b2a01a1175037d20433591af607cb6ac3fc54261f07e6f3a43c245	canonical_objects/GCF_905330275.1	ea2308f2d68d04c08fcf28d0e6fdd1e28201065f9fd6ba823eab6d3a4c2fa27a	CREATED_OR_CHECKSUM_RESUMED	NOT_APPLICABLE_NEW_OBJECT	15a82004b4c28c31161750138a2ca2bbe1c54e125668486203bb44bd2316c2d9
68	GCF_001617565.1	SELF	.	source_objects/GCF_001617565.1	41bf689aceb1c3e191dc75b4e11ff4b602464bf267e9234cc48d534613e26eca	canonical_objects/GCF_001617565.1	5dec183527ea1197752e1c18104c23af467ae35df941e0e2c95e9a930c00060a	CREATED_OR_CHECKSUM_RESUMED	NOT_APPLICABLE_NEW_OBJECT	633117e02f1ff0d8b68d3711714246e586123d6c29919c6123bf5d360b3e90f2
69	GCF_003983415.1	SELF	.	source_objects/GCF_003983415.1	c2760e41ab947616be9590b823cfb37196da3c612cb75bce35c905cf5c9c2481	canonical_objects/GCF_003983415.1	b647be173d31b0fe3499700f0a3a7dc767e292a44657fb31296ab9908d82e784	CREATED_OR_CHECKSUM_RESUMED	NOT_APPLICABLE_NEW_OBJECT	c942cef15cc526a154909eebce5f863ef2aae4118fa5b5fbf05fb20e4c053c5e
70	GCF_009899475.1	SELF	.	source_objects/GCF_009899475.1	f000bda397b9b3fdbfdc9002cb22d3752cd87c646d8cb44dc2a1fc1697d1f24e	canonical_objects/GCF_009899475.1	eb490255cd32a2a33615fe342d41fcc0adee72e6eb4a91b7a747c9f65d2c5830	CREATED_OR_CHECKSUM_RESUMED	NOT_APPLICABLE_NEW_OBJECT	d536d2d7404c1177b679bd715bc40bdfaa753a1af83bb3cc64f6c288ac35e235
71	GCF_002511115.1	SELF	.	source_objects/GCF_002511115.1	2ea8c9bbdb353a904afc83248ac1ceb7930c996ef4f86111b7664617b0feab89	canonical_objects/GCF_002511115.1	2e1a58fdab5563bbc1d15453b80de4f21e6d9933235acd7066178fd4484c40a1	CREATED_OR_CHECKSUM_RESUMED	NOT_APPLICABLE_NEW_OBJECT	770aebcf99de4deb0ced7d995c4ca05244236de30535e6938fa083b00583f1e4
72	GCF_001521595.1	SELF	.	source_objects/GCF_001521595.1	8b718fa0d87c1be2c0f0dac59216fbf6480156a974b9e0e58c13197bfe262b33	canonical_objects/GCF_001521595.1	1473f563f8a30abefa0eb378765979a5c5d8be7a9e8c6b87015d3b4056cd5423	CREATED_OR_CHECKSUM_RESUMED	NOT_APPLICABLE_NEW_OBJECT	fe4f65e8a9e38c0d80f636ee4a1d349614aa62ed2e2ec07a889f0fdb2a3b61d4
73	GCF_019351215.1	SELF	.	source_objects/GCF_019351215.1	00f7057d7dee5a397fef899489f56b33497191a688f905b3be7af338b0d14158	canonical_objects/GCF_019351215.1	fd1cde2c6b3173f9b115e7281161cd051f413a74212ea71e517aeea5152e4c50	CREATED_OR_CHECKSUM_RESUMED	NOT_APPLICABLE_NEW_OBJECT	62824ff6626549adcfd731aba7cc3270def8a74e2351400c31e0bc329fd9d05c
74	GCF_020731765.1	SELF	.	source_objects/GCF_020731765.1	77dbcfec282a2118f4daaa4bd84f1abde06b4d516baceb4675dbe2ae50343adf	canonical_objects/GCF_020731765.1	b42f7f9d3dfaa8eb15c2314005445b9c9770c38ed7f22e5bc6e4024ebddd1d92	CREATED_OR_CHECKSUM_RESUMED	NOT_APPLICABLE_NEW_OBJECT	e5710db2e72eca9fc7e3c9f692e0e269b0024d3a444a806331bf6d6388ba5002
75	GCF_001577325.1	SELF	.	source_objects/GCF_001577325.1	a569fff72be7d1fe90af1511597c85a487b0a55b04f3bdad7326dfeb5b9014b8	canonical_objects/GCF_001577325.1	703035c09b943e532baf2a0ada9386236aa9bc57a6ff9428771be354472456f1	CREATED_OR_CHECKSUM_RESUMED	NOT_APPLICABLE_NEW_OBJECT	98267a3ddeab8f249042f606730f563929109c612f47862c48777eaf870b1853
76	GCF_000777675.1	SELF	.	source_objects/GCF_000777675.1	59fe136456f9da762212d7443530819bec26221f5d5024f155d7c6bdf666ea59	canonical_objects/GCF_000777675.1	c35aa37be27667231533e7b30daf5c0b56cb008439de0eeaebc943477799b006	CREATED_OR_CHECKSUM_RESUMED	NOT_APPLICABLE_NEW_OBJECT	f20771fe9ca593278ea1ac63fbee1381ce4252ea04c33198f597d9f510949c48
77	GCF_002109645.1	SELF	.	source_objects/GCF_002109645.1	fedc43c0f5c37548a4fe0e1f7f5aaf33134d59df8cced6d06c7df08987635564	canonical_objects/GCF_002109645.1	b0141dabeeb651c7db73984dc9adab852842da6a586bc7e94aded2154c685dbb	CREATED_OR_CHECKSUM_RESUMED	NOT_APPLICABLE_NEW_OBJECT	016d98be87e01fb98c5428849355bde72ac70f4355c61fcad5600525235b27b6
78	GCF_003076715.1	SELF	.	source_objects/GCF_003076715.1	dbd8799fda5f64b837922c0523d5b8c49cb315349b1df4eebcddce0e3e3e7eea	canonical_objects/GCF_003076715.1	cb45dc3b290eb5ffa67fec6d4e099318c4b596d3f53b5db1abb5be79c150bd70	CREATED_OR_CHECKSUM_RESUMED	NOT_APPLICABLE_NEW_OBJECT	87136785ac8cf2ba2cc1890c312caa2ee4e1cc7a2db4025fa38b7e2987137c16
79	GCF_002518465.1	SELF	.	source_objects/GCF_002518465.1	39423df100a8afc92f18dfd2a904b63b1eb3829f4b8ddaae746c593677565a86	canonical_objects/GCF_002518465.1	ed177f60665ad7c8bfeeae537f3bb2e815398bb7c6f7fc43f3aa07eb9aa86bb8	CREATED_OR_CHECKSUM_RESUMED	NOT_APPLICABLE_NEW_OBJECT	664e3137694674c6f08c7b68123b2468fb60b8b0f4bd8820e3d79585b077b25a
80	GCF_000459215.1	SELF	.	source_objects/GCF_000459215.1	53bb34c74f2bbc82740fdb9b07902085d505ad87fb64223fba45b299d3160b88	canonical_objects/GCF_000459215.1	2fe354fcbd4d07697c1301f3d45f76b684a0f0801118acdd2bca6b9be577d01c	CREATED_OR_CHECKSUM_RESUMED	NOT_APPLICABLE_NEW_OBJECT	6761339b2b399b95b6aab30fdd0eaf10bd45bd57d9aec48957f7fa1019001018
81	GCF_900010055.1	SELF	.	source_objects/GCF_900010055.1	2c97648861d9b0f7525bf15137dfd32946c888e2a5812ed0857205ad1c95cae8	canonical_objects/GCF_900010055.1	757ecc1bd20abbbcb2147536bc078b592fe99329f136b70f73158b3e351512e2	CREATED_OR_CHECKSUM_RESUMED	NOT_APPLICABLE_NEW_OBJECT	175fae8d731552ee91d1c06d36c0c8ec37d9a8db35d220e91aaa6530d17b16fa
82	GCF_002769075.1	SELF	.	source_objects/GCF_002769075.1	3fe3da21b535c995441d432ef96ec04d5f8651f6d1d5f7c1abe19543e9f28a5d	canonical_objects/GCF_002769075.1	5f46b13d09c2d34ef12a515204cf5c1e5e34677db5c0c0da503b2bd0dcbf7e57	CREATED_OR_CHECKSUM_RESUMED	NOT_APPLICABLE_NEW_OBJECT	2945928d0a57c5c6fba51739a44f03f7217db650ca740c3d2bb50883021ec0fe
83	GCF_009910015.1	SELF	.	source_objects/GCF_009910015.1	c2410310b732f50311f89290053a0287b0b5e86afc70c148cddd966856a30f7a	canonical_objects/GCF_009910015.1	a4a2f3d5bc7dc96004e52f39e77c5cdc188269fa8b3044b759f9e83c01161f0e	CREATED_OR_CHECKSUM_RESUMED	NOT_APPLICABLE_NEW_OBJECT	8ccc3a7fc3adb4ccb58947dc7690c3d809c56162142ea3f33bd596d3185ac303
84	GCF_013370905.1	SELF	.	source_objects/GCF_013370905.1	f2c00fffc4235f698420c8178816cf25b25e05daa24784a1df797da555566025	canonical_objects/GCF_013370905.1	b7438047d4ecf5647633d20a9daf16435cd8b3d29c6afea922d678979fd5391f	CREATED_OR_CHECKSUM_RESUMED	NOT_APPLICABLE_NEW_OBJECT	6608b9b51ae963c9f81116cefd362b50aae2fd2369591a9fbe5efe73f921090b
85	GCF_000619025.1	SELF	.	source_objects/GCF_000619025.1	0714527d0952ff61e2cd43ec0ed8f154f3b4e7ea123557e7682fbd93ff0a9c74	canonical_objects/GCF_000619025.1	8727e442b648ebb1bb4cb4b189c6dc679fc30aa3ef2c3ec8bc82b5d29e394dd8	CREATED_OR_CHECKSUM_RESUMED	NOT_APPLICABLE_NEW_OBJECT	6ea42d4527a67195ff69a642aec3a89fd6b96c7c2965f581a8d48058c2e5affc
86	GCF_016404105.1	SELF	.	source_objects/GCF_016404105.1	ea3ef7dbff9d4559c62aebe7041f60202c72bf1227c729f3cbfbbf854223ea5a	canonical_objects/GCF_016404105.1	fe76847b864a5f12fb130c892be2508079285046d6a502fe36b3e1159bcacf94	CREATED_OR_CHECKSUM_RESUMED	NOT_APPLICABLE_NEW_OBJECT	f1115dfe39647d57c292d1aa327d65c8c4dcc8abad7a46d0b7385bfd20c9861b
87	GCF_902859475.1	SELF	.	source_objects/GCF_902859475.1	61dbcae260476ee77c34b645ba97e9d07b315d318bb8dede4f9ccce218af3f35	canonical_objects/GCF_902859475.1	b2aaade0cbfa24df0d460bef70bb0fa42e71a445682d5a074976aa99536626fe	CREATED_OR_CHECKSUM_RESUMED	NOT_APPLICABLE_NEW_OBJECT	dc7d4a4424964cd08aba8d8e2754b4153936a3c0ef38fa392075b69f8318fa08
88	GCF_019282095.1	SELF	.	source_objects/GCF_019282095.1	c0e281043b49577dacb1164fcd0c42e9e87fda5b2efb439e0352c0c7e1edca3d	canonical_objects/GCF_019282095.1	53e90f04f4433c706e1061ebcdef08a3be25ca4e8cfb5bf982130cf589684064	CREATED_OR_CHECKSUM_RESUMED	NOT_APPLICABLE_NEW_OBJECT	dda118817281d88477b8b89c386fff04dd940d01b3929fcbe43b9e47f53db47e
89	GCF_000326905.1	SELF	.	source_objects/GCF_000326905.1	06a3b5d00d7567bb83f5597e461f16ef2431752ea08d30447ce629d5c1e8affb	canonical_objects/GCF_000326905.1	2181a02867cd0c90f7e530fce790df0b5e8adf670780ed220aa8928fae5d1ec0	CREATED_OR_CHECKSUM_RESUMED	NOT_APPLICABLE_NEW_OBJECT	8c8718ce887143545ea461d3033f7d5741be18a423ad4650539ac35717935280
90	GCF_003357545.1	SELF	.	source_objects/GCF_003357545.1	764780fd7e1be2198f9c2091e3fb998cc9ef6656879b99807603bfbc70ae617a	canonical_objects/GCF_003357545.1	f3def6b24edbadab19e69644b8b7f4b2618a2ca9b9644757758468d9404eec2e	CREATED_OR_CHECKSUM_RESUMED	NOT_APPLICABLE_NEW_OBJECT	311da228ef8abd9e0f491b6923ac777eb46f747caf35d54efcdd3e2d8fac23f1
91	GCF_001753505.1	SELF	.	source_objects/GCF_001753505.1	cc0305dffcf5be7e5f6b89685145c22e27c4ec5d4130b93a8e414221f49615f2	canonical_objects/GCF_001753505.1	cff241bfc953873b04c960ebdd28c428bbda3d0171da1d39fe1d061cfb6dcd5d	CREATED_OR_CHECKSUM_RESUMED	NOT_APPLICABLE_NEW_OBJECT	8121047335ebd63fe2a9fcbb8d69d44f55ef827bc9b5a126448bca897289768d
92	GCF_003292995.1	SELF	.	source_objects/GCF_003292995.1	6b51aa48ad9a2a5c35de5f4c064e333d800b4ca0d2dc2252ac406f3bc89b6b63	canonical_objects/GCF_003292995.1	d581e8c4463047e9dda99dfc7508a7b12f2382f33f6199494f8f56445fd09d89	CREATED_OR_CHECKSUM_RESUMED	NOT_APPLICABLE_NEW_OBJECT	a2b4ad9b1b96821df14a709da488ec862a1f43686aed3b3f0bff3aae60977b22
93	GCF_001713625.1	SELF	.	source_objects/GCF_001713625.1	dddba4d82d040212bf370403815cd8218c3099d29d87e2f840b49001ad55975d	canonical_objects/GCF_001713625.1	8f288514fd8fb2d6baf4c441a74da715950dfd87379b14761ce4d609be9f75a4	CREATED_OR_CHECKSUM_RESUMED	NOT_APPLICABLE_NEW_OBJECT	3616f2cf832c8cd90a0bc9bf70ff2a6651b453000e25d7944fad2f0457e960d8
94	GCF_010592655.1	SELF	.	source_objects/GCF_010592655.1	99ca7e4e4bbb537828d5fcba1019421889817fa28f203f69cc9be638ce99edda	canonical_objects/GCF_010592655.1	9c61de003d0fa67f90fbfe32fb390dbb82f580f507beaad856827ef121b61838	CREATED_OR_CHECKSUM_RESUMED	NOT_APPLICABLE_NEW_OBJECT	b41aa796b23ac49d61d43e7769141bab91a56a83c4aafd6f282d21ac4d7ee3fe
95	GCF_003322245.1	SELF	.	source_objects/GCF_003322245.1	eb3da64c28cd4db540bc03434631427eb1983e072168950c625e1cf58602d021	canonical_objects/GCF_003322245.1	edc5d6ce7549335691966031144547f143f91a1b5b064526e97b016c5c1bb260	CREATED_OR_CHECKSUM_RESUMED	NOT_APPLICABLE_NEW_OBJECT	36a57639d8efccc45125c7e65052860081abc6627fee5b6f35ff1c004a241042
96	GCF_900490675.1	SELF	.	source_objects/GCF_900490675.1	e2ca38f046b67dcd78a63ee4fe3b94d1f3f8a15cd879a09e6428ecec45b13f46	canonical_objects/GCF_900490675.1	d3183de9baac98739af74b17859bd6e376029b10b0e1c881b6c1121719346be6	CREATED_OR_CHECKSUM_RESUMED	NOT_APPLICABLE_NEW_OBJECT	f19bf6c386210a339ede0cdffb2416a0836539c7aafc3b0243772e79da98e138
97	GCF_017896545.1	SELF	.	source_objects/GCF_017896545.1	b54248e644bc2d0170e4eedaf0f27c3bfda9d1fb7c739a60eae51d1621ed7381	canonical_objects/GCF_017896545.1	bcc73c7731b818128a6dc5d21453deeb992c9251d8941fdf1b01954a575528a8	CREATED_OR_CHECKSUM_RESUMED	NOT_APPLICABLE_NEW_OBJECT	725a5cff2529a1f4682f02cde0f058dd0e1255c9fbc02b104624e2ae6c648d13
98	GCF_900499395.1	SELF	.	source_objects/GCF_900499395.1	aec402380c2a9e9861cea466941ea0fdd37ca63a6cc45a487bae7a94b55f315e	canonical_objects/GCF_900499395.1	424cfe5e982646193efdb803a6c05d4700a142fc4ff0ffc00a93f179763ea5dd	CREATED_OR_CHECKSUM_RESUMED	NOT_APPLICABLE_NEW_OBJECT	cba8cf37a03b1aec7df42b3e9a88fe8f1b11cf3841b003155a25b582c2dfe34d
99	GCF_019957265.1	SELF	.	source_objects/GCF_019957265.1	2e93ba5d581582bed1cbbbd32012ea5229c7b33e46cf684756abd46ae65b0f23	canonical_objects/GCF_019957265.1	9abe16a264a01e69ca2d7da53f21a5ea393ec99df7f8bef0051a93569dceea5c	CREATED_OR_CHECKSUM_RESUMED	NOT_APPLICABLE_NEW_OBJECT	c36ae04105155096e8dce203ebfca74686837a6c2b91bf79ac89428953afb55f
100	GCF_003730815.1	SELF	.	source_objects/GCF_003730815.1	46d2fc5895e4eca0fda7208ffa6ebb466542137731e06892fcb72d8c7d6d5b88	canonical_objects/GCF_003730815.1	56eb3d8d6fb5086db0b262b4bb99329a6778894ab3105b248ed8cae3b37e28c3	CREATED_OR_CHECKSUM_RESUMED	NOT_APPLICABLE_NEW_OBJECT	8a2b528f097f8b196f2d52389c7087262cee62d57ec6d3ef55867f9bb0420d01
