stage	wall_seconds	exit_status	argv
install-pinned-host-tools	7.041114	0	/home/erikg/.local/bin/micromamba create -y -p /mnt/nvme3n1/erikg/phind-genome-work/ecoli26k/v1/run-host-structure-1000/host-structure-1000-v1-run/tool-env -f /home/erikg/phind/.wg-worktrees/agent-81/workflow/compatibility/environment-linux-64.explicit.lock
mash-sketch-k21_s1000_seed42	8.757211	0	/mnt/nvme3n1/erikg/phind-genome-work/ecoli26k/v1/run-host-structure-1000/host-structure-1000-v1-run/tool-env/bin/mash sketch -p 16 -k 21 -s 1000 -S 42 -l /mnt/nvme3n1/erikg/phind-genome-work/ecoli26k/v1/run-host-structure-1000/host-structure-1000-v1-run/assemblies.list -o /mnt/nvme3n1/erikg/phind-genome-work/ecoli26k/v1/run-host-structure-1000/host-structure-1000-v1-run/output/mash/k21_s1000_seed42/hosts
mash-triangle-k21_s1000_seed42	0.555185	0	/mnt/nvme3n1/erikg/phind-genome-work/ecoli26k/v1/run-host-structure-1000/host-structure-1000-v1-run/tool-env/bin/mash triangle -p 16 /mnt/nvme3n1/erikg/phind-genome-work/ecoli26k/v1/run-host-structure-1000/host-structure-1000-v1-run/output/mash/k21_s1000_seed42/hosts.msh
rapidnj-k21_s1000_seed42	0.172616	0	/mnt/nvme3n1/erikg/phind-genome-work/ecoli26k/v1/run-host-structure-1000/host-structure-1000-v1-run/tool-env/bin/rapidnj /mnt/nvme3n1/erikg/phind-genome-work/ecoli26k/v1/run-host-structure-1000/host-structure-1000-v1-run/output/mash/k21_s1000_seed42/full.phylip -i pd -o t
mash-sketch-k21_s10000_seed42	9.547544	0	/mnt/nvme3n1/erikg/phind-genome-work/ecoli26k/v1/run-host-structure-1000/host-structure-1000-v1-run/tool-env/bin/mash sketch -p 16 -k 21 -s 10000 -S 42 -l /mnt/nvme3n1/erikg/phind-genome-work/ecoli26k/v1/run-host-structure-1000/host-structure-1000-v1-run/assemblies.list -o /mnt/nvme3n1/erikg/phind-genome-work/ecoli26k/v1/run-host-structure-1000/host-structure-1000-v1-run/output/mash/k21_s10000_seed42/hosts
mash-triangle-k21_s10000_seed42	4.669441	0	/mnt/nvme3n1/erikg/phind-genome-work/ecoli26k/v1/run-host-structure-1000/host-structure-1000-v1-run/tool-env/bin/mash triangle -p 16 /mnt/nvme3n1/erikg/phind-genome-work/ecoli26k/v1/run-host-structure-1000/host-structure-1000-v1-run/output/mash/k21_s10000_seed42/hosts.msh
rapidnj-k21_s10000_seed42	0.179065	0	/mnt/nvme3n1/erikg/phind-genome-work/ecoli26k/v1/run-host-structure-1000/host-structure-1000-v1-run/tool-env/bin/rapidnj /mnt/nvme3n1/erikg/phind-genome-work/ecoli26k/v1/run-host-structure-1000/host-structure-1000-v1-run/output/mash/k21_s10000_seed42/full.phylip -i pd -o t
mash-sketch-k21_s50000_seed42	13.104533	0	/mnt/nvme3n1/erikg/phind-genome-work/ecoli26k/v1/run-host-structure-1000/host-structure-1000-v1-run/tool-env/bin/mash sketch -p 16 -k 21 -s 50000 -S 42 -l /mnt/nvme3n1/erikg/phind-genome-work/ecoli26k/v1/run-host-structure-1000/host-structure-1000-v1-run/assemblies.list -o /mnt/nvme3n1/erikg/phind-genome-work/ecoli26k/v1/run-host-structure-1000/host-structure-1000-v1-run/output/mash/k21_s50000_seed42/hosts
mash-triangle-k21_s50000_seed42	22.720478	0	/mnt/nvme3n1/erikg/phind-genome-work/ecoli26k/v1/run-host-structure-1000/host-structure-1000-v1-run/tool-env/bin/mash triangle -p 16 /mnt/nvme3n1/erikg/phind-genome-work/ecoli26k/v1/run-host-structure-1000/host-structure-1000-v1-run/output/mash/k21_s50000_seed42/hosts.msh
rapidnj-k21_s50000_seed42	0.162613	0	/mnt/nvme3n1/erikg/phind-genome-work/ecoli26k/v1/run-host-structure-1000/host-structure-1000-v1-run/tool-env/bin/rapidnj /mnt/nvme3n1/erikg/phind-genome-work/ecoli26k/v1/run-host-structure-1000/host-structure-1000-v1-run/output/mash/k21_s50000_seed42/full.phylip -i pd -o t
mash-sketch-k31_s10000_seed42	10.826705	0	/mnt/nvme3n1/erikg/phind-genome-work/ecoli26k/v1/run-host-structure-1000/host-structure-1000-v1-run/tool-env/bin/mash sketch -p 16 -k 31 -s 10000 -S 42 -l /mnt/nvme3n1/erikg/phind-genome-work/ecoli26k/v1/run-host-structure-1000/host-structure-1000-v1-run/assemblies.list -o /mnt/nvme3n1/erikg/phind-genome-work/ecoli26k/v1/run-host-structure-1000/host-structure-1000-v1-run/output/mash/k31_s10000_seed42/hosts
mash-triangle-k31_s10000_seed42	4.729705	0	/mnt/nvme3n1/erikg/phind-genome-work/ecoli26k/v1/run-host-structure-1000/host-structure-1000-v1-run/tool-env/bin/mash triangle -p 16 /mnt/nvme3n1/erikg/phind-genome-work/ecoli26k/v1/run-host-structure-1000/host-structure-1000-v1-run/output/mash/k31_s10000_seed42/hosts.msh
rapidnj-k31_s10000_seed42	0.179836	0	/mnt/nvme3n1/erikg/phind-genome-work/ecoli26k/v1/run-host-structure-1000/host-structure-1000-v1-run/tool-env/bin/rapidnj /mnt/nvme3n1/erikg/phind-genome-work/ecoli26k/v1/run-host-structure-1000/host-structure-1000-v1-run/output/mash/k31_s10000_seed42/full.phylip -i pd -o t
mash-directed-all-pairs	9.567603	0	/mnt/nvme3n1/erikg/phind-genome-work/ecoli26k/v1/run-host-structure-1000/host-structure-1000-v1-run/tool-env/bin/mash dist -p 16 /mnt/nvme3n1/erikg/phind-genome-work/ecoli26k/v1/run-host-structure-1000/host-structure-1000-v1-run/output/mash/k21_s10000_seed42/hosts.msh /mnt/nvme3n1/erikg/phind-genome-work/ecoli26k/v1/run-host-structure-1000/host-structure-1000-v1-run/output/mash/k21_s10000_seed42/hosts.msh
mash-sketch-k21_s10000_seed43	9.586322	0	/mnt/nvme3n1/erikg/phind-genome-work/ecoli26k/v1/run-host-structure-1000/host-structure-1000-v1-run/tool-env/bin/mash sketch -p 16 -k 21 -s 10000 -S 43 -l /mnt/nvme3n1/erikg/phind-genome-work/ecoli26k/v1/run-host-structure-1000/host-structure-1000-v1-run/assemblies.list -o /mnt/nvme3n1/erikg/phind-genome-work/ecoli26k/v1/run-host-structure-1000/host-structure-1000-v1-run/output/mash/k21_s10000_seed43/hosts
mash-triangle-k21_s10000_seed43	4.691586	0	/mnt/nvme3n1/erikg/phind-genome-work/ecoli26k/v1/run-host-structure-1000/host-structure-1000-v1-run/tool-env/bin/mash triangle -p 16 /mnt/nvme3n1/erikg/phind-genome-work/ecoli26k/v1/run-host-structure-1000/host-structure-1000-v1-run/output/mash/k21_s10000_seed43/hosts.msh
rapidnj-k21_s10000_seed43	0.171976	0	/mnt/nvme3n1/erikg/phind-genome-work/ecoli26k/v1/run-host-structure-1000/host-structure-1000-v1-run/tool-env/bin/rapidnj /mnt/nvme3n1/erikg/phind-genome-work/ecoli26k/v1/run-host-structure-1000/host-structure-1000-v1-run/output/mash/k21_s10000_seed43/full.phylip -i pd -o t
mash-sketch-k21_s10000_seed44	9.525391	0	/mnt/nvme3n1/erikg/phind-genome-work/ecoli26k/v1/run-host-structure-1000/host-structure-1000-v1-run/tool-env/bin/mash sketch -p 16 -k 21 -s 10000 -S 44 -l /mnt/nvme3n1/erikg/phind-genome-work/ecoli26k/v1/run-host-structure-1000/host-structure-1000-v1-run/assemblies.list -o /mnt/nvme3n1/erikg/phind-genome-work/ecoli26k/v1/run-host-structure-1000/host-structure-1000-v1-run/output/mash/k21_s10000_seed44/hosts
mash-triangle-k21_s10000_seed44	4.743116	0	/mnt/nvme3n1/erikg/phind-genome-work/ecoli26k/v1/run-host-structure-1000/host-structure-1000-v1-run/tool-env/bin/mash triangle -p 16 /mnt/nvme3n1/erikg/phind-genome-work/ecoli26k/v1/run-host-structure-1000/host-structure-1000-v1-run/output/mash/k21_s10000_seed44/hosts.msh
rapidnj-k21_s10000_seed44	0.171296	0	/mnt/nvme3n1/erikg/phind-genome-work/ecoli26k/v1/run-host-structure-1000/host-structure-1000-v1-run/tool-env/bin/rapidnj /mnt/nvme3n1/erikg/phind-genome-work/ecoli26k/v1/run-host-structure-1000/host-structure-1000-v1-run/output/mash/k21_s10000_seed44/full.phylip -i pd -o t
mash-sketch-k21_s10000_seed45	9.587853	0	/mnt/nvme3n1/erikg/phind-genome-work/ecoli26k/v1/run-host-structure-1000/host-structure-1000-v1-run/tool-env/bin/mash sketch -p 16 -k 21 -s 10000 -S 45 -l /mnt/nvme3n1/erikg/phind-genome-work/ecoli26k/v1/run-host-structure-1000/host-structure-1000-v1-run/assemblies.list -o /mnt/nvme3n1/erikg/phind-genome-work/ecoli26k/v1/run-host-structure-1000/host-structure-1000-v1-run/output/mash/k21_s10000_seed45/hosts
mash-triangle-k21_s10000_seed45	4.711984	0	/mnt/nvme3n1/erikg/phind-genome-work/ecoli26k/v1/run-host-structure-1000/host-structure-1000-v1-run/tool-env/bin/mash triangle -p 16 /mnt/nvme3n1/erikg/phind-genome-work/ecoli26k/v1/run-host-structure-1000/host-structure-1000-v1-run/output/mash/k21_s10000_seed45/hosts.msh
rapidnj-k21_s10000_seed45	0.209580	0	/mnt/nvme3n1/erikg/phind-genome-work/ecoli26k/v1/run-host-structure-1000/host-structure-1000-v1-run/tool-env/bin/rapidnj /mnt/nvme3n1/erikg/phind-genome-work/ecoli26k/v1/run-host-structure-1000/host-structure-1000-v1-run/output/mash/k21_s10000_seed45/full.phylip -i pd -o t
mash-sketch-k21_s10000_seed46	9.564625	0	/mnt/nvme3n1/erikg/phind-genome-work/ecoli26k/v1/run-host-structure-1000/host-structure-1000-v1-run/tool-env/bin/mash sketch -p 16 -k 21 -s 10000 -S 46 -l /mnt/nvme3n1/erikg/phind-genome-work/ecoli26k/v1/run-host-structure-1000/host-structure-1000-v1-run/assemblies.list -o /mnt/nvme3n1/erikg/phind-genome-work/ecoli26k/v1/run-host-structure-1000/host-structure-1000-v1-run/output/mash/k21_s10000_seed46/hosts
mash-triangle-k21_s10000_seed46	4.718238	0	/mnt/nvme3n1/erikg/phind-genome-work/ecoli26k/v1/run-host-structure-1000/host-structure-1000-v1-run/tool-env/bin/mash triangle -p 16 /mnt/nvme3n1/erikg/phind-genome-work/ecoli26k/v1/run-host-structure-1000/host-structure-1000-v1-run/output/mash/k21_s10000_seed46/hosts.msh
rapidnj-k21_s10000_seed46	0.180158	0	/mnt/nvme3n1/erikg/phind-genome-work/ecoli26k/v1/run-host-structure-1000/host-structure-1000-v1-run/tool-env/bin/rapidnj /mnt/nvme3n1/erikg/phind-genome-work/ecoli26k/v1/run-host-structure-1000/host-structure-1000-v1-run/output/mash/k21_s10000_seed46/full.phylip -i pd -o t
mash-sketch-k21_s10000_seed47	9.599148	0	/mnt/nvme3n1/erikg/phind-genome-work/ecoli26k/v1/run-host-structure-1000/host-structure-1000-v1-run/tool-env/bin/mash sketch -p 16 -k 21 -s 10000 -S 47 -l /mnt/nvme3n1/erikg/phind-genome-work/ecoli26k/v1/run-host-structure-1000/host-structure-1000-v1-run/assemblies.list -o /mnt/nvme3n1/erikg/phind-genome-work/ecoli26k/v1/run-host-structure-1000/host-structure-1000-v1-run/output/mash/k21_s10000_seed47/hosts
mash-triangle-k21_s10000_seed47	4.669997	0	/mnt/nvme3n1/erikg/phind-genome-work/ecoli26k/v1/run-host-structure-1000/host-structure-1000-v1-run/tool-env/bin/mash triangle -p 16 /mnt/nvme3n1/erikg/phind-genome-work/ecoli26k/v1/run-host-structure-1000/host-structure-1000-v1-run/output/mash/k21_s10000_seed47/hosts.msh
rapidnj-k21_s10000_seed47	0.172311	0	/mnt/nvme3n1/erikg/phind-genome-work/ecoli26k/v1/run-host-structure-1000/host-structure-1000-v1-run/tool-env/bin/rapidnj /mnt/nvme3n1/erikg/phind-genome-work/ecoli26k/v1/run-host-structure-1000/host-structure-1000-v1-run/output/mash/k21_s10000_seed47/full.phylip -i pd -o t
mash-sketch-k21_s10000_seed48	9.567891	0	/mnt/nvme3n1/erikg/phind-genome-work/ecoli26k/v1/run-host-structure-1000/host-structure-1000-v1-run/tool-env/bin/mash sketch -p 16 -k 21 -s 10000 -S 48 -l /mnt/nvme3n1/erikg/phind-genome-work/ecoli26k/v1/run-host-structure-1000/host-structure-1000-v1-run/assemblies.list -o /mnt/nvme3n1/erikg/phind-genome-work/ecoli26k/v1/run-host-structure-1000/host-structure-1000-v1-run/output/mash/k21_s10000_seed48/hosts
mash-triangle-k21_s10000_seed48	4.643075	0	/mnt/nvme3n1/erikg/phind-genome-work/ecoli26k/v1/run-host-structure-1000/host-structure-1000-v1-run/tool-env/bin/mash triangle -p 16 /mnt/nvme3n1/erikg/phind-genome-work/ecoli26k/v1/run-host-structure-1000/host-structure-1000-v1-run/output/mash/k21_s10000_seed48/hosts.msh
rapidnj-k21_s10000_seed48	0.164353	0	/mnt/nvme3n1/erikg/phind-genome-work/ecoli26k/v1/run-host-structure-1000/host-structure-1000-v1-run/tool-env/bin/rapidnj /mnt/nvme3n1/erikg/phind-genome-work/ecoli26k/v1/run-host-structure-1000/host-structure-1000-v1-run/output/mash/k21_s10000_seed48/full.phylip -i pd -o t
core-map-L001-primary_reference	0.655915	0	/mnt/nvme3n1/erikg/phind-genome-work/ecoli26k/v1/run-host-structure-1000/host-structure-1000-v1-run/tools/bin/minimap2 -x asm5 -c --secondary=no -t 8 /mnt/nvme3n1/erikg/phind-genome-work/ecoli26k/v1/run-host-structure-1000/host-structure-1000-v1-run/views/GCF_009899475.1.fa /mnt/nvme3n1/erikg/phind-genome-work/ecoli26k/v1/run-host-structure-1000/host-structure-1000-v1-run/views/GCF_009899475.1.fa /mnt/nvme3n1/erikg/phind-genome-work/ecoli26k/v1/run-host-structure-1000/host-structure-1000-v1-run/views/GCF_013073585.1.fa
core-map-L001-primary_reference	6.211395	0	/mnt/nvme3n1/erikg/phind-genome-work/ecoli26k/v1/run-host-structure-1000/host-structure-1000-v1-run/tools/bin/minimap2 -x asm5 -c --secondary=no -t 8 /mnt/nvme3n1/erikg/phind-genome-work/ecoli26k/v1/run-host-structure-1000/host-structure-1000-v1-run/views/GCF_009899475.1.fa /mnt/nvme3n1/erikg/phind-genome-work/ecoli26k/v1/run-host-structure-1000/host-structure-1000-v1-run/views/GCF_009899475.1.fa /mnt/nvme3n1/erikg/phind-genome-work/ecoli26k/v1/run-host-structure-1000/host-structure-1000-v1-run/views/GCF_013073585.1.fa /mnt/nvme3n1/erikg/phind-genome-work/ecoli26k/v1/run-host-structure-1000/host-structure-1000-v1-run/views/GCF_900499355.1.fa /mnt/nvme3n1/erikg/phind-genome-work/ecoli26k/v1/run-host-structure-1000/host-structure-1000-v1-run/views/GCF_014169415.1.fa /mnt/nvme3n1/erikg/phind-genome-work/ecoli26k/v1/run-host-structure-1000/host-structure-1000-v1-run/views/GCF_916160245.1.fa /mnt/nvme3n1/erikg/phind-genome-work/ecoli26k/v1/run-host-structure-1000/host-structure-1000-v1-run/views/GCF_001521415.1.fa /mnt/nvme3n1/erikg/phind-genome-work/ecoli26k/v1/run-host-structure-1000/host-structure-1000-v1-run/views/GCF_019104325.1.fa /mnt/nvme3n1/erikg/phind-genome-work/ecoli26k/v1/run-host-structure-1000/host-structure-1000-v1-run/views/GCF_016786005.1.fa
core-map-L001-alternative_reference	5.738502	0	/mnt/nvme3n1/erikg/phind-genome-work/ecoli26k/v1/run-host-structure-1000/host-structure-1000-v1-run/tools/bin/minimap2 -x asm5 -c --secondary=no -t 8 /mnt/nvme3n1/erikg/phind-genome-work/ecoli26k/v1/run-host-structure-1000/host-structure-1000-v1-run/views/GCF_016786005.1.fa /mnt/nvme3n1/erikg/phind-genome-work/ecoli26k/v1/run-host-structure-1000/host-structure-1000-v1-run/views/GCF_009899475.1.fa /mnt/nvme3n1/erikg/phind-genome-work/ecoli26k/v1/run-host-structure-1000/host-structure-1000-v1-run/views/GCF_013073585.1.fa /mnt/nvme3n1/erikg/phind-genome-work/ecoli26k/v1/run-host-structure-1000/host-structure-1000-v1-run/views/GCF_900499355.1.fa /mnt/nvme3n1/erikg/phind-genome-work/ecoli26k/v1/run-host-structure-1000/host-structure-1000-v1-run/views/GCF_014169415.1.fa /mnt/nvme3n1/erikg/phind-genome-work/ecoli26k/v1/run-host-structure-1000/host-structure-1000-v1-run/views/GCF_916160245.1.fa /mnt/nvme3n1/erikg/phind-genome-work/ecoli26k/v1/run-host-structure-1000/host-structure-1000-v1-run/views/GCF_001521415.1.fa /mnt/nvme3n1/erikg/phind-genome-work/ecoli26k/v1/run-host-structure-1000/host-structure-1000-v1-run/views/GCF_019104325.1.fa /mnt/nvme3n1/erikg/phind-genome-work/ecoli26k/v1/run-host-structure-1000/host-structure-1000-v1-run/views/GCF_016786005.1.fa
core-map-L002-primary_reference	3.859702	0	/mnt/nvme3n1/erikg/phind-genome-work/ecoli26k/v1/run-host-structure-1000/host-structure-1000-v1-run/tools/bin/minimap2 -x asm5 -c --secondary=no -t 8 /mnt/nvme3n1/erikg/phind-genome-work/ecoli26k/v1/run-host-structure-1000/host-structure-1000-v1-run/views/GCF_001651605.1.fa /mnt/nvme3n1/erikg/phind-genome-work/ecoli26k/v1/run-host-structure-1000/host-structure-1000-v1-run/views/GCF_001651605.1.fa /mnt/nvme3n1/erikg/phind-genome-work/ecoli26k/v1/run-host-structure-1000/host-structure-1000-v1-run/views/GCF_000408485.1.fa /mnt/nvme3n1/erikg/phind-genome-work/ecoli26k/v1/run-host-structure-1000/host-structure-1000-v1-run/views/GCF_003292385.1.fa /mnt/nvme3n1/erikg/phind-genome-work/ecoli26k/v1/run-host-structure-1000/host-structure-1000-v1-run/views/GCF_018444005.1.fa /mnt/nvme3n1/erikg/phind-genome-work/ecoli26k/v1/run-host-structure-1000/host-structure-1000-v1-run/views/GCF_902810185.1.fa /mnt/nvme3n1/erikg/phind-genome-work/ecoli26k/v1/run-host-structure-1000/host-structure-1000-v1-run/views/GCF_005388405.1.fa /mnt/nvme3n1/erikg/phind-genome-work/ecoli26k/v1/run-host-structure-1000/host-structure-1000-v1-run/views/GCF_001638135.1.fa /mnt/nvme3n1/erikg/phind-genome-work/ecoli26k/v1/run-host-structure-1000/host-structure-1000-v1-run/views/GCF_002155505.1.fa
core-map-L003-primary_reference	2.661643	0	/mnt/nvme3n1/erikg/phind-genome-work/ecoli26k/v1/run-host-structure-1000/host-structure-1000-v1-run/tools/bin/minimap2 -x asm5 -c --secondary=no -t 8 /mnt/nvme3n1/erikg/phind-genome-work/ecoli26k/v1/run-host-structure-1000/host-structure-1000-v1-run/views/GCF_013391275.1.fa /mnt/nvme3n1/erikg/phind-genome-work/ecoli26k/v1/run-host-structure-1000/host-structure-1000-v1-run/views/GCF_013391275.1.fa /mnt/nvme3n1/erikg/phind-genome-work/ecoli26k/v1/run-host-structure-1000/host-structure-1000-v1-run/views/GCF_005384845.1.fa /mnt/nvme3n1/erikg/phind-genome-work/ecoli26k/v1/run-host-structure-1000/host-structure-1000-v1-run/views/GCF_000355215.2.fa /mnt/nvme3n1/erikg/phind-genome-work/ecoli26k/v1/run-host-structure-1000/host-structure-1000-v1-run/views/GCF_002511115.1.fa /mnt/nvme3n1/erikg/phind-genome-work/ecoli26k/v1/run-host-structure-1000/host-structure-1000-v1-run/views/GCF_009795315.1.fa /mnt/nvme3n1/erikg/phind-genome-work/ecoli26k/v1/run-host-structure-1000/host-structure-1000-v1-run/views/GCF_003357405.1.fa /mnt/nvme3n1/erikg/phind-genome-work/ecoli26k/v1/run-host-structure-1000/host-structure-1000-v1-run/views/GCF_000358715.2.fa /mnt/nvme3n1/erikg/phind-genome-work/ecoli26k/v1/run-host-structure-1000/host-structure-1000-v1-run/views/GCF_000781435.1.fa
core-map-L003-alternative_reference	2.856723	0	/mnt/nvme3n1/erikg/phind-genome-work/ecoli26k/v1/run-host-structure-1000/host-structure-1000-v1-run/tools/bin/minimap2 -x asm5 -c --secondary=no -t 8 /mnt/nvme3n1/erikg/phind-genome-work/ecoli26k/v1/run-host-structure-1000/host-structure-1000-v1-run/views/GCF_000355215.2.fa /mnt/nvme3n1/erikg/phind-genome-work/ecoli26k/v1/run-host-structure-1000/host-structure-1000-v1-run/views/GCF_013391275.1.fa /mnt/nvme3n1/erikg/phind-genome-work/ecoli26k/v1/run-host-structure-1000/host-structure-1000-v1-run/views/GCF_005384845.1.fa /mnt/nvme3n1/erikg/phind-genome-work/ecoli26k/v1/run-host-structure-1000/host-structure-1000-v1-run/views/GCF_000355215.2.fa /mnt/nvme3n1/erikg/phind-genome-work/ecoli26k/v1/run-host-structure-1000/host-structure-1000-v1-run/views/GCF_002511115.1.fa /mnt/nvme3n1/erikg/phind-genome-work/ecoli26k/v1/run-host-structure-1000/host-structure-1000-v1-run/views/GCF_009795315.1.fa /mnt/nvme3n1/erikg/phind-genome-work/ecoli26k/v1/run-host-structure-1000/host-structure-1000-v1-run/views/GCF_003357405.1.fa /mnt/nvme3n1/erikg/phind-genome-work/ecoli26k/v1/run-host-structure-1000/host-structure-1000-v1-run/views/GCF_000358715.2.fa /mnt/nvme3n1/erikg/phind-genome-work/ecoli26k/v1/run-host-structure-1000/host-structure-1000-v1-run/views/GCF_000781435.1.fa
core-map-L004-primary_reference	2.804078	0	/mnt/nvme3n1/erikg/phind-genome-work/ecoli26k/v1/run-host-structure-1000/host-structure-1000-v1-run/tools/bin/minimap2 -x asm5 -c --secondary=no -t 8 /mnt/nvme3n1/erikg/phind-genome-work/ecoli26k/v1/run-host-structure-1000/host-structure-1000-v1-run/views/GCF_015163255.1.fa /mnt/nvme3n1/erikg/phind-genome-work/ecoli26k/v1/run-host-structure-1000/host-structure-1000-v1-run/views/GCF_015163255.1.fa /mnt/nvme3n1/erikg/phind-genome-work/ecoli26k/v1/run-host-structure-1000/host-structure-1000-v1-run/views/GCF_011077775.1.fa /mnt/nvme3n1/erikg/phind-genome-work/ecoli26k/v1/run-host-structure-1000/host-structure-1000-v1-run/views/GCF_014862785.1.fa /mnt/nvme3n1/erikg/phind-genome-work/ecoli26k/v1/run-host-structure-1000/host-structure-1000-v1-run/views/GCF_002223485.1.fa /mnt/nvme3n1/erikg/phind-genome-work/ecoli26k/v1/run-host-structure-1000/host-structure-1000-v1-run/views/GCF_902705595.1.fa /mnt/nvme3n1/erikg/phind-genome-work/ecoli26k/v1/run-host-structure-1000/host-structure-1000-v1-run/views/GCF_001616285.1.fa /mnt/nvme3n1/erikg/phind-genome-work/ecoli26k/v1/run-host-structure-1000/host-structure-1000-v1-run/views/GCF_004380655.1.fa /mnt/nvme3n1/erikg/phind-genome-work/ecoli26k/v1/run-host-structure-1000/host-structure-1000-v1-run/views/GCF_002001975.1.fa
core-map-L004-alternative_reference	2.836182	0	/mnt/nvme3n1/erikg/phind-genome-work/ecoli26k/v1/run-host-structure-1000/host-structure-1000-v1-run/tools/bin/minimap2 -x asm5 -c --secondary=no -t 8 /mnt/nvme3n1/erikg/phind-genome-work/ecoli26k/v1/run-host-structure-1000/host-structure-1000-v1-run/views/GCF_014862785.1.fa /mnt/nvme3n1/erikg/phind-genome-work/ecoli26k/v1/run-host-structure-1000/host-structure-1000-v1-run/views/GCF_015163255.1.fa /mnt/nvme3n1/erikg/phind-genome-work/ecoli26k/v1/run-host-structure-1000/host-structure-1000-v1-run/views/GCF_011077775.1.fa /mnt/nvme3n1/erikg/phind-genome-work/ecoli26k/v1/run-host-structure-1000/host-structure-1000-v1-run/views/GCF_014862785.1.fa /mnt/nvme3n1/erikg/phind-genome-work/ecoli26k/v1/run-host-structure-1000/host-structure-1000-v1-run/views/GCF_002223485.1.fa /mnt/nvme3n1/erikg/phind-genome-work/ecoli26k/v1/run-host-structure-1000/host-structure-1000-v1-run/views/GCF_902705595.1.fa /mnt/nvme3n1/erikg/phind-genome-work/ecoli26k/v1/run-host-structure-1000/host-structure-1000-v1-run/views/GCF_001616285.1.fa /mnt/nvme3n1/erikg/phind-genome-work/ecoli26k/v1/run-host-structure-1000/host-structure-1000-v1-run/views/GCF_004380655.1.fa /mnt/nvme3n1/erikg/phind-genome-work/ecoli26k/v1/run-host-structure-1000/host-structure-1000-v1-run/views/GCF_002001975.1.fa
core-map-L006-primary_reference	3.875127	0	/mnt/nvme3n1/erikg/phind-genome-work/ecoli26k/v1/run-host-structure-1000/host-structure-1000-v1-run/tools/bin/minimap2 -x asm5 -c --secondary=no -t 8 /mnt/nvme3n1/erikg/phind-genome-work/ecoli26k/v1/run-host-structure-1000/host-structure-1000-v1-run/views/GCF_002534845.1.fa /mnt/nvme3n1/erikg/phind-genome-work/ecoli26k/v1/run-host-structure-1000/host-structure-1000-v1-run/views/GCF_002534845.1.fa /mnt/nvme3n1/erikg/phind-genome-work/ecoli26k/v1/run-host-structure-1000/host-structure-1000-v1-run/views/GCF_907175235.1.fa /mnt/nvme3n1/erikg/phind-genome-work/ecoli26k/v1/run-host-structure-1000/host-structure-1000-v1-run/views/GCF_019890835.1.fa /mnt/nvme3n1/erikg/phind-genome-work/ecoli26k/v1/run-host-structure-1000/host-structure-1000-v1-run/views/GCF_007954255.1.fa /mnt/nvme3n1/erikg/phind-genome-work/ecoli26k/v1/run-host-structure-1000/host-structure-1000-v1-run/views/GCF_002540915.1.fa /mnt/nvme3n1/erikg/phind-genome-work/ecoli26k/v1/run-host-structure-1000/host-structure-1000-v1-run/views/GCF_005400245.1.fa /mnt/nvme3n1/erikg/phind-genome-work/ecoli26k/v1/run-host-structure-1000/host-structure-1000-v1-run/views/GCF_001058555.1.fa /mnt/nvme3n1/erikg/phind-genome-work/ecoli26k/v1/run-host-structure-1000/host-structure-1000-v1-run/views/GCF_003322245.1.fa
core-map-L006-alternative_reference	3.881587	0	/mnt/nvme3n1/erikg/phind-genome-work/ecoli26k/v1/run-host-structure-1000/host-structure-1000-v1-run/tools/bin/minimap2 -x asm5 -c --secondary=no -t 8 /mnt/nvme3n1/erikg/phind-genome-work/ecoli26k/v1/run-host-structure-1000/host-structure-1000-v1-run/views/GCF_019890835.1.fa /mnt/nvme3n1/erikg/phind-genome-work/ecoli26k/v1/run-host-structure-1000/host-structure-1000-v1-run/views/GCF_002534845.1.fa /mnt/nvme3n1/erikg/phind-genome-work/ecoli26k/v1/run-host-structure-1000/host-structure-1000-v1-run/views/GCF_907175235.1.fa /mnt/nvme3n1/erikg/phind-genome-work/ecoli26k/v1/run-host-structure-1000/host-structure-1000-v1-run/views/GCF_019890835.1.fa /mnt/nvme3n1/erikg/phind-genome-work/ecoli26k/v1/run-host-structure-1000/host-structure-1000-v1-run/views/GCF_007954255.1.fa /mnt/nvme3n1/erikg/phind-genome-work/ecoli26k/v1/run-host-structure-1000/host-structure-1000-v1-run/views/GCF_002540915.1.fa /mnt/nvme3n1/erikg/phind-genome-work/ecoli26k/v1/run-host-structure-1000/host-structure-1000-v1-run/views/GCF_005400245.1.fa /mnt/nvme3n1/erikg/phind-genome-work/ecoli26k/v1/run-host-structure-1000/host-structure-1000-v1-run/views/GCF_001058555.1.fa /mnt/nvme3n1/erikg/phind-genome-work/ecoli26k/v1/run-host-structure-1000/host-structure-1000-v1-run/views/GCF_003322245.1.fa
core-map-L008-primary_reference	7.083305	0	/mnt/nvme3n1/erikg/phind-genome-work/ecoli26k/v1/run-host-structure-1000/host-structure-1000-v1-run/tools/bin/minimap2 -x asm5 -c --secondary=no -t 8 /mnt/nvme3n1/erikg/phind-genome-work/ecoli26k/v1/run-host-structure-1000/host-structure-1000-v1-run/views/GCF_002806795.1.fa /mnt/nvme3n1/erikg/phind-genome-work/ecoli26k/v1/run-host-structure-1000/host-structure-1000-v1-run/views/GCF_002806795.1.fa /mnt/nvme3n1/erikg/phind-genome-work/ecoli26k/v1/run-host-structure-1000/host-structure-1000-v1-run/views/GCF_000305415.2.fa /mnt/nvme3n1/erikg/phind-genome-work/ecoli26k/v1/run-host-structure-1000/host-structure-1000-v1-run/views/GCF_003361965.1.fa /mnt/nvme3n1/erikg/phind-genome-work/ecoli26k/v1/run-host-structure-1000/host-structure-1000-v1-run/views/GCF_002486525.1.fa /mnt/nvme3n1/erikg/phind-genome-work/ecoli26k/v1/run-host-structure-1000/host-structure-1000-v1-run/views/GCF_002194865.1.fa /mnt/nvme3n1/erikg/phind-genome-work/ecoli26k/v1/run-host-structure-1000/host-structure-1000-v1-run/views/GCF_002486725.1.fa /mnt/nvme3n1/erikg/phind-genome-work/ecoli26k/v1/run-host-structure-1000/host-structure-1000-v1-run/views/GCF_000006665.1.fa /mnt/nvme3n1/erikg/phind-genome-work/ecoli26k/v1/run-host-structure-1000/host-structure-1000-v1-run/views/GCF_001806265.1.fa
core-map-L008-alternative_reference	6.283024	0	/mnt/nvme3n1/erikg/phind-genome-work/ecoli26k/v1/run-host-structure-1000/host-structure-1000-v1-run/tools/bin/minimap2 -x asm5 -c --secondary=no -t 8 /mnt/nvme3n1/erikg/phind-genome-work/ecoli26k/v1/run-host-structure-1000/host-structure-1000-v1-run/views/GCF_003361965.1.fa /mnt/nvme3n1/erikg/phind-genome-work/ecoli26k/v1/run-host-structure-1000/host-structure-1000-v1-run/views/GCF_002806795.1.fa /mnt/nvme3n1/erikg/phind-genome-work/ecoli26k/v1/run-host-structure-1000/host-structure-1000-v1-run/views/GCF_000305415.2.fa /mnt/nvme3n1/erikg/phind-genome-work/ecoli26k/v1/run-host-structure-1000/host-structure-1000-v1-run/views/GCF_003361965.1.fa /mnt/nvme3n1/erikg/phind-genome-work/ecoli26k/v1/run-host-structure-1000/host-structure-1000-v1-run/views/GCF_002486525.1.fa /mnt/nvme3n1/erikg/phind-genome-work/ecoli26k/v1/run-host-structure-1000/host-structure-1000-v1-run/views/GCF_002194865.1.fa /mnt/nvme3n1/erikg/phind-genome-work/ecoli26k/v1/run-host-structure-1000/host-structure-1000-v1-run/views/GCF_002486725.1.fa /mnt/nvme3n1/erikg/phind-genome-work/ecoli26k/v1/run-host-structure-1000/host-structure-1000-v1-run/views/GCF_000006665.1.fa /mnt/nvme3n1/erikg/phind-genome-work/ecoli26k/v1/run-host-structure-1000/host-structure-1000-v1-run/views/GCF_001806265.1.fa
core-map-L009-primary_reference	5.314804	0	/mnt/nvme3n1/erikg/phind-genome-work/ecoli26k/v1/run-host-structure-1000/host-structure-1000-v1-run/tools/bin/minimap2 -x asm5 -c --secondary=no -t 8 /mnt/nvme3n1/erikg/phind-genome-work/ecoli26k/v1/run-host-structure-1000/host-structure-1000-v1-run/views/GCF_001520375.1.fa /mnt/nvme3n1/erikg/phind-genome-work/ecoli26k/v1/run-host-structure-1000/host-structure-1000-v1-run/views/GCF_001520375.1.fa /mnt/nvme3n1/erikg/phind-genome-work/ecoli26k/v1/run-host-structure-1000/host-structure-1000-v1-run/views/GCF_907177115.1.fa /mnt/nvme3n1/erikg/phind-genome-work/ecoli26k/v1/run-host-structure-1000/host-structure-1000-v1-run/views/GCF_017162875.1.fa /mnt/nvme3n1/erikg/phind-genome-work/ecoli26k/v1/run-host-structure-1000/host-structure-1000-v1-run/views/GCF_902668645.1.fa /mnt/nvme3n1/erikg/phind-genome-work/ecoli26k/v1/run-host-structure-1000/host-structure-1000-v1-run/views/GCF_000459215.1.fa /mnt/nvme3n1/erikg/phind-genome-work/ecoli26k/v1/run-host-structure-1000/host-structure-1000-v1-run/views/GCF_000350625.1.fa /mnt/nvme3n1/erikg/phind-genome-work/ecoli26k/v1/run-host-structure-1000/host-structure-1000-v1-run/views/GCF_000418675.1.fa /mnt/nvme3n1/erikg/phind-genome-work/ecoli26k/v1/run-host-structure-1000/host-structure-1000-v1-run/views/GCF_008041205.1.fa
core-map-L009-alternative_reference	5.708467	0	/mnt/nvme3n1/erikg/phind-genome-work/ecoli26k/v1/run-host-structure-1000/host-structure-1000-v1-run/tools/bin/minimap2 -x asm5 -c --secondary=no -t 8 /mnt/nvme3n1/erikg/phind-genome-work/ecoli26k/v1/run-host-structure-1000/host-structure-1000-v1-run/views/GCF_017162875.1.fa /mnt/nvme3n1/erikg/phind-genome-work/ecoli26k/v1/run-host-structure-1000/host-structure-1000-v1-run/views/GCF_001520375.1.fa /mnt/nvme3n1/erikg/phind-genome-work/ecoli26k/v1/run-host-structure-1000/host-structure-1000-v1-run/views/GCF_907177115.1.fa /mnt/nvme3n1/erikg/phind-genome-work/ecoli26k/v1/run-host-structure-1000/host-structure-1000-v1-run/views/GCF_017162875.1.fa /mnt/nvme3n1/erikg/phind-genome-work/ecoli26k/v1/run-host-structure-1000/host-structure-1000-v1-run/views/GCF_902668645.1.fa /mnt/nvme3n1/erikg/phind-genome-work/ecoli26k/v1/run-host-structure-1000/host-structure-1000-v1-run/views/GCF_000459215.1.fa /mnt/nvme3n1/erikg/phind-genome-work/ecoli26k/v1/run-host-structure-1000/host-structure-1000-v1-run/views/GCF_000350625.1.fa /mnt/nvme3n1/erikg/phind-genome-work/ecoli26k/v1/run-host-structure-1000/host-structure-1000-v1-run/views/GCF_000418675.1.fa /mnt/nvme3n1/erikg/phind-genome-work/ecoli26k/v1/run-host-structure-1000/host-structure-1000-v1-run/views/GCF_008041205.1.fa
core-map-L010-primary_reference	2.761603	0	/mnt/nvme3n1/erikg/phind-genome-work/ecoli26k/v1/run-host-structure-1000/host-structure-1000-v1-run/tools/bin/minimap2 -x asm5 -c --secondary=no -t 8 /mnt/nvme3n1/erikg/phind-genome-work/ecoli26k/v1/run-host-structure-1000/host-structure-1000-v1-run/views/GCF_003317605.1.fa /mnt/nvme3n1/erikg/phind-genome-work/ecoli26k/v1/run-host-structure-1000/host-structure-1000-v1-run/views/GCF_003317605.1.fa /mnt/nvme3n1/erikg/phind-genome-work/ecoli26k/v1/run-host-structure-1000/host-structure-1000-v1-run/views/GCF_001621575.1.fa /mnt/nvme3n1/erikg/phind-genome-work/ecoli26k/v1/run-host-structure-1000/host-structure-1000-v1-run/views/GCF_006236345.1.fa /mnt/nvme3n1/erikg/phind-genome-work/ecoli26k/v1/run-host-structure-1000/host-structure-1000-v1-run/views/GCF_004568995.1.fa /mnt/nvme3n1/erikg/phind-genome-work/ecoli26k/v1/run-host-structure-1000/host-structure-1000-v1-run/views/GCF_006542965.1.fa /mnt/nvme3n1/erikg/phind-genome-work/ecoli26k/v1/run-host-structure-1000/host-structure-1000-v1-run/views/GCF_003302025.1.fa /mnt/nvme3n1/erikg/phind-genome-work/ecoli26k/v1/run-host-structure-1000/host-structure-1000-v1-run/views/GCF_002244095.1.fa /mnt/nvme3n1/erikg/phind-genome-work/ecoli26k/v1/run-host-structure-1000/host-structure-1000-v1-run/views/GCF_002886295.1.fa
core-map-L010-alternative_reference	2.941465	0	/mnt/nvme3n1/erikg/phind-genome-work/ecoli26k/v1/run-host-structure-1000/host-structure-1000-v1-run/tools/bin/minimap2 -x asm5 -c --secondary=no -t 8 /mnt/nvme3n1/erikg/phind-genome-work/ecoli26k/v1/run-host-structure-1000/host-structure-1000-v1-run/views/GCF_006236345.1.fa /mnt/nvme3n1/erikg/phind-genome-work/ecoli26k/v1/run-host-structure-1000/host-structure-1000-v1-run/views/GCF_003317605.1.fa /mnt/nvme3n1/erikg/phind-genome-work/ecoli26k/v1/run-host-structure-1000/host-structure-1000-v1-run/views/GCF_001621575.1.fa /mnt/nvme3n1/erikg/phind-genome-work/ecoli26k/v1/run-host-structure-1000/host-structure-1000-v1-run/views/GCF_006236345.1.fa /mnt/nvme3n1/erikg/phind-genome-work/ecoli26k/v1/run-host-structure-1000/host-structure-1000-v1-run/views/GCF_004568995.1.fa /mnt/nvme3n1/erikg/phind-genome-work/ecoli26k/v1/run-host-structure-1000/host-structure-1000-v1-run/views/GCF_006542965.1.fa /mnt/nvme3n1/erikg/phind-genome-work/ecoli26k/v1/run-host-structure-1000/host-structure-1000-v1-run/views/GCF_003302025.1.fa /mnt/nvme3n1/erikg/phind-genome-work/ecoli26k/v1/run-host-structure-1000/host-structure-1000-v1-run/views/GCF_002244095.1.fa /mnt/nvme3n1/erikg/phind-genome-work/ecoli26k/v1/run-host-structure-1000/host-structure-1000-v1-run/views/GCF_002886295.1.fa
core-map-L003-primary_reference	2.690778	0	/mnt/nvme3n1/erikg/phind-genome-work/ecoli26k/v1/run-host-structure-1000/host-structure-1000-v1-run/tools/bin/minimap2 -x asm5 -c --secondary=no -t 8 /mnt/nvme3n1/erikg/phind-genome-work/ecoli26k/v1/run-host-structure-1000/host-structure-1000-v1-run/views/GCF_013391275.1.fa /mnt/nvme3n1/erikg/phind-genome-work/ecoli26k/v1/run-host-structure-1000/host-structure-1000-v1-run/views/GCF_013391275.1.fa /mnt/nvme3n1/erikg/phind-genome-work/ecoli26k/v1/run-host-structure-1000/host-structure-1000-v1-run/views/GCF_005384845.1.fa /mnt/nvme3n1/erikg/phind-genome-work/ecoli26k/v1/run-host-structure-1000/host-structure-1000-v1-run/views/GCF_000355215.2.fa /mnt/nvme3n1/erikg/phind-genome-work/ecoli26k/v1/run-host-structure-1000/host-structure-1000-v1-run/views/GCF_002511115.1.fa /mnt/nvme3n1/erikg/phind-genome-work/ecoli26k/v1/run-host-structure-1000/host-structure-1000-v1-run/views/GCF_009795315.1.fa /mnt/nvme3n1/erikg/phind-genome-work/ecoli26k/v1/run-host-structure-1000/host-structure-1000-v1-run/views/GCF_003357405.1.fa /mnt/nvme3n1/erikg/phind-genome-work/ecoli26k/v1/run-host-structure-1000/host-structure-1000-v1-run/views/GCF_000358715.2.fa /mnt/nvme3n1/erikg/phind-genome-work/ecoli26k/v1/run-host-structure-1000/host-structure-1000-v1-run/views/GCF_000781435.1.fa
core-map-L003-alternative_reference	2.875976	0	/mnt/nvme3n1/erikg/phind-genome-work/ecoli26k/v1/run-host-structure-1000/host-structure-1000-v1-run/tools/bin/minimap2 -x asm5 -c --secondary=no -t 8 /mnt/nvme3n1/erikg/phind-genome-work/ecoli26k/v1/run-host-structure-1000/host-structure-1000-v1-run/views/GCF_000355215.2.fa /mnt/nvme3n1/erikg/phind-genome-work/ecoli26k/v1/run-host-structure-1000/host-structure-1000-v1-run/views/GCF_013391275.1.fa /mnt/nvme3n1/erikg/phind-genome-work/ecoli26k/v1/run-host-structure-1000/host-structure-1000-v1-run/views/GCF_005384845.1.fa /mnt/nvme3n1/erikg/phind-genome-work/ecoli26k/v1/run-host-structure-1000/host-structure-1000-v1-run/views/GCF_000355215.2.fa /mnt/nvme3n1/erikg/phind-genome-work/ecoli26k/v1/run-host-structure-1000/host-structure-1000-v1-run/views/GCF_002511115.1.fa /mnt/nvme3n1/erikg/phind-genome-work/ecoli26k/v1/run-host-structure-1000/host-structure-1000-v1-run/views/GCF_009795315.1.fa /mnt/nvme3n1/erikg/phind-genome-work/ecoli26k/v1/run-host-structure-1000/host-structure-1000-v1-run/views/GCF_003357405.1.fa /mnt/nvme3n1/erikg/phind-genome-work/ecoli26k/v1/run-host-structure-1000/host-structure-1000-v1-run/views/GCF_000358715.2.fa /mnt/nvme3n1/erikg/phind-genome-work/ecoli26k/v1/run-host-structure-1000/host-structure-1000-v1-run/views/GCF_000781435.1.fa
core-map-L004-primary_reference	2.793453	0	/mnt/nvme3n1/erikg/phind-genome-work/ecoli26k/v1/run-host-structure-1000/host-structure-1000-v1-run/tools/bin/minimap2 -x asm5 -c --secondary=no -t 8 /mnt/nvme3n1/erikg/phind-genome-work/ecoli26k/v1/run-host-structure-1000/host-structure-1000-v1-run/views/GCF_015163255.1.fa /mnt/nvme3n1/erikg/phind-genome-work/ecoli26k/v1/run-host-structure-1000/host-structure-1000-v1-run/views/GCF_015163255.1.fa /mnt/nvme3n1/erikg/phind-genome-work/ecoli26k/v1/run-host-structure-1000/host-structure-1000-v1-run/views/GCF_011077775.1.fa /mnt/nvme3n1/erikg/phind-genome-work/ecoli26k/v1/run-host-structure-1000/host-structure-1000-v1-run/views/GCF_014862785.1.fa /mnt/nvme3n1/erikg/phind-genome-work/ecoli26k/v1/run-host-structure-1000/host-structure-1000-v1-run/views/GCF_002223485.1.fa /mnt/nvme3n1/erikg/phind-genome-work/ecoli26k/v1/run-host-structure-1000/host-structure-1000-v1-run/views/GCF_902705595.1.fa /mnt/nvme3n1/erikg/phind-genome-work/ecoli26k/v1/run-host-structure-1000/host-structure-1000-v1-run/views/GCF_001616285.1.fa /mnt/nvme3n1/erikg/phind-genome-work/ecoli26k/v1/run-host-structure-1000/host-structure-1000-v1-run/views/GCF_004380655.1.fa /mnt/nvme3n1/erikg/phind-genome-work/ecoli26k/v1/run-host-structure-1000/host-structure-1000-v1-run/views/GCF_002001975.1.fa
core-map-L004-alternative_reference	2.834197	0	/mnt/nvme3n1/erikg/phind-genome-work/ecoli26k/v1/run-host-structure-1000/host-structure-1000-v1-run/tools/bin/minimap2 -x asm5 -c --secondary=no -t 8 /mnt/nvme3n1/erikg/phind-genome-work/ecoli26k/v1/run-host-structure-1000/host-structure-1000-v1-run/views/GCF_014862785.1.fa /mnt/nvme3n1/erikg/phind-genome-work/ecoli26k/v1/run-host-structure-1000/host-structure-1000-v1-run/views/GCF_015163255.1.fa /mnt/nvme3n1/erikg/phind-genome-work/ecoli26k/v1/run-host-structure-1000/host-structure-1000-v1-run/views/GCF_011077775.1.fa /mnt/nvme3n1/erikg/phind-genome-work/ecoli26k/v1/run-host-structure-1000/host-structure-1000-v1-run/views/GCF_014862785.1.fa /mnt/nvme3n1/erikg/phind-genome-work/ecoli26k/v1/run-host-structure-1000/host-structure-1000-v1-run/views/GCF_002223485.1.fa /mnt/nvme3n1/erikg/phind-genome-work/ecoli26k/v1/run-host-structure-1000/host-structure-1000-v1-run/views/GCF_902705595.1.fa /mnt/nvme3n1/erikg/phind-genome-work/ecoli26k/v1/run-host-structure-1000/host-structure-1000-v1-run/views/GCF_001616285.1.fa /mnt/nvme3n1/erikg/phind-genome-work/ecoli26k/v1/run-host-structure-1000/host-structure-1000-v1-run/views/GCF_004380655.1.fa /mnt/nvme3n1/erikg/phind-genome-work/ecoli26k/v1/run-host-structure-1000/host-structure-1000-v1-run/views/GCF_002001975.1.fa
core-map-L006-primary_reference	3.935583	0	/mnt/nvme3n1/erikg/phind-genome-work/ecoli26k/v1/run-host-structure-1000/host-structure-1000-v1-run/tools/bin/minimap2 -x asm5 -c --secondary=no -t 8 /mnt/nvme3n1/erikg/phind-genome-work/ecoli26k/v1/run-host-structure-1000/host-structure-1000-v1-run/views/GCF_002534845.1.fa /mnt/nvme3n1/erikg/phind-genome-work/ecoli26k/v1/run-host-structure-1000/host-structure-1000-v1-run/views/GCF_002534845.1.fa /mnt/nvme3n1/erikg/phind-genome-work/ecoli26k/v1/run-host-structure-1000/host-structure-1000-v1-run/views/GCF_907175235.1.fa /mnt/nvme3n1/erikg/phind-genome-work/ecoli26k/v1/run-host-structure-1000/host-structure-1000-v1-run/views/GCF_019890835.1.fa /mnt/nvme3n1/erikg/phind-genome-work/ecoli26k/v1/run-host-structure-1000/host-structure-1000-v1-run/views/GCF_007954255.1.fa /mnt/nvme3n1/erikg/phind-genome-work/ecoli26k/v1/run-host-structure-1000/host-structure-1000-v1-run/views/GCF_002540915.1.fa /mnt/nvme3n1/erikg/phind-genome-work/ecoli26k/v1/run-host-structure-1000/host-structure-1000-v1-run/views/GCF_005400245.1.fa /mnt/nvme3n1/erikg/phind-genome-work/ecoli26k/v1/run-host-structure-1000/host-structure-1000-v1-run/views/GCF_001058555.1.fa /mnt/nvme3n1/erikg/phind-genome-work/ecoli26k/v1/run-host-structure-1000/host-structure-1000-v1-run/views/GCF_003322245.1.fa
core-map-L006-alternative_reference	3.821322	0	/mnt/nvme3n1/erikg/phind-genome-work/ecoli26k/v1/run-host-structure-1000/host-structure-1000-v1-run/tools/bin/minimap2 -x asm5 -c --secondary=no -t 8 /mnt/nvme3n1/erikg/phind-genome-work/ecoli26k/v1/run-host-structure-1000/host-structure-1000-v1-run/views/GCF_019890835.1.fa /mnt/nvme3n1/erikg/phind-genome-work/ecoli26k/v1/run-host-structure-1000/host-structure-1000-v1-run/views/GCF_002534845.1.fa /mnt/nvme3n1/erikg/phind-genome-work/ecoli26k/v1/run-host-structure-1000/host-structure-1000-v1-run/views/GCF_907175235.1.fa /mnt/nvme3n1/erikg/phind-genome-work/ecoli26k/v1/run-host-structure-1000/host-structure-1000-v1-run/views/GCF_019890835.1.fa /mnt/nvme3n1/erikg/phind-genome-work/ecoli26k/v1/run-host-structure-1000/host-structure-1000-v1-run/views/GCF_007954255.1.fa /mnt/nvme3n1/erikg/phind-genome-work/ecoli26k/v1/run-host-structure-1000/host-structure-1000-v1-run/views/GCF_002540915.1.fa /mnt/nvme3n1/erikg/phind-genome-work/ecoli26k/v1/run-host-structure-1000/host-structure-1000-v1-run/views/GCF_005400245.1.fa /mnt/nvme3n1/erikg/phind-genome-work/ecoli26k/v1/run-host-structure-1000/host-structure-1000-v1-run/views/GCF_001058555.1.fa /mnt/nvme3n1/erikg/phind-genome-work/ecoli26k/v1/run-host-structure-1000/host-structure-1000-v1-run/views/GCF_003322245.1.fa
core-map-L008-primary_reference	7.206106	0	/mnt/nvme3n1/erikg/phind-genome-work/ecoli26k/v1/run-host-structure-1000/host-structure-1000-v1-run/tools/bin/minimap2 -x asm5 -c --secondary=no -t 8 /mnt/nvme3n1/erikg/phind-genome-work/ecoli26k/v1/run-host-structure-1000/host-structure-1000-v1-run/views/GCF_002806795.1.fa /mnt/nvme3n1/erikg/phind-genome-work/ecoli26k/v1/run-host-structure-1000/host-structure-1000-v1-run/views/GCF_002806795.1.fa /mnt/nvme3n1/erikg/phind-genome-work/ecoli26k/v1/run-host-structure-1000/host-structure-1000-v1-run/views/GCF_000305415.2.fa /mnt/nvme3n1/erikg/phind-genome-work/ecoli26k/v1/run-host-structure-1000/host-structure-1000-v1-run/views/GCF_003361965.1.fa /mnt/nvme3n1/erikg/phind-genome-work/ecoli26k/v1/run-host-structure-1000/host-structure-1000-v1-run/views/GCF_002486525.1.fa /mnt/nvme3n1/erikg/phind-genome-work/ecoli26k/v1/run-host-structure-1000/host-structure-1000-v1-run/views/GCF_002194865.1.fa /mnt/nvme3n1/erikg/phind-genome-work/ecoli26k/v1/run-host-structure-1000/host-structure-1000-v1-run/views/GCF_002486725.1.fa /mnt/nvme3n1/erikg/phind-genome-work/ecoli26k/v1/run-host-structure-1000/host-structure-1000-v1-run/views/GCF_000006665.1.fa /mnt/nvme3n1/erikg/phind-genome-work/ecoli26k/v1/run-host-structure-1000/host-structure-1000-v1-run/views/GCF_001806265.1.fa
core-map-L008-alternative_reference	6.369011	0	/mnt/nvme3n1/erikg/phind-genome-work/ecoli26k/v1/run-host-structure-1000/host-structure-1000-v1-run/tools/bin/minimap2 -x asm5 -c --secondary=no -t 8 /mnt/nvme3n1/erikg/phind-genome-work/ecoli26k/v1/run-host-structure-1000/host-structure-1000-v1-run/views/GCF_003361965.1.fa /mnt/nvme3n1/erikg/phind-genome-work/ecoli26k/v1/run-host-structure-1000/host-structure-1000-v1-run/views/GCF_002806795.1.fa /mnt/nvme3n1/erikg/phind-genome-work/ecoli26k/v1/run-host-structure-1000/host-structure-1000-v1-run/views/GCF_000305415.2.fa /mnt/nvme3n1/erikg/phind-genome-work/ecoli26k/v1/run-host-structure-1000/host-structure-1000-v1-run/views/GCF_003361965.1.fa /mnt/nvme3n1/erikg/phind-genome-work/ecoli26k/v1/run-host-structure-1000/host-structure-1000-v1-run/views/GCF_002486525.1.fa /mnt/nvme3n1/erikg/phind-genome-work/ecoli26k/v1/run-host-structure-1000/host-structure-1000-v1-run/views/GCF_002194865.1.fa /mnt/nvme3n1/erikg/phind-genome-work/ecoli26k/v1/run-host-structure-1000/host-structure-1000-v1-run/views/GCF_002486725.1.fa /mnt/nvme3n1/erikg/phind-genome-work/ecoli26k/v1/run-host-structure-1000/host-structure-1000-v1-run/views/GCF_000006665.1.fa /mnt/nvme3n1/erikg/phind-genome-work/ecoli26k/v1/run-host-structure-1000/host-structure-1000-v1-run/views/GCF_001806265.1.fa
core-map-L009-primary_reference	5.301009	0	/mnt/nvme3n1/erikg/phind-genome-work/ecoli26k/v1/run-host-structure-1000/host-structure-1000-v1-run/tools/bin/minimap2 -x asm5 -c --secondary=no -t 8 /mnt/nvme3n1/erikg/phind-genome-work/ecoli26k/v1/run-host-structure-1000/host-structure-1000-v1-run/views/GCF_001520375.1.fa /mnt/nvme3n1/erikg/phind-genome-work/ecoli26k/v1/run-host-structure-1000/host-structure-1000-v1-run/views/GCF_001520375.1.fa /mnt/nvme3n1/erikg/phind-genome-work/ecoli26k/v1/run-host-structure-1000/host-structure-1000-v1-run/views/GCF_907177115.1.fa /mnt/nvme3n1/erikg/phind-genome-work/ecoli26k/v1/run-host-structure-1000/host-structure-1000-v1-run/views/GCF_017162875.1.fa /mnt/nvme3n1/erikg/phind-genome-work/ecoli26k/v1/run-host-structure-1000/host-structure-1000-v1-run/views/GCF_902668645.1.fa /mnt/nvme3n1/erikg/phind-genome-work/ecoli26k/v1/run-host-structure-1000/host-structure-1000-v1-run/views/GCF_000459215.1.fa /mnt/nvme3n1/erikg/phind-genome-work/ecoli26k/v1/run-host-structure-1000/host-structure-1000-v1-run/views/GCF_000350625.1.fa /mnt/nvme3n1/erikg/phind-genome-work/ecoli26k/v1/run-host-structure-1000/host-structure-1000-v1-run/views/GCF_000418675.1.fa /mnt/nvme3n1/erikg/phind-genome-work/ecoli26k/v1/run-host-structure-1000/host-structure-1000-v1-run/views/GCF_008041205.1.fa
core-map-L009-alternative_reference	5.936346	0	/mnt/nvme3n1/erikg/phind-genome-work/ecoli26k/v1/run-host-structure-1000/host-structure-1000-v1-run/tools/bin/minimap2 -x asm5 -c --secondary=no -t 8 /mnt/nvme3n1/erikg/phind-genome-work/ecoli26k/v1/run-host-structure-1000/host-structure-1000-v1-run/views/GCF_017162875.1.fa /mnt/nvme3n1/erikg/phind-genome-work/ecoli26k/v1/run-host-structure-1000/host-structure-1000-v1-run/views/GCF_001520375.1.fa /mnt/nvme3n1/erikg/phind-genome-work/ecoli26k/v1/run-host-structure-1000/host-structure-1000-v1-run/views/GCF_907177115.1.fa /mnt/nvme3n1/erikg/phind-genome-work/ecoli26k/v1/run-host-structure-1000/host-structure-1000-v1-run/views/GCF_017162875.1.fa /mnt/nvme3n1/erikg/phind-genome-work/ecoli26k/v1/run-host-structure-1000/host-structure-1000-v1-run/views/GCF_902668645.1.fa /mnt/nvme3n1/erikg/phind-genome-work/ecoli26k/v1/run-host-structure-1000/host-structure-1000-v1-run/views/GCF_000459215.1.fa /mnt/nvme3n1/erikg/phind-genome-work/ecoli26k/v1/run-host-structure-1000/host-structure-1000-v1-run/views/GCF_000350625.1.fa /mnt/nvme3n1/erikg/phind-genome-work/ecoli26k/v1/run-host-structure-1000/host-structure-1000-v1-run/views/GCF_000418675.1.fa /mnt/nvme3n1/erikg/phind-genome-work/ecoli26k/v1/run-host-structure-1000/host-structure-1000-v1-run/views/GCF_008041205.1.fa
core-map-L010-primary_reference	2.829467	0	/mnt/nvme3n1/erikg/phind-genome-work/ecoli26k/v1/run-host-structure-1000/host-structure-1000-v1-run/tools/bin/minimap2 -x asm5 -c --secondary=no -t 8 /mnt/nvme3n1/erikg/phind-genome-work/ecoli26k/v1/run-host-structure-1000/host-structure-1000-v1-run/views/GCF_003317605.1.fa /mnt/nvme3n1/erikg/phind-genome-work/ecoli26k/v1/run-host-structure-1000/host-structure-1000-v1-run/views/GCF_003317605.1.fa /mnt/nvme3n1/erikg/phind-genome-work/ecoli26k/v1/run-host-structure-1000/host-structure-1000-v1-run/views/GCF_001621575.1.fa /mnt/nvme3n1/erikg/phind-genome-work/ecoli26k/v1/run-host-structure-1000/host-structure-1000-v1-run/views/GCF_006236345.1.fa /mnt/nvme3n1/erikg/phind-genome-work/ecoli26k/v1/run-host-structure-1000/host-structure-1000-v1-run/views/GCF_004568995.1.fa /mnt/nvme3n1/erikg/phind-genome-work/ecoli26k/v1/run-host-structure-1000/host-structure-1000-v1-run/views/GCF_006542965.1.fa /mnt/nvme3n1/erikg/phind-genome-work/ecoli26k/v1/run-host-structure-1000/host-structure-1000-v1-run/views/GCF_003302025.1.fa /mnt/nvme3n1/erikg/phind-genome-work/ecoli26k/v1/run-host-structure-1000/host-structure-1000-v1-run/views/GCF_002244095.1.fa /mnt/nvme3n1/erikg/phind-genome-work/ecoli26k/v1/run-host-structure-1000/host-structure-1000-v1-run/views/GCF_002886295.1.fa
core-map-L010-alternative_reference	3.007980	0	/mnt/nvme3n1/erikg/phind-genome-work/ecoli26k/v1/run-host-structure-1000/host-structure-1000-v1-run/tools/bin/minimap2 -x asm5 -c --secondary=no -t 8 /mnt/nvme3n1/erikg/phind-genome-work/ecoli26k/v1/run-host-structure-1000/host-structure-1000-v1-run/views/GCF_006236345.1.fa /mnt/nvme3n1/erikg/phind-genome-work/ecoli26k/v1/run-host-structure-1000/host-structure-1000-v1-run/views/GCF_003317605.1.fa /mnt/nvme3n1/erikg/phind-genome-work/ecoli26k/v1/run-host-structure-1000/host-structure-1000-v1-run/views/GCF_001621575.1.fa /mnt/nvme3n1/erikg/phind-genome-work/ecoli26k/v1/run-host-structure-1000/host-structure-1000-v1-run/views/GCF_006236345.1.fa /mnt/nvme3n1/erikg/phind-genome-work/ecoli26k/v1/run-host-structure-1000/host-structure-1000-v1-run/views/GCF_004568995.1.fa /mnt/nvme3n1/erikg/phind-genome-work/ecoli26k/v1/run-host-structure-1000/host-structure-1000-v1-run/views/GCF_006542965.1.fa /mnt/nvme3n1/erikg/phind-genome-work/ecoli26k/v1/run-host-structure-1000/host-structure-1000-v1-run/views/GCF_003302025.1.fa /mnt/nvme3n1/erikg/phind-genome-work/ecoli26k/v1/run-host-structure-1000/host-structure-1000-v1-run/views/GCF_002244095.1.fa /mnt/nvme3n1/erikg/phind-genome-work/ecoli26k/v1/run-host-structure-1000/host-structure-1000-v1-run/views/GCF_002886295.1.fa
core-map-L011-primary_reference	2.816366	0	/mnt/nvme3n1/erikg/phind-genome-work/ecoli26k/v1/run-host-structure-1000/host-structure-1000-v1-run/tools/bin/minimap2 -x asm5 -c --secondary=no -t 8 /mnt/nvme3n1/erikg/phind-genome-work/ecoli26k/v1/run-host-structure-1000/host-structure-1000-v1-run/views/GCF_009910875.1.fa /mnt/nvme3n1/erikg/phind-genome-work/ecoli26k/v1/run-host-structure-1000/host-structure-1000-v1-run/views/GCF_009910875.1.fa /mnt/nvme3n1/erikg/phind-genome-work/ecoli26k/v1/run-host-structure-1000/host-structure-1000-v1-run/views/GCF_013608825.1.fa /mnt/nvme3n1/erikg/phind-genome-work/ecoli26k/v1/run-host-structure-1000/host-structure-1000-v1-run/views/GCF_006233045.1.fa /mnt/nvme3n1/erikg/phind-genome-work/ecoli26k/v1/run-host-structure-1000/host-structure-1000-v1-run/views/GCF_006233325.1.fa /mnt/nvme3n1/erikg/phind-genome-work/ecoli26k/v1/run-host-structure-1000/host-structure-1000-v1-run/views/GCF_003292385.1.fa /mnt/nvme3n1/erikg/phind-genome-work/ecoli26k/v1/run-host-structure-1000/host-structure-1000-v1-run/views/GCF_002155505.1.fa /mnt/nvme3n1/erikg/phind-genome-work/ecoli26k/v1/run-host-structure-1000/host-structure-1000-v1-run/views/GCF_018444005.1.fa /mnt/nvme3n1/erikg/phind-genome-work/ecoli26k/v1/run-host-structure-1000/host-structure-1000-v1-run/views/GCF_001638135.1.fa
core-map-L011-alternative_reference	3.076916	0	/mnt/nvme3n1/erikg/phind-genome-work/ecoli26k/v1/run-host-structure-1000/host-structure-1000-v1-run/tools/bin/minimap2 -x asm5 -c --secondary=no -t 8 /mnt/nvme3n1/erikg/phind-genome-work/ecoli26k/v1/run-host-structure-1000/host-structure-1000-v1-run/views/GCF_013608825.1.fa /mnt/nvme3n1/erikg/phind-genome-work/ecoli26k/v1/run-host-structure-1000/host-structure-1000-v1-run/views/GCF_009910875.1.fa /mnt/nvme3n1/erikg/phind-genome-work/ecoli26k/v1/run-host-structure-1000/host-structure-1000-v1-run/views/GCF_013608825.1.fa /mnt/nvme3n1/erikg/phind-genome-work/ecoli26k/v1/run-host-structure-1000/host-structure-1000-v1-run/views/GCF_006233045.1.fa /mnt/nvme3n1/erikg/phind-genome-work/ecoli26k/v1/run-host-structure-1000/host-structure-1000-v1-run/views/GCF_006233325.1.fa /mnt/nvme3n1/erikg/phind-genome-work/ecoli26k/v1/run-host-structure-1000/host-structure-1000-v1-run/views/GCF_003292385.1.fa /mnt/nvme3n1/erikg/phind-genome-work/ecoli26k/v1/run-host-structure-1000/host-structure-1000-v1-run/views/GCF_002155505.1.fa /mnt/nvme3n1/erikg/phind-genome-work/ecoli26k/v1/run-host-structure-1000/host-structure-1000-v1-run/views/GCF_018444005.1.fa /mnt/nvme3n1/erikg/phind-genome-work/ecoli26k/v1/run-host-structure-1000/host-structure-1000-v1-run/views/GCF_001638135.1.fa
core-map-L012-primary_reference	3.905738	0	/mnt/nvme3n1/erikg/phind-genome-work/ecoli26k/v1/run-host-structure-1000/host-structure-1000-v1-run/tools/bin/minimap2 -x asm5 -c --secondary=no -t 8 /mnt/nvme3n1/erikg/phind-genome-work/ecoli26k/v1/run-host-structure-1000/host-structure-1000-v1-run/views/GCF_000807565.1.fa /mnt/nvme3n1/erikg/phind-genome-work/ecoli26k/v1/run-host-structure-1000/host-structure-1000-v1-run/views/GCF_000807565.1.fa /mnt/nvme3n1/erikg/phind-genome-work/ecoli26k/v1/run-host-structure-1000/host-structure-1000-v1-run/views/GCF_013030915.1.fa /mnt/nvme3n1/erikg/phind-genome-work/ecoli26k/v1/run-host-structure-1000/host-structure-1000-v1-run/views/GCF_016905495.1.fa /mnt/nvme3n1/erikg/phind-genome-work/ecoli26k/v1/run-host-structure-1000/host-structure-1000-v1-run/views/GCF_002226425.1.fa /mnt/nvme3n1/erikg/phind-genome-work/ecoli26k/v1/run-host-structure-1000/host-structure-1000-v1-run/views/GCF_014262945.1.fa /mnt/nvme3n1/erikg/phind-genome-work/ecoli26k/v1/run-host-structure-1000/host-structure-1000-v1-run/views/GCF_000351485.1.fa /mnt/nvme3n1/erikg/phind-genome-work/ecoli26k/v1/run-host-structure-1000/host-structure-1000-v1-run/views/GCF_008389115.1.fa /mnt/nvme3n1/erikg/phind-genome-work/ecoli26k/v1/run-host-structure-1000/host-structure-1000-v1-run/views/GCF_000460915.1.fa
core-map-L012-alternative_reference	4.713782	0	/mnt/nvme3n1/erikg/phind-genome-work/ecoli26k/v1/run-host-structure-1000/host-structure-1000-v1-run/tools/bin/minimap2 -x asm5 -c --secondary=no -t 8 /mnt/nvme3n1/erikg/phind-genome-work/ecoli26k/v1/run-host-structure-1000/host-structure-1000-v1-run/views/GCF_016905495.1.fa /mnt/nvme3n1/erikg/phind-genome-work/ecoli26k/v1/run-host-structure-1000/host-structure-1000-v1-run/views/GCF_000807565.1.fa /mnt/nvme3n1/erikg/phind-genome-work/ecoli26k/v1/run-host-structure-1000/host-structure-1000-v1-run/views/GCF_013030915.1.fa /mnt/nvme3n1/erikg/phind-genome-work/ecoli26k/v1/run-host-structure-1000/host-structure-1000-v1-run/views/GCF_016905495.1.fa /mnt/nvme3n1/erikg/phind-genome-work/ecoli26k/v1/run-host-structure-1000/host-structure-1000-v1-run/views/GCF_002226425.1.fa /mnt/nvme3n1/erikg/phind-genome-work/ecoli26k/v1/run-host-structure-1000/host-structure-1000-v1-run/views/GCF_014262945.1.fa /mnt/nvme3n1/erikg/phind-genome-work/ecoli26k/v1/run-host-structure-1000/host-structure-1000-v1-run/views/GCF_000351485.1.fa /mnt/nvme3n1/erikg/phind-genome-work/ecoli26k/v1/run-host-structure-1000/host-structure-1000-v1-run/views/GCF_008389115.1.fa /mnt/nvme3n1/erikg/phind-genome-work/ecoli26k/v1/run-host-structure-1000/host-structure-1000-v1-run/views/GCF_000460915.1.fa
core-map-L013-primary_reference	3.394281	0	/mnt/nvme3n1/erikg/phind-genome-work/ecoli26k/v1/run-host-structure-1000/host-structure-1000-v1-run/tools/bin/minimap2 -x asm5 -c --secondary=no -t 8 /mnt/nvme3n1/erikg/phind-genome-work/ecoli26k/v1/run-host-structure-1000/host-structure-1000-v1-run/views/GCF_900481955.1.fa /mnt/nvme3n1/erikg/phind-genome-work/ecoli26k/v1/run-host-structure-1000/host-structure-1000-v1-run/views/GCF_900481955.1.fa /mnt/nvme3n1/erikg/phind-genome-work/ecoli26k/v1/run-host-structure-1000/host-structure-1000-v1-run/views/GCF_003318595.1.fa /mnt/nvme3n1/erikg/phind-genome-work/ecoli26k/v1/run-host-structure-1000/host-structure-1000-v1-run/views/GCF_900480865.1.fa /mnt/nvme3n1/erikg/phind-genome-work/ecoli26k/v1/run-host-structure-1000/host-structure-1000-v1-run/views/GCF_013183145.1.fa /mnt/nvme3n1/erikg/phind-genome-work/ecoli26k/v1/run-host-structure-1000/host-structure-1000-v1-run/views/GCF_900481725.1.fa /mnt/nvme3n1/erikg/phind-genome-work/ecoli26k/v1/run-host-structure-1000/host-structure-1000-v1-run/views/GCF_004960325.1.fa /mnt/nvme3n1/erikg/phind-genome-work/ecoli26k/v1/run-host-structure-1000/host-structure-1000-v1-run/views/GCF_003014845.1.fa /mnt/nvme3n1/erikg/phind-genome-work/ecoli26k/v1/run-host-structure-1000/host-structure-1000-v1-run/views/GCF_002154285.1.fa
core-map-L013-alternative_reference	3.451320	0	/mnt/nvme3n1/erikg/phind-genome-work/ecoli26k/v1/run-host-structure-1000/host-structure-1000-v1-run/tools/bin/minimap2 -x asm5 -c --secondary=no -t 8 /mnt/nvme3n1/erikg/phind-genome-work/ecoli26k/v1/run-host-structure-1000/host-structure-1000-v1-run/views/GCF_900480865.1.fa /mnt/nvme3n1/erikg/phind-genome-work/ecoli26k/v1/run-host-structure-1000/host-structure-1000-v1-run/views/GCF_900481955.1.fa /mnt/nvme3n1/erikg/phind-genome-work/ecoli26k/v1/run-host-structure-1000/host-structure-1000-v1-run/views/GCF_003318595.1.fa /mnt/nvme3n1/erikg/phind-genome-work/ecoli26k/v1/run-host-structure-1000/host-structure-1000-v1-run/views/GCF_900480865.1.fa /mnt/nvme3n1/erikg/phind-genome-work/ecoli26k/v1/run-host-structure-1000/host-structure-1000-v1-run/views/GCF_013183145.1.fa /mnt/nvme3n1/erikg/phind-genome-work/ecoli26k/v1/run-host-structure-1000/host-structure-1000-v1-run/views/GCF_900481725.1.fa /mnt/nvme3n1/erikg/phind-genome-work/ecoli26k/v1/run-host-structure-1000/host-structure-1000-v1-run/views/GCF_004960325.1.fa /mnt/nvme3n1/erikg/phind-genome-work/ecoli26k/v1/run-host-structure-1000/host-structure-1000-v1-run/views/GCF_003014845.1.fa /mnt/nvme3n1/erikg/phind-genome-work/ecoli26k/v1/run-host-structure-1000/host-structure-1000-v1-run/views/GCF_002154285.1.fa
core-map-L014-primary_reference	4.079473	0	/mnt/nvme3n1/erikg/phind-genome-work/ecoli26k/v1/run-host-structure-1000/host-structure-1000-v1-run/tools/bin/minimap2 -x asm5 -c --secondary=no -t 8 /mnt/nvme3n1/erikg/phind-genome-work/ecoli26k/v1/run-host-structure-1000/host-structure-1000-v1-run/views/GCF_009880335.1.fa /mnt/nvme3n1/erikg/phind-genome-work/ecoli26k/v1/run-host-structure-1000/host-structure-1000-v1-run/views/GCF_009880335.1.fa /mnt/nvme3n1/erikg/phind-genome-work/ecoli26k/v1/run-host-structure-1000/host-structure-1000-v1-run/views/GCF_020216345.1.fa /mnt/nvme3n1/erikg/phind-genome-work/ecoli26k/v1/run-host-structure-1000/host-structure-1000-v1-run/views/GCF_002456505.1.fa /mnt/nvme3n1/erikg/phind-genome-work/ecoli26k/v1/run-host-structure-1000/host-structure-1000-v1-run/views/GCF_009880525.1.fa /mnt/nvme3n1/erikg/phind-genome-work/ecoli26k/v1/run-host-structure-1000/host-structure-1000-v1-run/views/GCF_009910465.1.fa /mnt/nvme3n1/erikg/phind-genome-work/ecoli26k/v1/run-host-structure-1000/host-structure-1000-v1-run/views/GCF_009882665.1.fa /mnt/nvme3n1/erikg/phind-genome-work/ecoli26k/v1/run-host-structure-1000/host-structure-1000-v1-run/views/GCF_002226635.1.fa /mnt/nvme3n1/erikg/phind-genome-work/ecoli26k/v1/run-host-structure-1000/host-structure-1000-v1-run/views/GCF_011045235.1.fa
core-map-L014-alternative_reference	4.858784	0	/mnt/nvme3n1/erikg/phind-genome-work/ecoli26k/v1/run-host-structure-1000/host-structure-1000-v1-run/tools/bin/minimap2 -x asm5 -c --secondary=no -t 8 /mnt/nvme3n1/erikg/phind-genome-work/ecoli26k/v1/run-host-structure-1000/host-structure-1000-v1-run/views/GCF_002456505.1.fa /mnt/nvme3n1/erikg/phind-genome-work/ecoli26k/v1/run-host-structure-1000/host-structure-1000-v1-run/views/GCF_009880335.1.fa /mnt/nvme3n1/erikg/phind-genome-work/ecoli26k/v1/run-host-structure-1000/host-structure-1000-v1-run/views/GCF_020216345.1.fa /mnt/nvme3n1/erikg/phind-genome-work/ecoli26k/v1/run-host-structure-1000/host-structure-1000-v1-run/views/GCF_002456505.1.fa /mnt/nvme3n1/erikg/phind-genome-work/ecoli26k/v1/run-host-structure-1000/host-structure-1000-v1-run/views/GCF_009880525.1.fa /mnt/nvme3n1/erikg/phind-genome-work/ecoli26k/v1/run-host-structure-1000/host-structure-1000-v1-run/views/GCF_009910465.1.fa /mnt/nvme3n1/erikg/phind-genome-work/ecoli26k/v1/run-host-structure-1000/host-structure-1000-v1-run/views/GCF_009882665.1.fa /mnt/nvme3n1/erikg/phind-genome-work/ecoli26k/v1/run-host-structure-1000/host-structure-1000-v1-run/views/GCF_002226635.1.fa /mnt/nvme3n1/erikg/phind-genome-work/ecoli26k/v1/run-host-structure-1000/host-structure-1000-v1-run/views/GCF_011045235.1.fa
core-map-L016-primary_reference	6.212953	0	/mnt/nvme3n1/erikg/phind-genome-work/ecoli26k/v1/run-host-structure-1000/host-structure-1000-v1-run/tools/bin/minimap2 -x asm5 -c --secondary=no -t 8 /mnt/nvme3n1/erikg/phind-genome-work/ecoli26k/v1/run-host-structure-1000/host-structure-1000-v1-run/views/GCF_000692515.1.fa /mnt/nvme3n1/erikg/phind-genome-work/ecoli26k/v1/run-host-structure-1000/host-structure-1000-v1-run/views/GCF_000692515.1.fa /mnt/nvme3n1/erikg/phind-genome-work/ecoli26k/v1/run-host-structure-1000/host-structure-1000-v1-run/views/GCF_019104435.1.fa /mnt/nvme3n1/erikg/phind-genome-work/ecoli26k/v1/run-host-structure-1000/host-structure-1000-v1-run/views/GCF_006542825.1.fa /mnt/nvme3n1/erikg/phind-genome-work/ecoli26k/v1/run-host-structure-1000/host-structure-1000-v1-run/views/GCF_014169415.1.fa /mnt/nvme3n1/erikg/phind-genome-work/ecoli26k/v1/run-host-structure-1000/host-structure-1000-v1-run/views/GCF_009799765.1.fa /mnt/nvme3n1/erikg/phind-genome-work/ecoli26k/v1/run-host-structure-1000/host-structure-1000-v1-run/views/GCF_003323015.1.fa /mnt/nvme3n1/erikg/phind-genome-work/ecoli26k/v1/run-host-structure-1000/host-structure-1000-v1-run/views/GCF_905330275.1.fa /mnt/nvme3n1/erikg/phind-genome-work/ecoli26k/v1/run-host-structure-1000/host-structure-1000-v1-run/views/GCF_016123895.1.fa
core-map-L016-alternative_reference	6.679156	0	/mnt/nvme3n1/erikg/phind-genome-work/ecoli26k/v1/run-host-structure-1000/host-structure-1000-v1-run/tools/bin/minimap2 -x asm5 -c --secondary=no -t 8 /mnt/nvme3n1/erikg/phind-genome-work/ecoli26k/v1/run-host-structure-1000/host-structure-1000-v1-run/views/GCF_019104435.1.fa /mnt/nvme3n1/erikg/phind-genome-work/ecoli26k/v1/run-host-structure-1000/host-structure-1000-v1-run/views/GCF_000692515.1.fa /mnt/nvme3n1/erikg/phind-genome-work/ecoli26k/v1/run-host-structure-1000/host-structure-1000-v1-run/views/GCF_019104435.1.fa /mnt/nvme3n1/erikg/phind-genome-work/ecoli26k/v1/run-host-structure-1000/host-structure-1000-v1-run/views/GCF_006542825.1.fa /mnt/nvme3n1/erikg/phind-genome-work/ecoli26k/v1/run-host-structure-1000/host-structure-1000-v1-run/views/GCF_014169415.1.fa /mnt/nvme3n1/erikg/phind-genome-work/ecoli26k/v1/run-host-structure-1000/host-structure-1000-v1-run/views/GCF_009799765.1.fa /mnt/nvme3n1/erikg/phind-genome-work/ecoli26k/v1/run-host-structure-1000/host-structure-1000-v1-run/views/GCF_003323015.1.fa /mnt/nvme3n1/erikg/phind-genome-work/ecoli26k/v1/run-host-structure-1000/host-structure-1000-v1-run/views/GCF_905330275.1.fa /mnt/nvme3n1/erikg/phind-genome-work/ecoli26k/v1/run-host-structure-1000/host-structure-1000-v1-run/views/GCF_016123895.1.fa
