clade_id	target_len	source	n_aai	n_members
0_0000	61037	checkv_aai_median	100	100
0_0001	43616	checkv_aai_median	100	100
0_0002	61042	checkv_aai_median	100	100
0_0003	61105	checkv_aai_median	100	100
0_0004	61074	checkv_aai_median	100	100
0_0005	61046	checkv_aai_median	100	100
0_0006	61046	checkv_aai_median	100	100
0_0007	61067	checkv_aai_median	100	100
0_0008	51332	checkv_aai_median	100	100
0_0009	51332	checkv_aai_median	100	100
0_0010	51172	checkv_aai_median	100	100
0_0011	43615	checkv_aai_median	100	100
0_0012	42297	checkv_aai_median	100	100
0_0013	61244	checkv_aai_median	100	100
0_0014	51162	checkv_aai_median	100	100
0_0015	43616	checkv_aai_median	100	100
0_0016	51140	checkv_aai_median	100	100
0_0017	51113	checkv_aai_median	100	100
0_0018	61244	checkv_aai_median	100	100
0_0019	61284	checkv_aai_median	100	100
0_0020	51233	checkv_aai_median	100	100
0_0021	61363	checkv_aai_median	100	100
0_0022	51177	checkv_aai_median	100	100
0_0023	51177	checkv_aai_median	100	100
0_0024	43617	checkv_aai_median	100	100
0_0025	51116	checkv_aai_median	100	100
0_0026	61248	checkv_aai_median	100	100
0_0027	51137	checkv_aai_median	100	100
0_0028	51128	checkv_aai_median	100	100
0_0029	51120	checkv_aai_median	100	100
0_0030	54157	checkv_aai_median	100	100
0_0031	51357	checkv_aai_median	100	100
0_0032	42292	checkv_aai_median	100	100
0_0033	50714	checkv_aai_median	100	100
0_0034	50657	checkv_aai_median	100	100
0_0035	54157	checkv_aai_median	100	100
0_0036	50693	checkv_aai_median	100	100
0_0037	51438	checkv_aai_median	100	100
0_0038	49803	checkv_aai_median	100	100
0_0039	40190	checkv_aai_median	100	100
0_0040	60021	checkv_aai_median	100	100
0_0041	60021	checkv_aai_median	100	100
0_0042	60021	checkv_aai_median	100	100
0_0043	59952	checkv_aai_median	100	100
0_0044	51318	checkv_aai_median	100	100
0_0045	61300	checkv_aai_median	100	100
0_0046	61295	checkv_aai_median	100	100
0_0047	61298	checkv_aai_median	100	100
0_0048	50462	checkv_aai_median	100	100
0_0049	61288	checkv_aai_median	100	100
0_0050	61288	checkv_aai_median	100	100
0_0051	61288	checkv_aai_median	100	100
0_0052	61288	checkv_aai_median	100	100
0_0053	61288	checkv_aai_median	100	100
0_0054	61288	checkv_aai_median	100	100
0_0055	61288	checkv_aai_median	100	100
0_0056	61306	checkv_aai_median	100	100
0_0057	40184	checkv_aai_median	100	100
0_0058	40185	checkv_aai_median	100	100
0_0059	40185	checkv_aai_median	100	100
0_0060	40193	checkv_aai_median	100	100
0_0061	40188	checkv_aai_median	100	100
0_0062	40186	checkv_aai_median	100	100
0_0063	40184	checkv_aai_median	100	100
0_0064	40187	checkv_aai_median	100	100
0_0065	40189	checkv_aai_median	100	100
0_0066	40190	checkv_aai_median	100	100
0_0067	61298	checkv_aai_median	100	100
0_0068	40188	checkv_aai_median	100	100
0_0069	40188	checkv_aai_median	100	100
0_0070	40185	checkv_aai_median	100	100
0_0071	61025	checkv_aai_median	95	100
0_0072	61295	checkv_aai_median	100	100
0_0073	40192	checkv_aai_median	100	100
0_0074	61283	checkv_aai_median	100	100
0_0075	54207	checkv_aai_median	100	100
0_0076	61363	checkv_aai_median	100	100
0_0077	60552	checkv_aai_median	100	100
0_0078	60552	checkv_aai_median	100	100
0_0079	51378	checkv_aai_median	100	100
0_0080	60552	checkv_aai_median	100	100
0_0081	60552	checkv_aai_median	100	100
0_0082	60904	checkv_aai_median	100	100
0_0083	61338	checkv_aai_median	100	100
0_0084	61582	checkv_aai_median	100	100
0_0085	51391	checkv_aai_median	100	100
0_0086	62095	checkv_aai_median	100	100
0_0087	50545	checkv_aai_median	100	100
0_0088	59895	checkv_aai_median	100	100
0_0089	51356	checkv_aai_median	100	100
0_0090	54216	checkv_aai_median	100	100
0_0091	66356	checkv_aai_median	100	100
0_0092	51130	checkv_aai_median	100	100
0_0093	53881	checkv_aai_median	100	100
0_0094	51130	checkv_aai_median	100	100
0_0095	61090	checkv_aai_median	85	86
0_0096	51362	checkv_aai_median	100	100
0_0097	51339	checkv_aai_median	100	100
0_0098	51130	checkv_aai_median	100	100
0_0099	50723	checkv_aai_median	100	100
0_0100	60552	checkv_aai_median	25	25
0_0101	66356	checkv_aai_median	100	100
0_0102	49305	checkv_aai_median	98	98
0_0103	60946	checkv_aai_median	100	100
0_0104	54195	checkv_aai_median	100	100
0_0105	60946	checkv_aai_median	100	100
0_0106	60946	checkv_aai_median	100	100
0_0107	60946	checkv_aai_median	100	100
0_0108	60946	checkv_aai_median	100	100
0_0109	60946	checkv_aai_median	100	100
0_0110	60946	checkv_aai_median	100	100
0_0111	60946	checkv_aai_median	100	100
0_0112	60946	checkv_aai_median	100	100
0_0113	60946	checkv_aai_median	100	100
0_0114	60946	checkv_aai_median	100	100
0_0115	60949	checkv_aai_median	100	100
0_0116	60949	checkv_aai_median	100	100
0_0117	60949	checkv_aai_median	100	100
0_0118	50700	checkv_aai_median	100	100
0_0119	61167	checkv_aai_median	28	28
0_0120	51377	checkv_aai_median	100	100
0_0121	61113	checkv_aai_median	100	100
0_0122	60951	checkv_aai_median	100	100
0_0123	42259	checkv_aai_median	100	100
0_0124	61084	checkv_aai_median	99	100
0_0125	45607	checkv_aai_median	100	100
0_0126	49919	checkv_aai_median	95	95
0_0127	54731	checkv_aai_median	100	100
0_0128	60938	checkv_aai_median	43	43
0_0129	61182	checkv_aai_median	78	78
0_0130	54170	checkv_aai_median	100	100
0_0131	40187	checkv_aai_median	95	100
0_0132	62871	checkv_aai_median	49	60
0_0133	51391	checkv_aai_median	89	100
0_0134	66356	checkv_aai_median	100	100
0_0135	54143	checkv_aai_median	100	100
0_0136	54412	checkv_aai_median	100	100
0_0137	76541	checkv_aai_median	100	100
0_0138	63667	checkv_aai_median	11	11
0_0139	52041	checkv_aai_median	14	14
0_0140	54194	checkv_aai_median	100	100
0_0141	42271	checkv_aai_median	100	100
0_0142	54307	checkv_aai_median	100	100
0_0143	40185	checkv_aai_median	100	100
0_0144	51988	checkv_aai_median	34	34
0_0145	63426	checkv_aai_median	6	100
0_0146	40185	checkv_aai_median	100	100
0_0147	54114	checkv_aai_median	100	100
0_0148	40191	checkv_aai_median	100	100
0_0149	60018	checkv_aai_median	100	100
0_0150	54338	checkv_aai_median	100	100
0_0151	50291	checkv_aai_median	6	100
0_0152	40193	checkv_aai_median	79	79
0_0153	75650	checkv_aai_median	88	100
0_0154	60020	checkv_aai_median	100	100
0_0155	60020	checkv_aai_median	100	100
0_0156	60020	checkv_aai_median	100	100
0_0157	60020	checkv_aai_median	100	100
0_0158	60020	checkv_aai_median	100	100
0_0159	60020	checkv_aai_median	100	100
0_0160	60020	checkv_aai_median	100	100
0_0161	60020	checkv_aai_median	100	100
0_0162	59953	checkv_aai_median	100	100
0_0163	16172	member_seq_median	0	100
0_0164	42946	checkv_aai_median	26	26
0_0165	54138	checkv_aai_median	100	100
0_0166	59953	checkv_aai_median	100	100
0_0167	59978	checkv_aai_median	100	100
0_0168	59988	checkv_aai_median	80	80
0_0169	75654	checkv_aai_median	100	100
0_0170	54103	checkv_aai_median	100	100
0_0171	16172	member_seq_median	0	100
0_0172	12069	member_seq_median	0	100
0_0173	54168	checkv_aai_median	100	100
0_0174	12148	member_seq_median	0	100
0_0175	12069	member_seq_median	0	100
0_0176	12069	member_seq_median	0	100
0_0177	8682	member_seq_median	0	100
0_0178	8682	member_seq_median	0	100
0_0179	8682	member_seq_median	0	100
0_0180	8682	member_seq_median	0	100
0_0181	7984	member_seq_median	0	100
0_0182	66356	checkv_aai_median	100	100
0_0183	11731	member_seq_median	0	100
0_0184	54170	checkv_aai_median	100	100
0_0185	43617	checkv_aai_median	100	100
0_0186	51894	checkv_aai_median	46	46
0_0187	7105	member_seq_median	0	100
0_0188	7105	member_seq_median	0	100
0_0189	7105	member_seq_median	0	100
0_0190	7105	member_seq_median	0	100
0_0191	72799	checkv_aai_median	2	91
0_0192	54334	checkv_aai_median	100	100
0_0193	66356	checkv_aai_median	100	100
0_0194	66356	checkv_aai_median	100	100
0_0195	66356	checkv_aai_median	100	100
0_0196	76541	checkv_aai_median	100	100
0_0197	40094	checkv_aai_median	42	42
0_0198	54201	checkv_aai_median	100	100
0_0199	66356	checkv_aai_median	100	100
0_0200	54153	checkv_aai_median	100	100
0_0201	42112	checkv_aai_median	100	100
0_0202	66356	checkv_aai_median	100	100
0_0203	66356	checkv_aai_median	100	100
0_0204	55122	checkv_aai_median	5	5
0_0205	54140	checkv_aai_median	100	100
0_0206	54158	checkv_aai_median	53	53
0_0207	58801	checkv_aai_median	23	23
0_0208	62873	checkv_aai_median	7	100
0_0209	52229	checkv_aai_median	4	24
0_0210	53129	checkv_aai_median	15	15
0_0211	66356	checkv_aai_median	100	100
0_0212	54177	checkv_aai_median	100	100
0_0213	42263	checkv_aai_median	100	100
0_0214	106057	checkv_aai_median	91	100
0_0215	53884	checkv_aai_median	15	15
0_0216	55492	checkv_aai_median	14	14
0_0217	66356	checkv_aai_median	100	100
0_0218	66356	checkv_aai_median	100	100
0_0219	66356	checkv_aai_median	100	100
0_0220	66356	checkv_aai_median	100	100
0_0221	54731	checkv_aai_median	100	100
0_0222	66356	checkv_aai_median	26	34
0_0223	54695	checkv_aai_median	86	100
0_0224	54057	checkv_aai_median	10	10
0_0225	42772	checkv_aai_median	19	100
0_0226	7294	member_seq_median	0	100
0_0227	50975	checkv_aai_median	13	35
0_0228	7295	member_seq_median	1	100
0_0229	69059	checkv_aai_median	17	17
0_0230	42507	checkv_aai_median	43	43
0_0231	6751	member_seq_median	0	100
0_0232	6887	member_seq_median	0	100
0_0233	6887	member_seq_median	0	100
0_0234	6887	member_seq_median	0	100
0_0235	6887	member_seq_median	0	100
0_0236	6046	member_seq_median	0	100
0_0237	6046	member_seq_median	0	100
0_0238	6046	member_seq_median	0	60
0_0239	4186	member_seq_median	0	100
0_0240	3302	member_seq_median	0	100
0_0241	48687	checkv_aai_median	17	100
0_0242	83776	checkv_aai_median	2	3
0_0243	106057	checkv_aai_median	49	100
0_0244	76148	checkv_aai_median	48	48
0_0245	76541	checkv_aai_median	100	100
0_0246	54468	checkv_aai_median	100	100
0_0247	54452	checkv_aai_median	100	100
0_0248	54497	checkv_aai_median	100	100
0_0249	54411	checkv_aai_median	100	100
0_0250	75782	checkv_aai_median	91	100
0_0251	54543	checkv_aai_median	100	100
0_0252	51143	checkv_aai_median	34	74
0_0253	76541	checkv_aai_median	100	100
0_0254	119426	checkv_aai_median	4	100
0_0255	119426	checkv_aai_median	13	100
0_0256	119426	checkv_aai_median	18	100
0_0257	118277	checkv_aai_median	34	100
0_0258	118277	checkv_aai_median	56	68
0_0259	54481	checkv_aai_median	73	73
0_0260	3091	member_seq_median	1	1
0_0261	76541	checkv_aai_median	89	100
0_0262	54433	checkv_aai_median	17	17
0_0263	62701	checkv_aai_median	3	60
0_0264	56174	checkv_aai_median	9	9
0_0265	43620	checkv_aai_median	41	41
0_0266	45607	checkv_aai_median	77	77
0_0267	51371	checkv_aai_median	5	8
0_0268	51765	checkv_aai_median	2	2
0_0269	54732	checkv_aai_median	91	100
0_0270	76541	checkv_aai_median	100	100
0_0271	54731	checkv_aai_median	100	100
0_0272	54742	checkv_aai_median	100	100
0_0273	54639	checkv_aai_median	100	100
0_0274	54738	checkv_aai_median	100	100
0_0275	54186	checkv_aai_median	12	12
0_0276	76681	checkv_aai_median	64	100
0_0277	54735	checkv_aai_median	100	100
0_0278	25219	member_seq_median	1	1
0_0279	76541	checkv_aai_median	100	100
0_0280	42010	checkv_aai_median	4	4
0_0281	54723	checkv_aai_median	100	100
0_0282	76541	checkv_aai_median	6	6
0_0283	54730	checkv_aai_median	31	31
0_0284	54719	checkv_aai_median	86	86
0_0285	54458	checkv_aai_median	6	6
0_0286	1828	member_seq_median	0	3
0_0287	19797	member_seq_median	1	100
0_0288	54732	checkv_aai_median	2	2
0_0289	52196	checkv_aai_median	48	100
0_0290	57396	checkv_aai_median	92	100
0_0291	58649	checkv_aai_median	58	67
0_0292	76678	checkv_aai_median	8	10
0_0293	54884	checkv_aai_median	58	59
0_0294	76541	checkv_aai_median	100	100
0_0295	76541	checkv_aai_median	100	100
0_0296	63235	checkv_aai_median	17	17
0_0297	956	member_seq_median	1	1
0_0298	74554	checkv_aai_median	56	56
0_0299	3242	member_seq_median	0	100
0_0300	2889	member_seq_median	0	100
0_0301	45607	checkv_aai_median	59	59
0_0302	76541	checkv_aai_median	5	5
0_0303	58131	checkv_aai_median	12	12
0_0304	58313	checkv_aai_median	94	100
0_0305	731	member_seq_median	0	100
0_0306	55759	checkv_aai_median	38	100
0_0307	80137	checkv_aai_median	100	100
0_0308	67314	checkv_aai_median	29	29
0_0309	114763	checkv_aai_median	3	85
0_0310	52425	checkv_aai_median	6	100
0_0311	76541	checkv_aai_median	12	12
0_0312	88624	checkv_aai_median	14	14
0_0313	54480	checkv_aai_median	100	100
0_0314	2935	member_seq_median	1	1
0_0315	54480	checkv_aai_median	51	51
0_0316	46271	checkv_aai_median	8	18
0_0317	58173	checkv_aai_median	32	77
0_0318	61136	checkv_aai_median	76	91
0_0319	82484	checkv_aai_median	91	91
0_0320	52053	checkv_aai_median	13	44
0_0321	50238	checkv_aai_median	47	55
0_0322	75785	checkv_aai_median	100	100
0_0323	75779	checkv_aai_median	100	100
0_0324	5162	member_seq_median	0	19
0_0325	75655	checkv_aai_median	82	82
0_0326	7784	member_seq_median	0	100
0_0327	1080	member_seq_median	0	3
0_0328	60552	checkv_aai_median	2	2
0_0329	75660	checkv_aai_median	4	4
0_0330	75873	checkv_aai_median	2	2
0_0331	59616	checkv_aai_median	4	100
0_0332	50883	checkv_aai_median	22	100
0_0333	59593	checkv_aai_median	6	45
0_0334	60875	checkv_aai_median	72	100
0_0335	50879	checkv_aai_median	14	82
0_0336	50883	checkv_aai_median	45	48
0_0337	80812	checkv_aai_median	49	49
0_0338	62696	checkv_aai_median	87	100
0_0339	3721	member_seq_median	1	100
0_0340	3173	member_seq_median	0	100
0_0341	46229	checkv_aai_median	100	100
0_0342	4776	member_seq_median	1	100
0_0343	41379	checkv_aai_median	30	99
0_0344	45721	checkv_aai_median	100	100
0_0345	42912	checkv_aai_median	10	10
0_0346	122891	checkv_aai_median	3	100
0_0347	75588	checkv_aai_median	100	100
0_0348	3173	member_seq_median	0	88
0_0349	2107	member_seq_median	0	85
0_0350	8703	member_seq_median	0	6
0_0351	1077	member_seq_median	1	1
0_0352	53097	checkv_aai_median	55	56
0_0353	62540	checkv_aai_median	17	19
0_0354	68322	checkv_aai_median	5	55
0_0355	61250	checkv_aai_median	71	100
0_0356	61675	checkv_aai_median	9	33
0_0357	6000	member_seq_median	0	1
0_0358	53426	checkv_aai_median	2	3
0_0359	75629	checkv_aai_median	100	100
0_0360	75602	checkv_aai_median	63	63
0_0361	76650	checkv_aai_median	10	10
0_0362	6280	member_seq_median	0	100
0_0363	6280	member_seq_median	0	54
0_0364	75638	checkv_aai_median	51	51
0_0365	273837	checkv_aai_median	14	53
0_0366	49987	checkv_aai_median	6	8
0_0367	56625	checkv_aai_median	6	100
0_0368	56410	checkv_aai_median	99	100
0_0369	56517	checkv_aai_median	26	26
0_0370	2788	member_seq_median	0	1
0_0371	44578	checkv_aai_median	2	2
0_0372	52095	checkv_aai_median	61	100
0_0373	53827	checkv_aai_median	100	100
0_0374	943	member_seq_median	1	1
0_0375	51624	checkv_aai_median	20	26
0_0376	54415	checkv_aai_median	6	21
0_0377	680	member_seq_median	0	100
0_0378	1499	member_seq_median	0	5
0_0379	61250	checkv_aai_median	2	27
0_0380	57513	checkv_aai_median	78	78
0_0381	79994	checkv_aai_median	70	70
0_0382	59807	checkv_aai_median	38	38
0_0383	680	member_seq_median	0	21
0_0384	57177	checkv_aai_median	32	32
0_0385	11139	member_seq_median	1	16
0_0386	11966	member_seq_median	0	2
0_0387	36010	member_seq_median	0	56
0_0388	81571	checkv_aai_median	49	49
0_0389	53170	checkv_aai_median	2	100
0_0390	50645	checkv_aai_median	2	15
0_0391	59924	checkv_aai_median	94	100
0_0392	63254	checkv_aai_median	12	72
0_0393	11996	member_seq_median	0	4
0_0394	51838	checkv_aai_median	100	100
0_0395	51838	checkv_aai_median	9	9
0_0396	52347	checkv_aai_median	3	3
0_0397	81620	checkv_aai_median	45	45
0_0398	76148	checkv_aai_median	100	100
0_0399	55549	checkv_aai_median	40	40
0_0400	38341	checkv_aai_median	35	36
0_0401	3008	member_seq_median	0	94
0_0402	56042	checkv_aai_median	4	4
0_0403	57050	checkv_aai_median	89	91
0_0404	54731	checkv_aai_median	3	12
0_0405	54187	checkv_aai_median	3	4
0_0406	56002	checkv_aai_median	16	16
0_0407	58294	checkv_aai_median	54	58
0_0408	19175	member_seq_median	1	1
0_0409	60734	checkv_aai_median	79	79
0_0410	58886	checkv_aai_median	16	87
0_0411	51849	checkv_aai_median	32	32
0_0412	69290	checkv_aai_median	72	72
0_0413	5421	member_seq_median	1	79
0_0414	11674	member_seq_median	0	79
0_0415	6283	member_seq_median	0	13
0_0416	12908	member_seq_median	1	1
0_0417	10746	member_seq_median	0	29
0_0418	50950	checkv_aai_median	53	53
0_0419	9143	member_seq_median	0	13
0_0420	3465	member_seq_median	1	1
0_0421	41094	checkv_aai_median	3	18
0_0422	62303	checkv_aai_median	13	13
0_0423	111245	checkv_aai_median	24	66
0_0424	63711	checkv_aai_median	8	52
0_0425	9108	member_seq_median	1	9
0_0426	50938	checkv_aai_median	13	13
0_0427	44305	checkv_aai_median	58	63
0_0428	56672	checkv_aai_median	5	58
0_0429	8948	member_seq_median	0	7
0_0430	63723	checkv_aai_median	6	7
0_0431	7389	member_seq_median	0	63
0_0432	55136	checkv_aai_median	23	24
0_0433	11641	member_seq_median	0	59
0_0434	52189	checkv_aai_median	15	15
0_0435	62584	checkv_aai_median	15	18
0_0436	2483	member_seq_median	1	1
0_0437	51822	checkv_aai_median	58	58
0_0438	87414	checkv_aai_median	4	13
0_0439	6446	member_seq_median	0	58
0_0440	4345	member_seq_median	0	58
0_0441	59250	checkv_aai_median	4	14
0_0442	73822	checkv_aai_median	57	57
0_0443	67198	checkv_aai_median	3	24
0_0444	3826	member_seq_median	0	1
0_0445	49515	checkv_aai_median	6	6
0_0446	53795	checkv_aai_median	4	4
0_0447	49376	checkv_aai_median	3	3
0_0448	1844	member_seq_median	0	1
0_0449	10003	member_seq_median	1	14
0_0450	54187	checkv_aai_median	2	50
0_0451	59779	checkv_aai_median	3	3
0_0452	59235	checkv_aai_median	50	50
0_0453	55999	checkv_aai_median	25	27
0_0454	5131	member_seq_median	1	3
0_0455	52525	checkv_aai_median	29	29
0_0456	228947	checkv_aai_median	3	6
0_0457	53626	checkv_aai_median	47	47
0_0458	53230	checkv_aai_median	8	44
0_0459	49618	checkv_aai_median	9	9
0_0460	11958	member_seq_median	1	14
0_0461	76649	checkv_aai_median	2	2
0_0462	3320	member_seq_median	1	1
0_0463	6646	member_seq_median	0	6
0_0464	64208	checkv_aai_median	2	2
0_0465	56056	checkv_aai_median	21	21
0_0466	53839	checkv_aai_median	3	3
0_0467	4839	member_seq_median	0	43
0_0468	54571	checkv_aai_median	2	2
0_0469	11219	member_seq_median	1	1
0_0470	135714	checkv_aai_median	3	34
0_0471	9982	member_seq_median	1	27
0_0472	59488	checkv_aai_median	6	6
0_0473	45075	checkv_aai_median	40	40
0_0474	1176	member_seq_median	0	2
0_0475	10414	member_seq_median	0	38
0_0476	3334	member_seq_median	0	5
0_0477	50376	checkv_aai_median	13	35
0_0478	54977	checkv_aai_median	4	4
0_0479	59492	checkv_aai_median	15	16
0_0480	9324	member_seq_median	0	36
0_0481	71550	checkv_aai_median	36	36
0_0482	126505	checkv_aai_median	2	12
0_0483	55492	checkv_aai_median	8	26
0_0484	101362	checkv_aai_median	3	12
0_0485	3855	member_seq_median	0	31
0_0486	8352	member_seq_median	1	3
0_0487	58145	checkv_aai_median	2	2
0_0488	50996	checkv_aai_median	11	12
0_0489	54619	checkv_aai_median	2	7
0_0490	67310	checkv_aai_median	33	33
0_0491	63334	checkv_aai_median	5	5
0_0492	5010	member_seq_median	1	1
0_0493	53174	checkv_aai_median	5	5
0_0494	64277	checkv_aai_median	2	4
0_0495	59883	checkv_aai_median	4	4
0_0496	51930	checkv_aai_median	32	32
0_0497	18951	member_seq_median	0	2
0_0498	53727	checkv_aai_median	2	5
0_0499	813	member_seq_median	0	4
0_0500	6010	member_seq_median	0	31
0_0501	94035	checkv_aai_median	6	20
0_0502	77578	checkv_aai_median	5	5
0_0503	50990	checkv_aai_median	10	10
0_0504	4444	member_seq_median	0	1
0_0505	1892	member_seq_median	1	1
0_0506	51626	checkv_aai_median	21	21
0_0507	51849	checkv_aai_median	16	17
0_0508	14790	member_seq_median	0	28
0_0509	51767	checkv_aai_median	11	11
0_0510	52367	checkv_aai_median	19	28
0_0511	59929	checkv_aai_median	8	28
0_0512	1549	member_seq_median	1	18
0_0513	2093	member_seq_median	0	5
0_0514	19408	member_seq_median	0	2
0_0515	51677	checkv_aai_median	3	4
0_0516	76679	checkv_aai_median	21	22
0_0517	68188	checkv_aai_median	13	24
0_0518	75054	checkv_aai_median	12	12
0_0519	6260	member_seq_median	0	4
0_0520	1658	member_seq_median	0	1
0_0521	11699	member_seq_median	0	11
0_0522	60215	checkv_aai_median	25	25
0_0523	2490	member_seq_median	1	1
0_0524	4318	member_seq_median	0	2
0_0525	8333	member_seq_median	0	2
0_0526	11042	member_seq_median	0	24
0_0527	53118	checkv_aai_median	11	22
0_0528	8776	member_seq_median	0	7
0_0529	44090	checkv_aai_median	4	4
0_0530	8006	member_seq_median	1	3
0_0531	59739	checkv_aai_median	4	4
0_0532	1706	member_seq_median	1	1
0_0533	51846	checkv_aai_median	2	2
0_0534	64613	checkv_aai_median	6	6
0_0535	50174	checkv_aai_median	3	3
0_0536	19036	member_seq_median	1	2
0_0537	54661	checkv_aai_median	2	2
0_0538	7638	member_seq_median	1	6
0_0539	17982	member_seq_median	1	1
0_0540	147889	checkv_aai_median	2	20
0_0541	65257	checkv_aai_median	2	21
0_0542	728	member_seq_median	0	2
0_0543	53671	checkv_aai_median	5	5
0_0544	5537	member_seq_median	1	8
0_0545	7221	member_seq_median	0	5
0_0546	11890	member_seq_median	1	1
0_0547	125295	checkv_aai_median	2	11
0_0548	7072	member_seq_median	0	8
0_0549	1436	member_seq_median	0	1
0_0550	54630	checkv_aai_median	4	11
0_0551	6008	member_seq_median	1	3
0_0552	50445	checkv_aai_median	5	5
0_0553	3425	member_seq_median	1	3
0_0554	13742	member_seq_median	0	2
0_0555	41376	member_seq_median	1	1
0_0556	9249	member_seq_median	0	1
0_0557	54250	checkv_aai_median	11	11
0_0558	56435	checkv_aai_median	4	4
0_0559	206544	checkv_aai_median	7	8
0_0560	42935	checkv_aai_median	17	17
0_0561	46663	checkv_aai_median	10	10
0_0562	50270	checkv_aai_median	2	13
0_0563	64522	checkv_aai_median	2	2
0_0564	8029	member_seq_median	0	3
0_0565	3338	member_seq_median	0	15
0_0566	8664	member_seq_median	1	2
0_0567	2342	member_seq_median	1	1
0_0568	11236	member_seq_median	0	8
0_0569	58291	checkv_aai_median	2	2
0_0570	76449	checkv_aai_median	2	7
0_0571	54365	checkv_aai_median	12	13
0_0572	20253	member_seq_median	0	13
0_0573	1748	member_seq_median	1	1
0_0574	53932	checkv_aai_median	8	10
0_0575	75694	checkv_aai_median	2	2
0_0576	101909	checkv_aai_median	6	7
0_0577	1917	member_seq_median	1	3
0_0578	5996	member_seq_median	1	1
0_0579	7462	member_seq_median	0	6
0_0580	67429	checkv_aai_median	11	12
0_0581	43974	checkv_aai_median	6	10
0_0582	55405	checkv_aai_median	12	12
0_0583	8998	member_seq_median	1	1
0_0584	6266	member_seq_median	1	2
0_0585	55647	checkv_aai_median	2	2
0_0586	45023	member_seq_median	1	1
0_0587	4107	member_seq_median	1	2
0_0588	57820	checkv_aai_median	6	6
0_0589	20122	member_seq_median	1	1
0_0590	8002	member_seq_median	0	3
0_0591	8973	member_seq_median	0	3
0_0592	8151	member_seq_median	0	2
0_0593	7574	member_seq_median	0	6
0_0594	10880	member_seq_median	0	6
0_0595	8350	member_seq_median	0	11
0_0596	46398	checkv_aai_median	2	4
0_0597	86195	checkv_aai_median	2	2
0_0598	42959	checkv_aai_median	10	10
0_0599	9229	member_seq_median	0	5
0_0600	237	member_seq_median	0	8
0_0601	46780	checkv_aai_median	2	9
0_0602	51081	member_seq_median	1	1
0_0603	5823	member_seq_median	0	9
0_0604	8114	member_seq_median	1	3
0_0605	52050	checkv_aai_median	2	2
0_0606	76031	checkv_aai_median	2	10
0_0607	1276	member_seq_median	0	4
0_0608	1717	member_seq_median	0	1
0_0609	10563	member_seq_median	0	9
0_0610	6331	member_seq_median	0	7
0_0611	62821	checkv_aai_median	4	4
0_0612	9133	member_seq_median	0	2
0_0613	44173	checkv_aai_median	3	3
0_0614	50663	checkv_aai_median	5	5
0_0615	44125	checkv_aai_median	10	10
0_0616	69566	checkv_aai_median	9	9
0_0617	5528	member_seq_median	0	1
0_0618	51732	checkv_aai_median	3	9
0_0619	3385	member_seq_median	0	9
0_0620	51934	checkv_aai_median	2	9
0_0621	10649	member_seq_median	0	3
0_0622	52860	checkv_aai_median	5	5
0_0623	3339	member_seq_median	0	1
0_0624	76668	checkv_aai_median	2	2
0_0625	9951	member_seq_median	0	2
0_0626	3343	member_seq_median	0	8
0_0627	52124	checkv_aai_median	2	2
0_0628	13783	member_seq_median	0	2
0_0629	3916	member_seq_median	0	2
0_0630	2281	member_seq_median	0	8
0_0631	9579	member_seq_median	0	8
0_0632	13296	member_seq_median	1	1
0_0633	12978	member_seq_median	0	8
0_0634	55565	checkv_aai_median	7	7
0_0635	51981	checkv_aai_median	8	8
0_0636	13205	member_seq_median	0	3
0_0637	650	member_seq_median	0	1
0_0638	6724	member_seq_median	0	1
0_0639	49213	checkv_aai_median	5	7
0_0640	29651	member_seq_median	1	1
0_0641	4696	member_seq_median	0	1
0_0642	7752	member_seq_median	0	1
0_0643	55830	checkv_aai_median	4	4
0_0644	59418	checkv_aai_median	2	2
0_0645	7365	member_seq_median	0	2
0_0646	3487	member_seq_median	0	3
0_0647	52594	checkv_aai_median	2	3
0_0648	58960	checkv_aai_median	3	4
0_0649	54635	checkv_aai_median	7	7
0_0650	56123	checkv_aai_median	7	7
0_0651	4616	member_seq_median	0	3
0_0652	3861	member_seq_median	0	1
0_0653	56043	checkv_aai_median	7	7
0_0654	251737	checkv_aai_median	7	7
0_0655	5561	member_seq_median	0	2
0_0656	85987	checkv_aai_median	5	6
0_0657	6554	member_seq_median	0	3
0_0658	1159	member_seq_median	0	7
0_0659	4412	member_seq_median	0	2
0_0660	2531	member_seq_median	0	4
0_0661	11630	member_seq_median	0	1
0_0662	33174	member_seq_median	1	1
0_0663	15764	member_seq_median	0	1
0_0664	5877	member_seq_median	0	1
0_0665	96806	checkv_aai_median	6	6
0_0666	6190	member_seq_median	0	3
0_0667	36679	member_seq_median	1	1
0_0668	2385	member_seq_median	1	1
0_0669	4154	member_seq_median	0	1
0_0670	44200	checkv_aai_median	6	6
0_0671	2520	member_seq_median	0	6
0_0672	17492	member_seq_median	0	6
0_0673	20515	member_seq_median	1	1
0_0674	52024	checkv_aai_median	5	5
0_0675	6399	member_seq_median	0	6
0_0676	52661	checkv_aai_median	6	6
0_0677	3082	member_seq_median	0	6
0_0678	1051	member_seq_median	0	3
0_0679	51947	checkv_aai_median	3	3
0_0680	60945	checkv_aai_median	3	4
0_0681	3644	member_seq_median	0	1
0_0682	20232	member_seq_median	1	1
0_0683	1046	member_seq_median	0	1
0_0684	56701	checkv_aai_median	2	3
0_0685	9063	member_seq_median	1	1
0_0686	936	member_seq_median	0	2
0_0687	4694	member_seq_median	1	2
0_0688	8931	member_seq_median	1	1
0_0689	51846	checkv_aai_median	5	5
0_0690	11374	member_seq_median	0	2
0_0691	8426	member_seq_median	0	5
0_0692	4763	member_seq_median	0	2
0_0693	7330	member_seq_median	0	4
0_0694	15743	member_seq_median	0	5
0_0695	85157	checkv_aai_median	5	5
0_0696	50414	checkv_aai_median	2	2
0_0697	23541	member_seq_median	0	1
0_0698	48024	checkv_aai_median	4	4
0_0699	5224	member_seq_median	1	1
0_0700	6657	member_seq_median	0	1
0_0701	3535	member_seq_median	0	5
0_0702	57189	checkv_aai_median	3	3
0_0703	4970	member_seq_median	1	2
0_0704	7464	member_seq_median	0	2
0_0705	9054	member_seq_median	0	5
0_0706	77581	checkv_aai_median	4	5
0_0707	50808	checkv_aai_median	2	2
0_0708	2622	member_seq_median	0	2
0_0709	38254	checkv_aai_median	3	5
0_0710	9560	member_seq_median	0	3
0_0711	9343	member_seq_median	0	1
0_0712	76728	checkv_aai_median	4	4
0_0713	9999	member_seq_median	0	4
0_0714	9131	member_seq_median	0	1
0_0715	15809	member_seq_median	0	3
0_0716	1724	member_seq_median	0	2
0_0717	4405	member_seq_median	0	2
0_0718	7567	member_seq_median	0	3
0_0719	55484	checkv_aai_median	2	4
0_0720	2286	member_seq_median	0	5
0_0721	56086	checkv_aai_median	2	2
0_0722	7078	member_seq_median	0	4
0_0723	1866	member_seq_median	0	5
0_0724	4555	member_seq_median	1	1
0_0725	57907	checkv_aai_median	4	4
0_0726	5196	member_seq_median	0	4
0_0727	52189	checkv_aai_median	3	3
0_0728	50135	checkv_aai_median	2	2
0_0729	3619	member_seq_median	1	1
0_0730	819	member_seq_median	1	1
0_0731	79386	checkv_aai_median	4	4
0_0732	16270	member_seq_median	0	4
0_0733	50635	checkv_aai_median	4	4
0_0734	68029	checkv_aai_median	4	4
0_0735	8567	member_seq_median	0	3
0_0736	49429	checkv_aai_median	4	4
0_0737	12622	member_seq_median	0	4
0_0738	47455	checkv_aai_median	4	4
0_0739	11346	member_seq_median	0	4
0_0740	47074	checkv_aai_median	2	2
0_0741	41796	member_seq_median	1	1
0_0742	1514	member_seq_median	0	2
0_0743	52584	checkv_aai_median	2	3
0_0744	2193	member_seq_median	1	1
0_0745	44169	member_seq_median	1	1
0_0746	3228	member_seq_median	1	1
0_0747	3276	member_seq_median	0	4
0_0748	51785	checkv_aai_median	4	4
0_0749	62610	checkv_aai_median	3	3
0_0750	8226	member_seq_median	0	4
0_0751	52036	checkv_aai_median	4	4
0_0752	57582	checkv_aai_median	4	4
0_0753	3525	member_seq_median	0	2
0_0754	8820	member_seq_median	0	4
0_0755	3843	member_seq_median	0	2
0_0756	13317	member_seq_median	0	3
0_0757	23193	member_seq_median	1	1
0_0758	67914	checkv_aai_median	4	4
0_0759	7670	member_seq_median	1	1
0_0760	51950	checkv_aai_median	2	2
0_0761	10840	member_seq_median	0	3
0_0762	12025	member_seq_median	0	1
0_0763	51836	checkv_aai_median	2	2
0_0764	81399	checkv_aai_median	4	4
0_0765	3072	member_seq_median	0	1
0_0766	59218	checkv_aai_median	4	4
0_0767	12205	member_seq_median	0	4
0_0768	60640	checkv_aai_median	3	3
0_0769	10028	member_seq_median	0	1
0_0770	57527	checkv_aai_median	4	4
0_0771	24823	member_seq_median	0	1
0_0772	5866	member_seq_median	0	3
0_0773	45292	checkv_aai_median	4	4
0_0774	12008	member_seq_median	0	3
0_0775	53857	checkv_aai_median	4	4
0_0776	62303	checkv_aai_median	2	2
0_0777	8168	member_seq_median	1	1
0_0778	1754	member_seq_median	0	1
0_0779	16122	member_seq_median	1	1
0_0780	58285	checkv_aai_median	4	4
0_0781	4071	member_seq_median	0	2
0_0782	6031	member_seq_median	1	1
0_0783	3122	member_seq_median	1	4
0_0784	43982	checkv_aai_median	3	3
0_0785	5801	member_seq_median	0	3
0_0786	6547	member_seq_median	0	3
0_0787	1303	member_seq_median	0	3
0_0788	1733	member_seq_median	0	3
0_0789	57204	checkv_aai_median	3	3
0_0790	1634	member_seq_median	0	3
0_0791	14102	member_seq_median	0	3
0_0792	11328	member_seq_median	0	3
0_0793	4340	member_seq_median	0	3
0_0794	76060	checkv_aai_median	2	2
0_0795	60928	checkv_aai_median	2	2
0_0796	42110	checkv_aai_median	3	3
0_0797	3290	member_seq_median	0	3
0_0798	4372	member_seq_median	0	3
0_0799	95232	checkv_aai_median	3	3
0_0800	5467	member_seq_median	1	1
0_0801	5901	member_seq_median	0	3
0_0802	51917	member_seq_median	1	1
0_0803	75457	checkv_aai_median	3	3
0_0804	54858	checkv_aai_median	3	3
0_0805	2652	member_seq_median	0	3
0_0806	4687	member_seq_median	0	1
0_0807	54138	checkv_aai_median	3	3
0_0808	53484	checkv_aai_median	3	3
0_0809	5917	member_seq_median	0	3
0_0810	51672	checkv_aai_median	3	3
0_0811	7670	member_seq_median	0	3
0_0812	60406	checkv_aai_median	2	2
0_0813	11412	member_seq_median	1	1
0_0814	28821	member_seq_median	1	2
0_0815	9504	member_seq_median	0	2
0_0816	49380	checkv_aai_median	2	2
0_0817	54412	checkv_aai_median	2	2
0_0818	7621	member_seq_median	0	3
0_0819	43574	member_seq_median	1	2
0_0820	67824	checkv_aai_median	3	3
0_0821	6553	member_seq_median	0	1
0_0822	7889	member_seq_median	0	1
0_0823	1969	member_seq_median	0	1
0_0824	36344	checkv_aai_median	3	3
0_0825	2028	member_seq_median	0	2
0_0826	10837	member_seq_median	1	1
0_0827	51357	checkv_aai_median	3	3
0_0828	6637	member_seq_median	0	1
0_0829	19000	member_seq_median	1	2
0_0830	8519	member_seq_median	0	2
0_0831	49696	checkv_aai_median	2	2
0_0832	34391	member_seq_median	1	1
0_0833	20429	member_seq_median	0	1
0_0834	7599	member_seq_median	1	1
0_0835	19454	member_seq_median	1	1
0_0836	10501	member_seq_median	0	3
0_0837	3676	member_seq_median	0	3
0_0838	56092	checkv_aai_median	2	2
0_0839	54583	checkv_aai_median	2	2
0_0840	5814	member_seq_median	0	3
0_0841	7656	member_seq_median	0	1
0_0842	53531	checkv_aai_median	3	3
0_0843	26839	member_seq_median	1	1
0_0844	8547	member_seq_median	1	2
0_0845	1675	member_seq_median	0	2
0_0846	17684	member_seq_median	1	1
0_0847	76117	checkv_aai_median	2	2
0_0848	4240	member_seq_median	0	1
0_0849	10463	member_seq_median	0	2
0_0850	54301	checkv_aai_median	2	2
0_0851	9940	member_seq_median	0	2
0_0852	57898	checkv_aai_median	2	2
0_0853	29717	member_seq_median	0	2
0_0854	46338	member_seq_median	1	1
0_0855	67607	checkv_aai_median	2	2
0_0856	61633	checkv_aai_median	2	2
0_0857	2252	member_seq_median	1	1
0_0858	77832	checkv_aai_median	2	2
0_0859	14873	member_seq_median	1	1
0_0860	76148	checkv_aai_median	2	2
0_0861	58085	checkv_aai_median	2	2
0_0862	110870	checkv_aai_median	2	2
0_0863	109792	checkv_aai_median	2	2
0_0864	75772	checkv_aai_median	2	2
0_0865	1856	member_seq_median	0	2
0_0866	5757	member_seq_median	0	2
0_0867	7171	member_seq_median	0	2
0_0868	12225	member_seq_median	0	2
0_0869	9552	member_seq_median	0	2
0_0870	9477	member_seq_median	1	2
0_0871	6030	member_seq_median	0	2
0_0872	73836	checkv_aai_median	2	2
0_0873	1112	member_seq_median	1	1
0_0874	61673	checkv_aai_median	2	2
0_0875	4240	member_seq_median	0	2
0_0876	9611	member_seq_median	0	2
0_0877	3494	member_seq_median	0	2
0_0878	86990	checkv_aai_median	2	2
0_0879	8621	member_seq_median	0	2
0_0880	10496	member_seq_median	1	2
0_0881	108497	checkv_aai_median	2	2
0_0882	66628	checkv_aai_median	2	2
0_0883	56389	checkv_aai_median	2	2
0_0884	51918	checkv_aai_median	2	2
0_0885	7834	member_seq_median	0	2
0_0886	56686	checkv_aai_median	2	2
0_0887	24230	member_seq_median	0	1
0_0888	4188	member_seq_median	0	2
0_0889	90371	checkv_aai_median	2	2
0_0890	8139	member_seq_median	0	2
0_0891	4942	member_seq_median	0	1
0_0892	7186	member_seq_median	0	1
0_0893	6690	member_seq_median	0	2
0_0894	2760	member_seq_median	0	2
0_0895	6759	member_seq_median	0	2
0_0896	2930	member_seq_median	1	2
0_0897	7525	member_seq_median	0	2
0_0898	2293	member_seq_median	0	2
0_0899	10172	member_seq_median	1	1
0_0900	12397	member_seq_median	0	2
0_0901	28674	member_seq_median	1	1
0_0902	63517	checkv_aai_median	2	2
0_0903	7670	member_seq_median	0	1
0_0904	54904	checkv_aai_median	2	2
0_0905	11407	member_seq_median	0	2
0_0906	6155	member_seq_median	0	2
0_0907	58381	checkv_aai_median	2	2
0_0908	1715	member_seq_median	0	1
0_0909	8119	member_seq_median	1	1
0_0910	5184	member_seq_median	0	2
0_0911	49068	checkv_aai_median	2	2
0_0912	25806	member_seq_median	1	1
0_0913	4917	member_seq_median	0	2
0_0914	2769	member_seq_median	0	1
0_0915	39449	checkv_aai_median	2	2
0_0916	53857	checkv_aai_median	2	2
0_0917	61899	checkv_aai_median	2	2
0_0918	47566	checkv_aai_median	2	2
0_0919	53857	checkv_aai_median	2	2
0_0920	3684	member_seq_median	0	1
0_0921	42199	checkv_aai_median	2	2
0_0922	6561	member_seq_median	0	2
0_0923	8264	member_seq_median	0	2
0_0924	17369	member_seq_median	0	1
0_0925	33968	member_seq_median	1	1
0_0926	4417	member_seq_median	1	1
0_0927	3959	member_seq_median	1	1
0_0928	61054	checkv_aai_median	2	2
0_0929	24916	member_seq_median	1	1
0_0930	77633	checkv_aai_median	2	2
0_0931	110893	checkv_aai_median	2	2
0_0932	89469	checkv_aai_median	2	2
0_0933	109172	checkv_aai_median	2	2
0_0934	109052	checkv_aai_median	2	2
0_0935	39133	checkv_aai_median	2	2
0_0936	11511	member_seq_median	0	2
0_0937	9794	member_seq_median	0	2
0_0938	5647	member_seq_median	1	2
0_0939	12829	member_seq_median	0	2
0_0940	7127	member_seq_median	0	1
0_0941	6839	member_seq_median	0	1
0_0942	5793	member_seq_median	0	1
0_0943	11788	member_seq_median	1	1
0_0944	9080	member_seq_median	1	1
0_0945	16437	member_seq_median	0	2
0_0946	6182	member_seq_median	0	2
0_0947	3980	member_seq_median	1	1
0_0948	7047	member_seq_median	0	1
0_0949	3523	member_seq_median	1	1
0_0950	4054	member_seq_median	0	1
0_0951	3279	member_seq_median	1	1
0_0952	8616	member_seq_median	1	1
0_0953	25050	member_seq_median	1	1
0_0954	9116	member_seq_median	1	1
0_0955	36879	member_seq_median	1	1
0_0956	554	member_seq_median	1	1
0_0957	7546	member_seq_median	1	1
0_0958	32447	member_seq_median	1	1
0_0959	2585	member_seq_median	0	1
0_0960	10225	member_seq_median	0	1
0_0961	9168	member_seq_median	0	1
0_0962	15947	member_seq_median	1	1
0_0963	4149	member_seq_median	1	1
0_0964	4517	member_seq_median	1	1
0_0965	7633	member_seq_median	0	1
0_0966	9718	member_seq_median	0	1
0_0967	17563	member_seq_median	1	1
0_0968	17997	member_seq_median	1	1
0_0969	31366	member_seq_median	1	1
0_0970	7784	member_seq_median	1	1
0_0971	14829	member_seq_median	1	1
0_0972	7748	member_seq_median	0	1
0_0973	4572	member_seq_median	0	1
0_0974	9224	member_seq_median	0	1
0_0975	7296	member_seq_median	0	1
0_0976	3112	member_seq_median	0	1
0_0977	2546	member_seq_median	0	1
0_0978	11880	member_seq_median	0	1
0_0979	27696	member_seq_median	1	1
0_0980	5067	member_seq_median	1	1
0_0981	516	member_seq_median	0	1
0_0982	5619	member_seq_median	1	1
0_0983	4852	member_seq_median	0	1
0_0984	3296	member_seq_median	0	1
0_0985	4512	member_seq_median	0	1
0_0986	2842	member_seq_median	0	1
0_0987	36024	member_seq_median	1	1
0_0988	42964	member_seq_median	1	1
0_0989	8201	member_seq_median	1	1
0_0990	3099	member_seq_median	1	1
0_0991	3567	member_seq_median	1	1
0_0992	2966	member_seq_median	0	1
0_0993	33137	member_seq_median	1	1
0_0994	4591	member_seq_median	1	1
0_0995	1057	member_seq_median	1	1
0_0996	13951	member_seq_median	1	1
0_0997	1712	member_seq_median	0	1
0_0998	8195	member_seq_median	0	1
0_0999	20074	member_seq_median	0	1
0_1000	8261	member_seq_median	0	1
0_1001	10079	member_seq_median	0	1
0_1002	12927	member_seq_median	0	1
0_1003	6392	member_seq_median	0	1
0_1004	34808	member_seq_median	1	1
0_1005	12343	member_seq_median	1	1
0_1006	5916	member_seq_median	1	1
0_1007	4615	member_seq_median	1	1
0_1008	2920	member_seq_median	1	1
0_1009	11343	member_seq_median	1	1
0_1010	8632	member_seq_median	1	1
0_1011	13922	member_seq_median	1	1
0_1012	11407	member_seq_median	1	1
0_1013	5740	member_seq_median	0	1
0_1014	2308	member_seq_median	1	1
0_1015	7322	member_seq_median	1	1
0_1016	6085	member_seq_median	0	1
0_1017	6762	member_seq_median	0	1
0_1018	4972	member_seq_median	0	1
0_1019	5368	member_seq_median	0	1
0_1020	1118	member_seq_median	0	1
0_1021	4854	member_seq_median	0	1
0_1022	23007	member_seq_median	1	1
0_1023	10034	member_seq_median	1	1
0_1024	15184	member_seq_median	1	1
0_1025	10270	member_seq_median	1	1
0_1026	8310	member_seq_median	0	1
0_1027	17739	member_seq_median	1	1
0_1028	3955	member_seq_median	0	1
0_1029	1255	member_seq_median	1	1
0_1030	7647	member_seq_median	1	1
0_1031	7308	member_seq_median	0	1
0_1032	32457	member_seq_median	1	1
0_1033	8374	member_seq_median	1	1
0_1034	7532	member_seq_median	0	1
0_1035	19795	member_seq_median	1	1
0_1036	10865	member_seq_median	0	1
0_1037	12335	member_seq_median	0	1
0_1038	48632	member_seq_median	1	1
0_1039	33107	member_seq_median	1	1
0_1040	45008	member_seq_median	1	1
0_1041	43307	member_seq_median	1	1
0_1042	18935	member_seq_median	1	1
0_1043	3016	member_seq_median	1	1
0_1044	45285	member_seq_median	1	1
0_1045	2771	member_seq_median	1	1
0_1046	20600	member_seq_median	1	1
0_1047	34344	member_seq_median	1	1
0_1048	10622	member_seq_median	1	1
0_1049	7293	member_seq_median	1	1
0_1050	14417	member_seq_median	1	1
0_1051	11332	member_seq_median	1	1
0_1052	7671	member_seq_median	0	1
0_1053	54477	member_seq_median	1	1
0_1054	8512	member_seq_median	1	1
0_1055	4367	member_seq_median	1	1
0_1056	3435	member_seq_median	0	1
0_1057	7493	member_seq_median	0	1
0_1058	31719	member_seq_median	1	1
0_1059	22424	member_seq_median	1	1
0_1060	3090	member_seq_median	1	1
0_1061	2648	member_seq_median	0	1
0_1062	44260	member_seq_median	1	1
0_1063	7554	member_seq_median	1	1
0_1064	46288	member_seq_median	1	1
0_1065	5745	member_seq_median	0	1
0_1066	12340	member_seq_median	1	1
0_1067	6380	member_seq_median	0	1
0_1068	4029	member_seq_median	0	1
0_1069	8307	member_seq_median	0	1
0_1070	3221	member_seq_median	1	1
0_1071	3674	member_seq_median	0	1
0_1072	4467	member_seq_median	0	1
0_1073	4962	member_seq_median	0	1
0_1074	9806	member_seq_median	0	1
0_1075	14597	member_seq_median	0	1
0_1076	21616	member_seq_median	1	1
0_1077	7204	member_seq_median	1	1
0_1078	7480	member_seq_median	1	1
0_1079	2859	member_seq_median	1	1
0_1080	4353	member_seq_median	0	1
0_1081	3571	member_seq_median	0	1
0_1082	917	member_seq_median	0	1
0_1083	5958	member_seq_median	0	1
0_1084	12869	member_seq_median	0	1
0_1085	7226	member_seq_median	0	1
0_1086	2600	member_seq_median	0	1
0_1087	26793	member_seq_median	1	1
0_1088	3163	member_seq_median	0	1
0_1089	48614	member_seq_median	1	1
0_1090	5746	member_seq_median	0	1
0_1091	33054	member_seq_median	1	1
0_1092	1988	member_seq_median	0	1
0_1093	37323	member_seq_median	1	1
0_1094	8737	member_seq_median	1	1
0_1095	8972	member_seq_median	1	1
0_1096	2251	member_seq_median	0	1
0_1097	17177	member_seq_median	0	1
0_1098	4871	member_seq_median	0	1
0_1099	3051	member_seq_median	1	1
0_1100	6755	member_seq_median	0	1
0_1101	4824	member_seq_median	0	1
0_1102	3571	member_seq_median	1	1
0_1103	15111	member_seq_median	1	1
0_1104	8566	member_seq_median	0	1
0_1105	6416	member_seq_median	1	1
0_1106	6158	member_seq_median	0	1
0_1107	37971	member_seq_median	1	1
0_1108	9038	member_seq_median	1	1
0_1109	44954	member_seq_median	1	1
0_1110	12311	member_seq_median	0	1
0_1111	4943	member_seq_median	0	1
0_1112	5827	member_seq_median	1	1
0_1113	4455	member_seq_median	1	1
0_1114	37758	member_seq_median	1	1
0_1115	4456	member_seq_median	1	1
0_1116	11936	member_seq_median	0	1
0_1117	8088	member_seq_median	0	1
0_1118	5289	member_seq_median	1	1
0_1119	5187	member_seq_median	0	1
0_1120	4864	member_seq_median	0	1
0_1121	922	member_seq_median	0	1
0_1122	12868	member_seq_median	0	1
0_1123	22101	member_seq_median	0	1
0_1124	2274	member_seq_median	1	1
0_1125	3001	member_seq_median	0	1
0_1126	1824	member_seq_median	0	1
0_1127	24177	member_seq_median	0	1
0_1128	12815	member_seq_median	0	1
0_1129	8313	member_seq_median	0	1
0_1130	948	member_seq_median	1	1
0_1131	10108	member_seq_median	0	1
0_1132	29652	member_seq_median	1	1
0_1133	8290	member_seq_median	1	1
0_1134	2837	member_seq_median	0	1
0_1135	1106	member_seq_median	0	1
0_1136	18204	member_seq_median	1	1
0_1137	6370	member_seq_median	1	1
0_1138	43766	member_seq_median	1	1
0_1139	23814	member_seq_median	1	1
0_1140	1404	member_seq_median	0	1
0_1141	1886	member_seq_median	0	1
0_1142	4198	member_seq_median	0	1
0_1143	4026	member_seq_median	0	1
0_1144	1829	member_seq_median	0	1
0_1145	48022	member_seq_median	1	1
0_1146	5743	member_seq_median	0	1
0_1147	3472	member_seq_median	0	1
0_1148	3363	member_seq_median	1	1
0_1149	7967	member_seq_median	1	1
0_1150	4465	member_seq_median	0	1
0_1151	3942	member_seq_median	1	1
0_1152	37620	member_seq_median	1	1
0_1153	10093	member_seq_median	1	1
0_1154	24572	member_seq_median	1	1
0_1155	3585	member_seq_median	0	1
0_1156	50640	checkv_aai_median	50	51
0_1157	43618	checkv_aai_median	32	32
0_1158	42127	checkv_aai_median	12	12
0_1159	66356	checkv_aai_median	2	2
0_1160	22151	member_seq_median	1	1
0_1161	24912	member_seq_median	1	1
0_1162	7198	member_seq_median	1	1
0_1163	12177	member_seq_median	1	2
0_1164	1991	member_seq_median	0	1
0_1165	11147	member_seq_median	0	1
0_1166	5750	member_seq_median	0	1
0_1167	995	member_seq_median	0	1
0_1168	41895	checkv_aai_median	4	4
0_1169	45066	checkv_aai_median	4	4
0_1170	41864	checkv_aai_median	4	4
0_1171	41839	checkv_aai_median	2	2
0_1172	32314	member_seq_median	1	1
0_1173	30319	member_seq_median	1	1
0_1174	37458	member_seq_median	1	1
0_1175	27890	member_seq_median	1	1
0_1176	21424	member_seq_median	0	7
0_1177	8939	member_seq_median	0	5
0_1178	18229	member_seq_median	0	4
0_1179	4456	member_seq_median	0	2
0_1180	9105	member_seq_median	0	3
0_1181	2406	member_seq_median	0	3
0_1182	56555	checkv_aai_median	2	2
0_1183	8398	member_seq_median	0	2
0_1184	5699	member_seq_median	0	2
0_1185	7439	member_seq_median	0	1
0_1186	14173	member_seq_median	0	1
0_1187	3369	member_seq_median	1	1
0_1188	12719	member_seq_median	0	1
0_1189	7542	member_seq_median	0	1
0_1190	6712	member_seq_median	0	1
0_1191	11497	member_seq_median	0	1
0_1192	16264	member_seq_median	0	1
0_1193	8375	member_seq_median	1	1
0_1194	9529	member_seq_median	0	1
0_1195	14825	member_seq_median	0	1
0_1196	7107	member_seq_median	1	1
0_1197	1286	member_seq_median	1	1
0_1198	5785	member_seq_median	0	25
0_1199	52417	checkv_aai_median	2	12
0_1200	56120	checkv_aai_median	4	5
0_1201	18349	member_seq_median	0	3
0_1202	43943	checkv_aai_median	4	4
0_1203	17366	member_seq_median	1	3
0_1204	12040	member_seq_median	1	2
0_1205	56095	checkv_aai_median	2	2
0_1206	6563	member_seq_median	0	2
0_1207	10901	member_seq_median	0	1
0_1208	9952	member_seq_median	0	1
0_1209	3223	member_seq_median	0	1
0_1210	6872	member_seq_median	1	1
0_1211	15565	member_seq_median	0	1
0_1212	8807	member_seq_median	0	1
0_1213	69780	checkv_aai_median	2	9
0_1214	6111	member_seq_median	0	3
0_1215	5832	member_seq_median	0	3
0_1216	19905	member_seq_median	1	1
0_1217	10038	member_seq_median	0	1
0_1218	7735	member_seq_median	0	1
0_1219	9507	member_seq_median	0	1
0_1220	17557	member_seq_median	0	1
0_1221	13975	member_seq_median	0	1
0_1222	51473	checkv_aai_median	11	11
0_1223	58320	checkv_aai_median	3	3
0_1224	49925	member_seq_median	1	1
0_1225	34766	member_seq_median	1	1
0_1226	37799	member_seq_median	1	1
0_1227	36613	member_seq_median	1	1
0_1228	3393	member_seq_median	0	7
0_1229	1936	member_seq_median	1	1
0_1230	91567	checkv_aai_median	6	6
0_1231	58102	checkv_aai_median	2	2
0_1232	2921	member_seq_median	0	1
0_1233	20628	member_seq_median	1	1
0_1234	12189	member_seq_median	0	9
0_1235	55492	checkv_aai_median	2	2
0_1236	9992	member_seq_median	0	2
0_1237	7374	member_seq_median	0	2
0_1238	8426	member_seq_median	0	2
0_1239	7452	member_seq_median	0	2
0_1240	9502	member_seq_median	1	1
0_1241	9093	member_seq_median	1	1
0_1242	67753	checkv_aai_median	5	7
0_1243	8667	member_seq_median	0	2
0_1244	18397	member_seq_median	0	2
0_1245	6724	member_seq_median	0	1
0_1246	7287	member_seq_median	0	1
0_1247	55955	checkv_aai_median	16	16
0_1248	6646	member_seq_median	0	6
0_1249	61248	checkv_aai_median	2	2
0_1250	62528	checkv_aai_median	2	2
0_1251	7685	member_seq_median	1	1
0_1252	9056	member_seq_median	0	1
0_1253	10897	member_seq_median	1	1
0_1254	4333	member_seq_median	1	1
0_1255	4745	member_seq_median	0	1
0_1256	18328	member_seq_median	0	9
0_1257	33629	member_seq_median	0	2
0_1258	35701	member_seq_median	1	1
0_1259	20121	member_seq_median	0	1
0_1260	14057	member_seq_median	0	1
0_1261	8290	member_seq_median	0	1
0_1262	21208	member_seq_median	1	3
0_1263	5206	member_seq_median	0	3
0_1264	8567	member_seq_median	0	2
0_1265	26787	member_seq_median	0	1
0_1266	4222	member_seq_median	1	1
0_1267	13359	member_seq_median	0	1
0_1268	14864	member_seq_median	0	1
0_1269	30490	member_seq_median	0	1
0_1270	2642	member_seq_median	1	1
0_1271	9856	member_seq_median	0	20
0_1272	2469	member_seq_median	0	1
0_1273	11344	member_seq_median	0	1
0_1274	53871	checkv_aai_median	5	5
0_1275	43854	checkv_aai_median	4	4
0_1276	12027	member_seq_median	1	1
0_1277	48954	member_seq_median	1	1
0_1278	34171	member_seq_median	1	1
0_1279	9647	member_seq_median	0	3
0_1280	11835	member_seq_median	0	2
0_1281	3783	member_seq_median	0	1
0_1282	74947	checkv_aai_median	2	2
0_1283	2349	member_seq_median	1	2
0_1284	59950	checkv_aai_median	2	2
0_1285	11354	member_seq_median	1	1
0_1286	5536	member_seq_median	0	5
0_1287	4713	member_seq_median	0	4
0_1288	1450	member_seq_median	0	1
0_1289	1780	member_seq_median	1	1
0_1290	41915	checkv_aai_median	2	2
0_1291	29545	member_seq_median	1	1
0_1292	10209	member_seq_median	1	1
0_1293	34809	member_seq_median	1	1
0_1294	8923	member_seq_median	0	2
0_1295	5752	member_seq_median	0	2
0_1296	5404	member_seq_median	0	2
0_1297	5843	member_seq_median	0	1
0_1298	9403	member_seq_median	0	1
0_1299	55504	member_seq_median	1	1
0_1300	34841	member_seq_median	1	1
0_1301	24371	member_seq_median	1	1
0_1302	12540	member_seq_median	1	1
0_1303	44341	member_seq_median	1	1
