run	sample_accession	pivot_ok	n_analysis	n_hits	analysis_accessions	submitted_ftp	error	has_prophage	assembly_contigs	assembly_length_bp
ERR2759527	SAMEA104138914	True	1	1	ERZ3064160	ftp.sra.ebi.ac.uk/vol1/analysis/ERZ306/ERZ3064160/SAMEA104138914.contigs.fa.gz		True	23	5193530
ERR3177943	SAMEA104411826	True	1	1	ERZ25096977	ftp.sra.ebi.ac.uk/vol1/analysis/ERZ250/ERZ25096977/SAMEA104411826.fa.gz		True	9	5098843
ERR3178009	SAMEA104411885	True	1	1	ERZ25097428	ftp.sra.ebi.ac.uk/vol1/analysis/ERZ250/ERZ25097428/SAMEA104411885.fa.gz		True	12	5093376
ERR3198400	SAMEA5396692	True	1	1	ERZ25164193	ftp.sra.ebi.ac.uk/vol1/analysis/ERZ251/ERZ25164193/SAMEA5396692.fa.gz		True	30	5124247
ERR3198441	SAMEA5396733	True	1	1	ERZ25164655	ftp.sra.ebi.ac.uk/vol1/analysis/ERZ251/ERZ25164655/SAMEA5396733.fa.gz		True	24	4824744
ERR3198446	SAMEA5396738	True	1	1	ERZ25164714	ftp.sra.ebi.ac.uk/vol1/analysis/ERZ251/ERZ25164714/SAMEA5396738.fa.gz		True	23	4862869
ERR330884	SAMEA1971196	True	1	1	ERZ3133304	ftp.sra.ebi.ac.uk/vol1/analysis/ERZ313/ERZ3133304/SAMEA1971196.contigs.fa.gz		True	12	5209116
ERR3337404	SAMEA1059400	True	1	1	ERZ25103403	ftp.sra.ebi.ac.uk/vol1/analysis/ERZ251/ERZ25103403/SAMEA1059400.fa.gz		True	277	5588426
ERR3337600	SAMEA1059557	True	1	1	ERZ25104941	ftp.sra.ebi.ac.uk/vol1/analysis/ERZ251/ERZ25104941/SAMEA1059557.fa.gz		True	105	6065459
ERR337844	SAMEA2071364	True	1	1	ERZ3150004	ftp.sra.ebi.ac.uk/vol1/analysis/ERZ315/ERZ3150004/SAMEA2071364.contigs.fa.gz		False	43	5040145
ERR340492	SAMEA2069133	True	1	1	ERZ3149433	ftp.sra.ebi.ac.uk/vol1/analysis/ERZ314/ERZ3149433/SAMEA2069133.contigs.fa.gz		True	24	5208844
ERR340525	SAMEA2069144	True	1	1	ERZ3149451	ftp.sra.ebi.ac.uk/vol1/analysis/ERZ314/ERZ3149451/SAMEA2069144.contigs.fa.gz		True	128	5153089
ERR3468808	SAMEA4730452	True	1	1	ERZ25221542	ftp.sra.ebi.ac.uk/vol1/analysis/ERZ252/ERZ25221542/SAMEA4730452.fa.gz		True	121	5864707
ERR3468825	SAMEA4730469	True	1	1	ERZ25221710	ftp.sra.ebi.ac.uk/vol1/analysis/ERZ252/ERZ25221710/SAMEA4730469.fa.gz		False	161	5324368
ERR3468954	SAMEA4730598	True	1	1	ERZ25223086	ftp.sra.ebi.ac.uk/vol1/analysis/ERZ252/ERZ25223086/SAMEA4730598.fa.gz		True	102	6273353
ERR350139	SAMEA2081552	True	1	1	ERZ3153200	ftp.sra.ebi.ac.uk/vol1/analysis/ERZ315/ERZ3153200/SAMEA2081552.contigs.fa.gz		False	267	5308467
ERR350185	SAMEA2079661	True	1	1	ERZ3152413	ftp.sra.ebi.ac.uk/vol1/analysis/ERZ315/ERZ3152413/SAMEA2079661.contigs.fa.gz		False	267	5309126
ERR350236	SAMEA2079889	True	1	1	ERZ3152485	ftp.sra.ebi.ac.uk/vol1/analysis/ERZ315/ERZ3152485/SAMEA2079889.contigs.fa.gz		False	270	5311731
ERR3524842	SAMEA4823271	True	1	1	ERZ25223903	ftp.sra.ebi.ac.uk/vol1/analysis/ERZ252/ERZ25223903/SAMEA4823271.fa.gz		True	85	5738075
ERR3566236	SAMEA4823224	True	1	1	ERZ25223391	ftp.sra.ebi.ac.uk/vol1/analysis/ERZ252/ERZ25223391/SAMEA4823224.fa.gz		False	153	5747145
ERR3566243	SAMEA4823092	True	1	1	ERZ25221997	ftp.sra.ebi.ac.uk/vol1/analysis/ERZ252/ERZ25221997/SAMEA4823092.fa.gz		True	98	6109636
ERR3566406	SAMEA4889280	True	1	1	ERZ25226366	ftp.sra.ebi.ac.uk/vol1/analysis/ERZ252/ERZ25226366/SAMEA4889280.fa.gz		True	215	6282491
ERR369247	SAMEA1964382	True	1	1	ERZ3132687	ftp.sra.ebi.ac.uk/vol1/analysis/ERZ313/ERZ3132687/SAMEA1964382.contigs.fa.gz		True	16	5066086
ERR374163	SAMEA2070903	True	1	1	ERZ3149891	ftp.sra.ebi.ac.uk/vol1/analysis/ERZ314/ERZ3149891/SAMEA2070903.contigs.fa.gz		True	58	5413822
ERR374164	SAMEA2069147	True	1	1	ERZ3149449	ftp.sra.ebi.ac.uk/vol1/analysis/ERZ314/ERZ3149449/SAMEA2069147.contigs.fa.gz		True	29	5041503
ERR376915	SAMEA2081536	True	1	1	ERZ3153178	ftp.sra.ebi.ac.uk/vol1/analysis/ERZ315/ERZ3153178/SAMEA2081536.contigs.fa.gz		False	269	5286180
ERR4020091	SAMEA6675026	True	1	1	ERZ25359800	ftp.sra.ebi.ac.uk/vol1/analysis/ERZ253/ERZ25359800/SAMEA6675026.fa.gz		False	52	4977445
ERR4022321	SAMEA5164890	True	1	1	ERZ25264859	ftp.sra.ebi.ac.uk/vol1/analysis/ERZ252/ERZ25264859/SAMEA5164890.fa.gz		True	99	6586946
ERR4022377	SAMEA5164990	True	1	1	ERZ25265989	ftp.sra.ebi.ac.uk/vol1/analysis/ERZ252/ERZ25265989/SAMEA5164990.fa.gz		False	131	5260623
ERR4022390	SAMEA5164846	True	1	1	ERZ25264376	ftp.sra.ebi.ac.uk/vol1/analysis/ERZ252/ERZ25264376/SAMEA5164846.fa.gz		False	145	5484338
ERR4326533	SAMEA7027486	True	1	1	ERZ25367632	ftp.sra.ebi.ac.uk/vol1/analysis/ERZ253/ERZ25367632/SAMEA7027486.fa.gz		False	87	5006910
ERR459912	SAMEA2266633	True	1	1	ERZ3174514	ftp.sra.ebi.ac.uk/vol1/analysis/ERZ317/ERZ3174514/SAMEA2266633.contigs.fa.gz		False	60	5057074
ERR460023	SAMEA2266517	True	1	1	ERZ3174348	ftp.sra.ebi.ac.uk/vol1/analysis/ERZ317/ERZ3174348/SAMEA2266517.contigs.fa.gz		False	58	5077506
ERR494832	SAMEA2275649	True	1	1	ERZ3179062	ftp.sra.ebi.ac.uk/vol1/analysis/ERZ317/ERZ3179062/SAMEA2275649.contigs.fa.gz		False	332	5384904
ERR494856	SAMEA2275718	True	1	1	ERZ3179150	ftp.sra.ebi.ac.uk/vol1/analysis/ERZ317/ERZ3179150/SAMEA2275718.contigs.fa.gz		False	39	5105241
ERR494885	SAMEA2275751	True	1	1	ERZ3179186	ftp.sra.ebi.ac.uk/vol1/analysis/ERZ317/ERZ3179186/SAMEA2275751.contigs.fa.gz		True	34	4908757
ERR494931	SAMEA2275801	True	1	1	ERZ3179251	ftp.sra.ebi.ac.uk/vol1/analysis/ERZ317/ERZ3179251/SAMEA2275801.contigs.fa.gz		False	78	5290758
ERR5262857	SAMEA7984785	True	1	1	ERZ25411029	ftp.sra.ebi.ac.uk/vol1/analysis/ERZ254/ERZ25411029/SAMEA7984785.fa.gz		True	230	6520762
ERR5384766	SAMEA8158335	True	1	1	ERZ25413804	ftp.sra.ebi.ac.uk/vol1/analysis/ERZ254/ERZ25413804/SAMEA8158335.fa.gz		True	355	5425741
ERR5384787	SAMEA8158356	True	1	1	ERZ25413968	ftp.sra.ebi.ac.uk/vol1/analysis/ERZ254/ERZ25413968/SAMEA8158356.fa.gz		True	75	5165286
ERR5411974	SAMEA8193389	True	0	0				True	106	5245901
ERR5412098	SAMEA8193514	True	0	0				True	94	5204956
ERR5412122	SAMEA8193538	True	0	0				True	115	5118484
ERR5412211	SAMEA8193627	True	0	0				True	113	5127892
ERR5412214	SAMEA8193630	True	0	0				False	90	5050758
ERR5412532	SAMEA8193948	True	0	0				True	98	5274788
ERR5412535	SAMEA8193951	True	0	0				True	66	4989290
ERR5412579	SAMEA8193995	True	0	0				True	133	5264657
ERR5413032	SAMEA8194449	True	0	0				False	100	5235652
ERR5413159	SAMEA8194576	True	0	0				True	75	5054275
ERR5413172	SAMEA8194589	True	0	0				False	127	5450495
ERR5413227	SAMEA8194644	True	0	0				True	98	5167091
ERR5413240	SAMEA8194657	True	0	0				False	118	5451195
ERR5413295	SAMEA8194712	True	0	0				False	106	5143278
ERR5413473	SAMEA8194890	True	0	0				True	60	5056672
ERR5413545	SAMEA8194963	True	0	0				True	62	5112561
ERR5413547	SAMEA8194965	True	0	0				True	73	4899408
ERR5413551	SAMEA8194969	True	0	0				False	69	4891837
ERR5413846	SAMEA8195264	True	0	0				True	111	5185286
ERR5413937	SAMEA8195355	True	0	0				True	76	4974136
ERR567856	SAMEA2649853	True	1	1	ERZ3206109	ftp.sra.ebi.ac.uk/vol1/analysis/ERZ320/ERZ3206109/SAMEA2649853.contigs.fa.gz		True	49	5127535
ERR567870	SAMEA2649867	True	1	1	ERZ3206134	ftp.sra.ebi.ac.uk/vol1/analysis/ERZ320/ERZ3206134/SAMEA2649867.contigs.fa.gz		True	55	5281280
ERR6415236	SAMEA8407343	True	1	1	ERZ25479433	ftp.sra.ebi.ac.uk/vol1/analysis/ERZ254/ERZ25479433/SAMEA8407343.fa.gz		False	164	4786119
ERR8266678	SAMEA12565530	True	1	1	ERZ25362153	ftp.sra.ebi.ac.uk/vol1/analysis/ERZ253/ERZ25362153/SAMEA12565530.fa.gz		True	67	5223235
ERR852853	SAMEA3170714	True	1	1	ERZ3224220	ftp.sra.ebi.ac.uk/vol1/analysis/ERZ322/ERZ3224220/SAMEA3170714.contigs.fa.gz		False	267	5310159
SRR10112072	SAMN07410289	True	1	1	ERZ25476952	ftp.sra.ebi.ac.uk/vol1/analysis/ERZ254/ERZ25476952/SAMN07410289.fa.gz		False	125	5314603
SRR11838929	SAMN14929739	True	1	1	ERZ25762274	ftp.sra.ebi.ac.uk/vol1/analysis/ERZ257/ERZ25762274/SAMN14929739.fa.gz		False	123	4819901
SRR11839001	SAMN14929118	True	1	1	ERZ25761617	ftp.sra.ebi.ac.uk/vol1/analysis/ERZ257/ERZ25761617/SAMN14929118.fa.gz		False	105	4846987
SRR11839050	SAMN14928856	True	0	0				False	106	4805331
SRR11839109	SAMN14929962	True	1	1	ERZ25762524	ftp.sra.ebi.ac.uk/vol1/analysis/ERZ257/ERZ25762524/SAMN14929962.fa.gz		False	110	4864861
SRR12051556	SAMN15310874	True	1	1	ERZ25782707	ftp.sra.ebi.ac.uk/vol1/analysis/ERZ257/ERZ25782707/SAMN15310874.fa.gz		True	47	5239786
SRR12051714	SAMN15310782	True	1	1	ERZ25782262	ftp.sra.ebi.ac.uk/vol1/analysis/ERZ257/ERZ25782262/SAMN15310782.fa.gz		True	53	4927079
SRR12051731	SAMN15310767	True	1	1	ERZ25782188	ftp.sra.ebi.ac.uk/vol1/analysis/ERZ257/ERZ25782188/SAMN15310767.fa.gz		True	59	5324064
SRR12051739	SAMN15310760	True	1	1	ERZ25782153	ftp.sra.ebi.ac.uk/vol1/analysis/ERZ257/ERZ25782153/SAMN15310760.fa.gz		False	45	5218218
SRR12051742	SAMN15310757	True	1	1	ERZ25782140	ftp.sra.ebi.ac.uk/vol1/analysis/ERZ257/ERZ25782140/SAMN15310757.fa.gz		True	53	5220328
SRR12599291	SAMN16069768	True	1	1	ERZ25817346	ftp.sra.ebi.ac.uk/vol1/analysis/ERZ258/ERZ25817346/SAMN16069768.fa.gz		True	267	6589171
SRR12781297	SAMN16377039	True	1	1	ERZ25829688	ftp.sra.ebi.ac.uk/vol1/analysis/ERZ258/ERZ25829688/SAMN16377039.fa.gz		True	198	6321078
SRR12781330	SAMN16377070	True	1	1	ERZ25829988	ftp.sra.ebi.ac.uk/vol1/analysis/ERZ258/ERZ25829988/SAMN16377070.fa.gz		True	194	6516826
SRR13395927	SAMN17119523	True	1	1	ERZ25856797	ftp.sra.ebi.ac.uk/vol1/analysis/ERZ258/ERZ25856797/SAMN17119523.fa.gz		False	125	4773853
SRR13395966	SAMN17119597	True	1	1	ERZ25857255	ftp.sra.ebi.ac.uk/vol1/analysis/ERZ258/ERZ25857255/SAMN17119597.fa.gz		False	183	4785912
SRR13395978	SAMN17119586	True	1	1	ERZ25857187	ftp.sra.ebi.ac.uk/vol1/analysis/ERZ258/ERZ25857187/SAMN17119586.fa.gz		False	272	4781480
SRR13399106	SAMN17266396	True	1	1	ERZ25868991	ftp.sra.ebi.ac.uk/vol1/analysis/ERZ258/ERZ25868991/SAMN17266396.fa.gz		False	220	5312331
SRR14719138	SAMN19517332	True	1	1	ERZ26641033	ftp.sra.ebi.ac.uk/vol1/analysis/ERZ266/ERZ26641033/SAMN19517332.fa.gz		True	30	5154982
SRR14719213	SAMN19517516	True	1	1	ERZ26632694	ftp.sra.ebi.ac.uk/vol1/analysis/ERZ266/ERZ26632694/SAMN19517516.fa.gz		True	81	5081110
SRR14719304	SAMN19517435	True	1	1	ERZ26631735	ftp.sra.ebi.ac.uk/vol1/analysis/ERZ266/ERZ26631735/SAMN19517435.fa.gz		True	47	5271684
SRR14719315	SAMN19517325	True	1	1	ERZ26630439	ftp.sra.ebi.ac.uk/vol1/analysis/ERZ266/ERZ26630439/SAMN19517325.fa.gz		True	48	5326724
SRR14863305	SAMN19774859	True	1	1	ERZ25952597	ftp.sra.ebi.ac.uk/vol1/analysis/ERZ259/ERZ25952597/SAMN19774859.fa.gz		False	96	4779545
SRR315392	SAMN00672660	True	1	1	ERZ9432945	ftp.sra.ebi.ac.uk/vol1/analysis/ERZ943/ERZ9432945/SAMN00672660.contigs.fa.gz		True	45	5245400
SRR350465	SAMN00728602	True	1	1	ERZ9433466	ftp.sra.ebi.ac.uk/vol1/analysis/ERZ943/ERZ9433466/SAMN00728602.contigs.fa.gz		True	60	5236316
SRR6045287	SAMN07660428	True	1	1	ERZ5176302	ftp.sra.ebi.ac.uk/vol1/analysis/ERZ517/ERZ5176302/SAMN07660428.contigs.fa.gz		True	213	6311111
SRR6045468	SAMN07659892	True	1	1	ERZ5175794	ftp.sra.ebi.ac.uk/vol1/analysis/ERZ517/ERZ5175794/SAMN07659892.contigs.fa.gz		True	606	6279206
SRR6045702	SAMN07658913	True	1	1	ERZ5175094	ftp.sra.ebi.ac.uk/vol1/analysis/ERZ517/ERZ5175094/SAMN07658913.contigs.fa.gz		True	207	6224530
SRR6046238	SAMN07658210	True	1	1	ERZ5174438	ftp.sra.ebi.ac.uk/vol1/analysis/ERZ517/ERZ5174438/SAMN07658210.contigs.fa.gz		True	187	6140502
SRR6046274	SAMN07658597	True	1	1	ERZ5174794	ftp.sra.ebi.ac.uk/vol1/analysis/ERZ517/ERZ5174794/SAMN07658597.contigs.fa.gz		True	112	5182500
SRR6046896	SAMN07659497	True	1	1	ERZ5175431	ftp.sra.ebi.ac.uk/vol1/analysis/ERZ517/ERZ5175431/SAMN07659497.contigs.fa.gz		True	158	5160830
SRR6388760	SAMN08203232	True	1	1	ERZ5213580	ftp.sra.ebi.ac.uk/vol1/analysis/ERZ521/ERZ5213580/SAMN08203232.contigs.fa.gz		False	99	5142080
SRR7800440	SAMN09758996	True	1	1	ERZ8999474	ftp.sra.ebi.ac.uk/vol1/analysis/ERZ899/ERZ8999474/SAMN09758996.contigs.fa.gz		True	88	5128504
SRR7800442	SAMN09758829	True	1	1	ERZ9505052	ftp.sra.ebi.ac.uk/vol1/analysis/ERZ950/ERZ9505052/SAMN09758829.contigs.fa.gz		True	592	5837892
SRR7800580	SAMN09758880	True	1	1	ERZ9505069	ftp.sra.ebi.ac.uk/vol1/analysis/ERZ950/ERZ9505069/SAMN09758880.contigs.fa.gz		False	146	5366794
SRR8236425	SAMN10448987	True	1	1	ERZ25509012	ftp.sra.ebi.ac.uk/vol1/analysis/ERZ255/ERZ25509012/SAMN10448987.fa.gz		True	267	6361179
