stage_b_order	accession	artifact_role	relative_path	bytes	sha256	row_sha256
1	GCF_000005845.2	source_package	source_objects/GCF_000005845.2/package.zip	1790946	2d954ab625b463aefa20a10fda081d1661b08504747eeb6c29b8b1db9b22a3ca	d1924c1ac2f9cb1feb802b6f3939e8f8b384be93cae0d308613eb89743540f32
1	GCF_000005845.2	source_manifest	source_objects/GCF_000005845.2/manifest.json	3827	3e1eb9b9d24fc392039ea17a21bab957535e9bd68c2a208b8afed51208dfb09b	7539b8d6d907b4a77cdc2f410c594fd3495331819cd5595ea13537ad1f9c8f75
1	GCF_000005845.2	canonical_bgzf	canonical_objects/GCF_000005845.2/GCF_000005845.2.pansn.fa.gz	1314927	29caafdd0a8f06088fd2ae1688d304f4dbd4d7e4cca5b544734c8be2d7698ca5	29189965643e5f6bd05b784cf612ef001ff969d1a35ed515eef1a8a98a89031d
1	GCF_000005845.2	fai	canonical_objects/GCF_000005845.2/GCF_000005845.2.pansn.fa.gz.fai	47	d7b2f9fe42b84c3189630e4ed3a8270206eb97cbd0b866c24a8483846c26037c	0c6c8dbf717e26e1fbf5ff6114dce8a747934dee3dab4e53f687f01b4b85064c
1	GCF_000005845.2	gzi	canonical_objects/GCF_000005845.2/GCF_000005845.2.pansn.fa.gz.gzi	1160	5c8a0a9b0cbdabd24e61571dc9d6d20e8d1806ba6ac8cbe8e9d372c149700d00	1576160e51f165e883cf92147bf5645f464306885b848e23e867bf8a93d22a6c
1	GCF_000005845.2	contig_crosswalk	canonical_objects/GCF_000005845.2/contigs.tsv	1168	4c55a83e2684019c9156ec573f75cffe782fed684df1e5ab8bb80f919959aa98	5863311225c1b7e2106866ca503a458e9ae79f1a81f3682104710acf62f7a763
1	GCF_000005845.2	annotation_aliases	canonical_objects/GCF_000005845.2/annotation_aliases.tsv	534	9b35cf74e45ed9b46dafad05999abf0ea12ee04a0ac345fa6f82991dd2de1167	f83b31ff3e3e839ac2e9c0f11ad9a2ccc61923bc1c1fac995b84a40267559091
1	GCF_000005845.2	canonical_manifest	canonical_objects/GCF_000005845.2/manifest.json	2339	eec5886a7febab7b50a2f4e3aca1315e9004097a7a2416628a09c9f2627262ac	40275c49a44a2ef054365fb2d5fb731c89d1d7cef2c62b578ae23450d5637821
2	GCF_000812325.1	source_package	source_objects/GCF_000812325.1/package.zip	2066665	2422d1183b187aa26486b462b1dd77c1f065b36b56f33b1c7549f5853df2b6ec	84a7100c5ca88d9c87bd8cabb1bf779f932d93f87947ffc1bd2da732d5e37c42
2	GCF_000812325.1	source_manifest	source_objects/GCF_000812325.1/manifest.json	3829	7e1ae378763f37319e3c44bc5ac6989f889768ebddf56fafca7c0bacf4054b22	98bc5df11c2ac629c1b35e2252e262ff0f4cdd44ddd93c6818f9e5167c71ed20
2	GCF_000812325.1	canonical_bgzf	canonical_objects/GCF_000812325.1/GCF_000812325.1.pansn.fa.gz	1501230	04bd9d8bb7a275e90faef51d8f95f84d5dd77a9c75124aa34a002a0cf13a636c	c0e7ca37b45aa0ab16eb0891e34c930eeb2ed7bbc07ecde31e4462bbe04cbd4d
2	GCF_000812325.1	fai	canonical_objects/GCF_000812325.1/GCF_000812325.1.pansn.fa.gz.fai	12991	c4db26c2b01c4a5ad2b834a5cf203da599c39aa4924f5eacffdb58541b510568	ee550f40f084d50a2b6f53e89bd67566fe2374c83877126fb2d8308a23ea8bf6
2	GCF_000812325.1	gzi	canonical_objects/GCF_000812325.1/GCF_000812325.1.pansn.fa.gz.gzi	1304	2c7e090b82f553ccc9c5436d9971cf8fda20d61b252c2bee5a13bad25005e4d0	900aad870949b8646610fdc37f3f609b0e16a3325046f1f25aea166e2bd1af6a
2	GCF_000812325.1	contig_crosswalk	canonical_objects/GCF_000812325.1/contigs.tsv	160541	2c6fd3af5eee0a599892e7f069ba0bfd833536ed7ae625f1e75813a7bb0d4c70	96d012f09e8befc394f2cc6df73c544bdc38f7551977698e75b41e825ceb9fe0
2	GCF_000812325.1	annotation_aliases	canonical_objects/GCF_000812325.1/annotation_aliases.tsv	80238	43d2c954a5cab62e7009209170eb7e5a6455a332ab581d5a5e4996d6b0ac2de9	da57d651dc38856434a1926a74b743fa9b3d36d273dd78c407cf164f412abe84
2	GCF_000812325.1	canonical_manifest	canonical_objects/GCF_000812325.1/manifest.json	2349	6a7720f5af40a24a5d852d02409a59cd00a41b0009292c0e560ddfdcd520588d	ec8a89f443961a1abf40e450c724eb4d313b3f33de36ab98c86485db06027088
3	GCF_002302315.1	source_package	source_objects/GCF_002302315.1/package.zip	2085137	8a6d56df3750848468d99d77950dcb6afbcaa23ca3d17e594670cd0420f28630	5151a2e8b5b153a5aeacd5ab06a85c9c4dd1a5f4f316740870ed27279c97205f
3	GCF_002302315.1	source_manifest	source_objects/GCF_002302315.1/manifest.json	3830	d28098762882dc89908e8c96d5e64e36d9f884bf55984d9d5c4327265c9d8f63	6506445897d7d9a1fd6be53997228e860f295828289c1937973e80b94c1fd75b
3	GCF_002302315.1	canonical_bgzf	canonical_objects/GCF_002302315.1/GCF_002302315.1.pansn.fa.gz	1504775	d1d2dbb06812d9c698d097f8388b24cd358e475fb3966bebeb281e601559c249	618108e1e57fad092bdb5f765f2d25a6b126c5404618911408e783a334d03e65
3	GCF_002302315.1	fai	canonical_objects/GCF_002302315.1/GCF_002302315.1.pansn.fa.gz.fai	154	1c79eb0ec228b4a0805e3eba9cc28cd340515ddb6a88d45afe7f3c8a7d9bc1fa	30bf5cb4d24bcd347c97bb19bee3f50bba30c12f838b7a0ed725a1b924251cf3
3	GCF_002302315.1	gzi	canonical_objects/GCF_002302315.1/GCF_002302315.1.pansn.fa.gz.gzi	1320	47c3b7542f0fc8f784f35bcdd3b663614d9833c54df0dcb89aec51f3ceaf62c5	73649ecf28dbb7c44719abaee99c8f5a82eeeef83fb3051ea9acfefe453bdc37
3	GCF_002302315.1	contig_crosswalk	canonical_objects/GCF_002302315.1/contigs.tsv	2464	f64978acc15e2ea72c5bd1e50a88c29bc618e5055d3021370b58de6b7fe51cae	198733bdf885fe255e4a1d1b35aa21a898af67e4635c555eb5667266d7c74db3
3	GCF_002302315.1	annotation_aliases	canonical_objects/GCF_002302315.1/annotation_aliases.tsv	1176	fec3efc63aee59c51359be0e2b92f0057d771bb6ce355338d18f291bb1d68b97	50242e7505952ae7eaaca6824c614ae7cba83433dc29577e7e461e37ecc16016
3	GCF_002302315.1	canonical_manifest	canonical_objects/GCF_002302315.1/manifest.json	2344	6c35fa1a859b5a8ba4902cef15a9ef18fca011fb489b301fea713cc4c287f930	a847df055ce3ae0b8f4790ee84ddb0d3db91652cea2f65150085ce0544faac10
4	GCF_004664255.1	source_package	source_objects/GCF_004664255.1/package.zip	2034978	6e2e0aadfdac5029ea6f188fefcb65890726307562c7cc4db3e24e51572a6b87	0a5d43030dcdff108e7d76b9a90ddd1d05b4455c878cca95988c8c7d58d0dc00
4	GCF_004664255.1	source_manifest	source_objects/GCF_004664255.1/manifest.json	3830	361bcffcd420bc2f1e72d5dc81e70dca510349f39bc549f848ee14d7c1a163bf	fe32bc1d3a38e1965dba8bae915ff39a2f894e5eb08c921d4746e06528441715
4	GCF_004664255.1	canonical_bgzf	canonical_objects/GCF_004664255.1/GCF_004664255.1.pansn.fa.gz	1454522	f8b058d388a91cd25ba6e222f93a225801ca50ac7367f5e3bac035baebffcdf3	d9ea45e0ad0b49d90095ece010009691d014f5fcc553615f078399e4befeeeff
4	GCF_004664255.1	fai	canonical_objects/GCF_004664255.1/GCF_004664255.1.pansn.fa.gz.fai	7866	eec05b85badba0a8361e0612ea90e80a09b34f81850b613779a942c513362bfd	9fa60c9ea17946cb89a33f9d3504a4783cb763e20f57f5e5f3704874469ca9d1
4	GCF_004664255.1	gzi	canonical_objects/GCF_004664255.1/GCF_004664255.1.pansn.fa.gz.gzi	1272	f22d187dd8dd35b997fa6d42004707b29ae6a2c4be92fe609e78d0625a5b0ad5	a523dad466d2b2fd34a52a55f829b4e7a7b451e90501bbc01b64f4b93270635e
4	GCF_004664255.1	contig_crosswalk	canonical_objects/GCF_004664255.1/contigs.tsv	108601	19ac1b7cfbbf4759907e5c416fcdb8e00cece6eed870f38a14b1f8f91324bc48	c2c6e1eeff3de53bbd39e5468f52bb3e774087e90bde77119ee9b117e51e8924
4	GCF_004664255.1	annotation_aliases	canonical_objects/GCF_004664255.1/annotation_aliases.tsv	48804	5806d2c74ea76b1f57da1017e03bda43ba408b1ed47e669cf1144dfb5597ced2	d6df94324901e8b865cb4e461c9f8c89038212cc24ae8f5371a27cc95377d8de
4	GCF_004664255.1	canonical_manifest	canonical_objects/GCF_004664255.1/manifest.json	2349	ee3f180033def594c835eaa925933ed8691944ad4f4fbf691f3fe3b11faece85	b55fdcf06f440e01eb89ee20df26fdc0b283a7dcedbcf3f84544ce1de7491639
5	GCF_015644385.1	source_package	source_objects/GCF_015644385.1/package.zip	2046069	3823adf6dd082e687df2234ae61666fb3659b30bc4367449405fc9f3faccbe34	c05c76263b21c7133ef4cfdb54c2d19466a385e012cae88fba050cf33d2d72c2
5	GCF_015644385.1	source_manifest	source_objects/GCF_015644385.1/manifest.json	3831	2a51bc460d0434f420406af39b0a90c962cdbf3b38fc4f9164838e1490787487	507cac536d123d6ab0d62fd4be03592c553fb48d8eb0b466bb01219f006a1726
5	GCF_015644385.1	canonical_bgzf	canonical_objects/GCF_015644385.1/GCF_015644385.1.pansn.fa.gz	1465307	eda00ad6203fb814d8ad6f7d58cc2c8da9215b061ac67c47b8aaebdadb906572	b5542ca10fbcc7a92fec890f4a72f7fc9b624dbcf63727d31d9ff5736397e87b
5	GCF_015644385.1	fai	canonical_objects/GCF_015644385.1/GCF_015644385.1.pansn.fa.gz.fai	7985	002694446fd5214a6bac64b6cc649ba97d6abd84f161c4fdc1cd272c2341a707	c02a4ec1039a2bcd798c9808ac7ccf5b05a2c4ea2ccbfa7271f58a9db5a02099
5	GCF_015644385.1	gzi	canonical_objects/GCF_015644385.1/GCF_015644385.1.pansn.fa.gz.gzi	1272	b98a83646b1741741f9e0842058f8ea5abbf5ad3344947b44a1785bbaa02d4f5	a8fe260545c2964de16a6ffb557a98e5b993ac6dc35547c4c98bc2385bd747ec
5	GCF_015644385.1	contig_crosswalk	canonical_objects/GCF_015644385.1/contigs.tsv	106675	3c8ea86dc6ba73814ea67a763b267085ed10623e070503bac37b23145a1e5bae	744109424b3f9958e059b3a1ab2b959c170c2f0ca91e5e3c24886e49efe144a3
5	GCF_015644385.1	annotation_aliases	canonical_objects/GCF_015644385.1/annotation_aliases.tsv	50033	32c0051b878d10613d0fc77191b25889a4fbbd4f5a496af59bdbb426bc375922	888ab60cbe5bf2be3b0309f9bb5297a500771327a04559e0b6077480a131db47
5	GCF_015644385.1	canonical_manifest	canonical_objects/GCF_015644385.1/manifest.json	2350	9328ab8864f745b0b9a34449a8d0b18da0818e33c5674f7a7183d313f0817a56	441824b72a1664200f80f41ca0b8d07e9548cd27e24d1f215923305f1b87ca67
6	GCF_020829045.1	source_package	source_objects/GCF_020829045.1/package.zip	2027488	63721e1a18238618110fd4972b7c244e158efb7bfc5c7811cc2223384f8b8780	4ad2fe667db31a3da37e4eca61f105d99562b77337f1c5086f8cdba167e2f951
6	GCF_020829045.1	source_manifest	source_objects/GCF_020829045.1/manifest.json	3831	6c47e6417d02e095042fc6b8156d126014e3a0032a529fff28d2329c02003031	5b9d3c36963ef8a4c3ab6d28f97caa8247cb0188d25194d18a5aaa7c3fa2f3fb
6	GCF_020829045.1	canonical_bgzf	canonical_objects/GCF_020829045.1/GCF_020829045.1.pansn.fa.gz	1463145	cfd7f44fb88c8bc457f23d91602cf55526d8319cdcdedd422e2659b20016aacf	0f9477201af8020225c8c69094c5170be9e5037145528072bdca6df3061b3387
6	GCF_020829045.1	fai	canonical_objects/GCF_020829045.1/GCF_020829045.1.pansn.fa.gz.fai	457	38ab9b32ca74f9fc45a85576373a877e0e9deb49b5f8d90dc08169736921cc10	8f9091664ceb62431bdcac7be6b396be824afff95ff308b14e68f416645f4afd
6	GCF_020829045.1	gzi	canonical_objects/GCF_020829045.1/GCF_020829045.1.pansn.fa.gz.gzi	1288	3f11c63059a7c2859685372721932c434495afff86e69723f1c7fdb05f32dca3	6a9fec2d8c8bfe6326e4905e188d800fdaf4d35b8756db3273e72b1e7d52fe71
6	GCF_020829045.1	contig_crosswalk	canonical_objects/GCF_020829045.1/contigs.tsv	6472	cca6244357a98acba290bd63f43cebfe290d52f1e065aac7b237f4bd8e9e5232	00892e1740a6d63818324f0b3f765fb26841136d80cadb97a617db864a4becb9
6	GCF_020829045.1	annotation_aliases	canonical_objects/GCF_020829045.1/annotation_aliases.tsv	3096	a0fe3915c35f2be7c33a13ace4f8a81d3af229ef71e7e242982349c1b45d6826	d4650105ff22aeccb92b59b9bff26f619196fe4bb34f9fe4e78bf0a85797a86b
6	GCF_020829045.1	canonical_manifest	canonical_objects/GCF_020829045.1/manifest.json	2345	b079868a3d71a27c8f69c1dfd17eaddfe4cc587cdc6ab7841bd3cb467e496b8a	5f60d43db05d3f22bf3031ae36fc058bb783d13a24b1a1596b0af143a1f8a199
7	GCF_921380995.1	source_package	source_objects/GCF_921380995.1/package.zip	2063121	7df402b50da831353259a824e18ecc60398506f0e54d898485648ec6932bb247	d242a0ffcc5cc5cff017ce5cba46b71a57ef19e987ceaf67638939996bf59c93
7	GCF_921380995.1	source_manifest	source_objects/GCF_921380995.1/manifest.json	3825	bbbbfbaaeab5fd8bb01b1a15744360206913fbdb1d4a468b9d147e269d8bcc35	6209056de6fbb52b1f28f4d2749853cdc5dbd536b8896e1f8935435c7631719c
7	GCF_921380995.1	canonical_bgzf	canonical_objects/GCF_921380995.1/GCF_921380995.1.pansn.fa.gz	1492512	63eccca9fbdae27b72a22f488a632572ff0d7134a87fae8adc1b55f994563734	239028c500734c6aa33cd341af929d4c7b4a44d6a05ab2146115ac32fd901567
7	GCF_921380995.1	fai	canonical_objects/GCF_921380995.1/GCF_921380995.1.pansn.fa.gz.fai	9305	5ec2b4ff99e9bd5bb2b2ff094096810dd625a72429872d76d7d81cb0fc9af11b	753e78be4973ff1b56873ef9b84881e59ace12bd9aae63060b29eecff2705c10
7	GCF_921380995.1	gzi	canonical_objects/GCF_921380995.1/GCF_921380995.1.pansn.fa.gz.gzi	1304	a4402d279ca400d375f7bd95f46425de46798e423388f385ba69e7b42d1ca8ad	d8608129cf77444648c8546060b76f480a3f971b65bdb621d41d3b7de48bef56
7	GCF_921380995.1	contig_crosswalk	canonical_objects/GCF_921380995.1/contigs.tsv	113305	1c679b68675612f0b0c1f43b524aebf6f23c5b7cbc9a3e5219120a83b1767c38	864f82f87083c38ae3ba015b9c238157a8abda514c8f346727e52ef42dbd10b6
7	GCF_921380995.1	annotation_aliases	canonical_objects/GCF_921380995.1/annotation_aliases.tsv	57213	9659f5c4d46b9bf80e7953442f2ac196456a5cc072cfe63d2b0c4dad2cd25aa8	bb0a8a69acaa5b8d18ce6d96ffde548f8ee183c717942adc167cec623986faed
7	GCF_921380995.1	canonical_manifest	canonical_objects/GCF_921380995.1/manifest.json	2344	f449c4a962b76c2197b9d8aa248183f4148c0de3b3714f95975a519d797bc7c0	24c45d0521cbc9bf6b0f59b8259fdb2bc6426ed525c349287f8191f6a48fcf97
8	GCF_000167895.3	source_package	source_objects/GCF_000167895.3/package.zip	2250915	c93f93b5a1bb283b3b58e7c3bddc3afda8de4395c57870656749c6b610b2a261	b153173e639dae98510dfad3ccf1a25cef2c0ed3b9181138c33022a394abd9ec
8	GCF_000167895.3	source_manifest	source_objects/GCF_000167895.3/manifest.json	3829	2052516861722216b75991b543b9fd9e95c3d0e2af7055a746d6ba2b616c6be5	d3f9adc2de94fc15f3ffd81e2a8e486cb73c55c77873b7da8c120745868f8848
8	GCF_000167895.3	canonical_bgzf	canonical_objects/GCF_000167895.3/GCF_000167895.3.pansn.fa.gz	1618499	c40b787b6cb6ca7ca44c7f90700b4dfc33094f1e2132f6071d5243aaa6911bb1	e8bbe6763b673041d120f0a4947eaeb9414412a41d523484115d846ec4d5d657
8	GCF_000167895.3	fai	canonical_objects/GCF_000167895.3/GCF_000167895.3.pansn.fa.gz.fai	14433	11b5d8549779e4f4d5a294ac17a258f4036e702f7691efabb68d84a3a0d1cff7	f5109177b52f053ad1abe59459150c792ccdd80f3ab2c98fa9ce3b562b945cb1
8	GCF_000167895.3	gzi	canonical_objects/GCF_000167895.3/GCF_000167895.3.pansn.fa.gz.gzi	1416	6873782bf972c317d445ec9ca17ef446a904bebdb935c248d1d407b6623f5299	e5e5469ad921a2e8f3561f70b941824c4f8b74d0b225dfd24080290ac28ff3a7
8	GCF_000167895.3	contig_crosswalk	canonical_objects/GCF_000167895.3/contigs.tsv	182911	e219a89d53e089231a72baa5d1431fe58371aa10f3c500209663fdaec300869f	71fe90ae934af42d4ffe3b4e6000d72c89e813ee6842aa48ef998ae5a52d6b8f
8	GCF_000167895.3	annotation_aliases	canonical_objects/GCF_000167895.3/annotation_aliases.tsv	240	cd40aa389a30100c781d654e00f2807198c3c498d97099f6457427282fc8f296	e4cb4a82b3409a7f640ee8a2fe282576858e8e120dcb61644a305264f055b5d5
8	GCF_000167895.3	canonical_manifest	canonical_objects/GCF_000167895.3/manifest.json	2427	c54ed10516de278aac2fb0eab1f07ced73bfc2c94ea5c6008a29eca2123db385	cc4a7adfd2fd35392ff2188d18fd9b726d92ebf705ec44550cfbd50ec8971fd9
9	GCF_001881595.4	source_package	source_objects/GCF_001881595.4/package.zip	1970974	e4c4cb1ba6a0b277901d3f996a1118e820ae022c95e1e254c038e26ff6945d6a	54299f18fe3978a17dd3c036b333a6c06d8d66466c182dfae5ce512f8a6e0169
9	GCF_001881595.4	source_manifest	source_objects/GCF_001881595.4/manifest.json	3830	851298697dee81ada5904d903a3b8a40721c9bfcafcbce240f16509104070aaf	657c082cd6052de109dfbd85cf31f9414883b454da7fb256a5be2e903d2daa85
9	GCF_001881595.4	canonical_bgzf	canonical_objects/GCF_001881595.4/GCF_001881595.4.pansn.fa.gz	1413336	19cd6d04bcc76fb646bc500edd1e9c5228ccc5bee09303f1c832510c2e8e9775	d936277210d2c32ffe3305b11977ad446f743602634cb047d3475ce338906824
9	GCF_001881595.4	fai	canonical_objects/GCF_001881595.4/GCF_001881595.4.pansn.fa.gz.fai	6054	0b64a2f8e5e708ed1bf40d67c4687984ba9982e959e791afa28f58b149771f67	ff0bce46882ba42c6980a85b9243efa352f9e86e2d92a52602bd2faab6af0cae
9	GCF_001881595.4	gzi	canonical_objects/GCF_001881595.4/GCF_001881595.4.pansn.fa.gz.gzi	1240	1bec5e1a03dc309b06754102a6d605a60270e2569fd48d801c46a4edcd9091aa	6d6e00020db81fc1f115e0ed1aaceea00e5d16f9b3a4225a2d44975049e73550
9	GCF_001881595.4	contig_crosswalk	canonical_objects/GCF_001881595.4/contigs.tsv	82145	af74671695e74500ab71df53f49dd61b03e3055232d489f2ce6424b00f4320b2	501945183dd1affd7def85f713f8b66425fc4ad0f539245f01a32d1a38fb5068
9	GCF_001881595.4	annotation_aliases	canonical_objects/GCF_001881595.4/annotation_aliases.tsv	37650	bc28b0c26e992b560eb924a780632a256edd1e1f5487d3e0d586b4f73162e387	e095cafc750303407d69ff2731de9a99c3c30c4f763290aedb075be4f1c48485
9	GCF_001881595.4	canonical_manifest	canonical_objects/GCF_001881595.4/manifest.json	2349	9b71ed62a777e626a7d3a3e72a04d2141fcf18190bd5047d20a8ea9f0b592f07	1b698668e5f201df57faec62bbcf1c3a1caf544fd28decf4dbeee8f09d398be2
10	GCF_000498835.2	source_package	source_objects/GCF_000498835.2/package.zip	2092095	7edd0d0d903facb5c38aea21cc77f9b57593381c59e04bb54dd2fabda538d53d	e3ea1eefccfa47740d1441f70a5425962fc88e0dd2c7708692ee4628850ada46
10	GCF_000498835.2	source_manifest	source_objects/GCF_000498835.2/manifest.json	3826	5e85fe90970b006029fc36fb3af98231293d025428c30a3c1eca2e64827b945f	862fd777006cd7fd9977c7b666a73bfeb09ad1a98dd01b9f1b913fd91ea2bf54
10	GCF_000498835.2	canonical_bgzf	canonical_objects/GCF_000498835.2/GCF_000498835.2.pansn.fa.gz	1517172	17b4a7bdde24087ca45de5548c7b82a7608db0a539cb309803b86671eb7750a5	1c4e3a3d471c937c3135de94a73b495c1331e34aefa41b7db053735fd6f3a430
10	GCF_000498835.2	fai	canonical_objects/GCF_000498835.2/GCF_000498835.2.pansn.fa.gz.fai	8616	605a7108dd0a0090d38912a0f6a276bdf7327a7c994908c670472bd117ba2972	e0de3ed7a703640a94be326097ac7c75029d98b68d355184787e0155366bdfa6
10	GCF_000498835.2	gzi	canonical_objects/GCF_000498835.2/GCF_000498835.2.pansn.fa.gz.gzi	1320	aec3e9c152bbf4c8a391ae22f134191ea1699970dc4cc6ecfe2894139775cbc3	aff1c31e6389612b64ee4973c1761cedcf737ad077276e6f2c171b5c1c772568
10	GCF_000498835.2	contig_crosswalk	canonical_objects/GCF_000498835.2/contigs.tsv	105276	5b07263a84fd4c29421297e887347516fb59e9972eddbe99286e9ead7e674c56	42d7a4e78ed197582e0978b55876195775bda677f85bf8e31a2820d583ab2381
10	GCF_000498835.2	annotation_aliases	canonical_objects/GCF_000498835.2/annotation_aliases.tsv	52860	177e83c4ede08ed34242a1c6951ace86cde8999702266b39416ad884825bc2fd	d6eb8504eb61e91fe0644d9d6c58e862045650d33739832569332ef220dea442
10	GCF_000498835.2	canonical_manifest	canonical_objects/GCF_000498835.2/manifest.json	2345	cf1e96f67c3e1ad56cd741ecb06ab6001f8664b8004f5541a57f65e5d8ca5de5	43695938ffb5d690538ce7ffddaa78a5c13e8e3c19ff542c6d09ed175feb0cfc
