genome_id	n_seqs	seq_accessions	total_bp	local_match	plan
1138383.42	1	CP118870	5510556	GCA_045780085.1	link_v1v2
117567.18	4	CAXUTK010000003,CAXUTK010000004,CAXUTK010000002,CAXUTK010000001	6138747		download_bvbrc
1185650.1176	1	CP119724	4921095	GCA_030463595.1	link_v1v2
1185650.1307	4	AP028615,AP028616,AP028613,AP028614	5442421	GCA_041154555.1	link_v1v2
1185650.1308	4	AP028618,AP028617,AP028619,AP028620	5441615	GCA_041154565.1	link_v1v2
1185650.1309	4	AP028624,AP028623,AP028622,AP028621	5442593	GCA_041154575.1	link_v1v2
1185650.1310	4	AP028628,AP028627,AP028625,AP028626	5442622	GCA_041154585.1	link_v1v2
1185650.1311	4	AP028631,AP028630,AP028632,AP028629	5447685	GCA_041154595.1	link_v1v2
1185650.1312	1	CP125773	5108957	GCA_046529355.1	link_v1v2
1185650.1313	1	CP125774	4898733	GCA_046529365.1	link_v1v2
1185650.1314	1	CP125775	4881725	GCA_046529375.1	link_v1v2
1185650.1315	2	CP125776,CP125777	5155639	GCA_046529385.1	link_v1v2
1185650.1316	2	CP125778,CP125779	5182394	GCA_046529395.1	link_v1v2
1185650.1318	22	JBLLSM010000002,JBLLSM010000014,JBLLSM010000016,JBLLSM010000020,JBLLSM010000004,JBLLSM010000006,JBLLSM010000008,JBLLSM010000005,JBLLSM010000022,JBLLSM010000012,JBLLSM010000019,JBLLSM010000003,JBLLSM010000009,JBLLSM010000018,JBLLSM010000007,JBLLSM010000011,JBLLSM010000013,JBLLSM010000001,JBLLSM010000010,JBLLSM010000015,JBLLSM010000017,JBLLSM010000021	4975409	GCA_047738035.1	link_v1v2
1185650.1320	22	JBLLSO010000019,JBLLSO010000011,JBLLSO010000015,JBLLSO010000022,JBLLSO010000004,JBLLSO010000016,JBLLSO010000018,JBLLSO010000007,JBLLSO010000008,JBLLSO010000009,JBLLSO010000003,JBLLSO010000012,JBLLSO010000017,JBLLSO010000002,JBLLSO010000005,JBLLSO010000010,JBLLSO010000013,JBLLSO010000001,JBLLSO010000006,JBLLSO010000014,JBLLSO010000020,JBLLSO010000021	5000251	GCA_047738075.1	link_v1v2
1185650.1321	22	JBLLSN010000020,JBLLSN010000013,JBLLSN010000011,JBLLSN010000021,JBLLSN010000014,JBLLSN010000007,JBLLSN010000010,JBLLSN010000012,JBLLSN010000003,JBLLSN010000017,JBLLSN010000004,JBLLSN010000008,JBLLSN010000001,JBLLSN010000002,JBLLSN010000006,JBLLSN010000009,JBLLSN010000015,JBLLSN010000019,JBLLSN010000005,JBLLSN010000016,JBLLSN010000018,JBLLSN010000022	4999959	GCA_047738055.1	link_v1v2
1185650.1322	5	JBLLSP010000003,JBLLSP010000002,JBLLSP010000001,JBLLSP010000004,JBLLSP010000005	5075320	GCA_047738095.1	link_v1v2
1185650.1323	4	JBLLSQ010000004,JBLLSQ010000003,JBLLSQ010000001,JBLLSQ010000002	5050706	GCA_047738105.1	link_v1v2
1185650.1324	10	JBLLSX010000005,JBLLSX010000001,JBLLSX010000008,JBLLSX010000003,JBLLSX010000007,JBLLSX010000009,JBLLSX010000002,JBLLSX010000004,JBLLSX010000006,JBLLSX010000010	5076507	GCA_047738215.1	link_v1v2
1185650.1325	6	JBLLSU010000006,JBLLSU010000003,JBLLSU010000005,JBLLSU010000002,JBLLSU010000001,JBLLSU010000004	5050205	GCA_047738195.1	link_v1v2
1185650.1326	10	JBLLST010000009,JBLLST010000001,JBLLST010000005,JBLLST010000010,JBLLST010000003,JBLLST010000004,JBLLST010000002,JBLLST010000006,JBLLST010000007,JBLLST010000008	5075587	GCA_047738175.1	link_v1v2
1185650.1327	15	JBLLSV010000011,JBLLSV010000005,JBLLSV010000012,JBLLSV010000006,JBLLSV010000002,JBLLSV010000008,JBLLSV010000014,JBLLSV010000015,JBLLSV010000003,JBLLSV010000007,JBLLSV010000004,JBLLSV010000009,JBLLSV010000001,JBLLSV010000010,JBLLSV010000013	4972521	GCA_047738235.1	link_v1v2
1185650.1328	17	JBLLSY010000001,JBLLSY010000006,JBLLSY010000004,JBLLSY010000017,JBLLSY010000013,JBLLSY010000015,JBLLSY010000003,JBLLSY010000009,JBLLSY010000007,JBLLSY010000008,JBLLSY010000002,JBLLSY010000012,JBLLSY010000014,JBLLSY010000005,JBLLSY010000010,JBLLSY010000011,JBLLSY010000016	4969287	GCA_047738255.1	link_v1v2
1185650.1329	11	JBLLSW010000011,JBLLSW010000008,JBLLSW010000006,JBLLSW010000001,JBLLSW010000007,JBLLSW010000003,JBLLSW010000004,JBLLSW010000002,JBLLSW010000005,JBLLSW010000009,JBLLSW010000010	5076865	GCA_047738245.1	link_v1v2
1185650.1330	7	JBLLSZ010000002,JBLLSZ010000003,JBLLSZ010000007,JBLLSZ010000006,JBLLSZ010000005,JBLLSZ010000004,JBLLSZ010000001	4768350	GCA_047738285.1	link_v1v2
1185650.1331	22	JBLLTA010000011,JBLLTA010000017,JBLLTA010000002,JBLLTA010000014,JBLLTA010000003,JBLLTA010000013,JBLLTA010000007,JBLLTA010000018,JBLLTA010000008,JBLLTA010000020,JBLLTA010000022,JBLLTA010000010,JBLLTA010000012,JBLLTA010000021,JBLLTA010000015,JBLLTA010000016,JBLLTA010000019,JBLLTA010000001,JBLLTA010000004,JBLLTA010000005,JBLLTA010000006,JBLLTA010000009	5100018	GCA_047738315.1	link_v1v2
1185650.1336	24	JBLLTD010000010,JBLLTD010000013,JBLLTD010000012,JBLLTD010000011,JBLLTD010000021,JBLLTD010000003,JBLLTD010000018,JBLLTD010000014,JBLLTD010000022,JBLLTD010000002,JBLLTD010000006,JBLLTD010000005,JBLLTD010000020,JBLLTD010000009,JBLLTD010000019,JBLLTD010000017,JBLLTD010000024,JBLLTD010000001,JBLLTD010000007,JBLLTD010000004,JBLLTD010000008,JBLLTD010000015,JBLLTD010000016,JBLLTD010000023	4831294	GCA_047738365.1	link_v1v2
1185650.1341	23	JBLLTO010000010,JBLLTO010000006,JBLLTO010000005,JBLLTO010000008,JBLLTO010000003,JBLLTO010000015,JBLLTO010000012,JBLLTO010000018,JBLLTO010000009,JBLLTO010000022,JBLLTO010000023,JBLLTO010000007,JBLLTO010000011,JBLLTO010000017,JBLLTO010000002,JBLLTO010000016,JBLLTO010000019,JBLLTO010000004,JBLLTO010000013,JBLLTO010000021,JBLLTO010000001,JBLLTO010000014,JBLLTO010000020	5078279	GCA_047738595.1	link_v1v2
1185650.1343	19	JBLLTI010000017,JBLLTI010000013,JBLLTI010000010,JBLLTI010000001,JBLLTI010000009,JBLLTI010000006,JBLLTI010000011,JBLLTI010000003,JBLLTI010000014,JBLLTI010000004,JBLLTI010000015,JBLLTI010000018,JBLLTI010000019,JBLLTI010000002,JBLLTI010000007,JBLLTI010000012,JBLLTI010000005,JBLLTI010000008,JBLLTI010000016	5129440	GCA_047738505.1	link_v1v2
1185650.1344	22	JBLLTL010000013,JBLLTL010000009,JBLLTL010000015,JBLLTL010000007,JBLLTL010000021,JBLLTL010000002,JBLLTL010000020,JBLLTL010000001,JBLLTL010000012,JBLLTL010000014,JBLLTL010000016,JBLLTL010000019,JBLLTL010000008,JBLLTL010000017,JBLLTL010000018,JBLLTL010000004,JBLLTL010000005,JBLLTL010000011,JBLLTL010000003,JBLLTL010000006,JBLLTL010000010,JBLLTL010000022	5075578	GCA_047738515.1	link_v1v2
1185650.1345	25	JBLLTN010000005,JBLLTN010000024,JBLLTN010000020,JBLLTN010000001,JBLLTN010000014,JBLLTN010000022,JBLLTN010000008,JBLLTN010000019,JBLLTN010000025,JBLLTN010000012,JBLLTN010000017,JBLLTN010000021,JBLLTN010000013,JBLLTN010000016,JBLLTN010000018,JBLLTN010000003,JBLLTN010000006,JBLLTN010000011,JBLLTN010000026,JBLLTN010000002,JBLLTN010000004,JBLLTN010000009,JBLLTN010000027,JBLLTN010000007,JBLLTN010000010	4656368	GCA_047738535.1	link_v1v2
1185650.1365	15	JBLLUH010000013,JBLLUH010000008,JBLLUH010000005,JBLLUH010000002,JBLLUH010000009,JBLLUH010000012,JBLLUH010000003,JBLLUH010000004,JBLLUH010000006,JBLLUH010000007,JBLLUH010000010,JBLLUH010000001,JBLLUH010000011,JBLLUH010000014,JBLLUH010000015	4826163	GCA_047738975.1	link_v1v2
1185650.1371	25	JBLLUO010000028,JBLLUO010000015,JBLLUO010000011,JBLLUO010000010,JBLLUO010000017,JBLLUO010000012,JBLLUO010000027,JBLLUO010000003,JBLLUO010000008,JBLLUO010000021,JBLLUO010000013,JBLLUO010000014,JBLLUO010000024,JBLLUO010000001,JBLLUO010000002,JBLLUO010000006,JBLLUO010000007,JBLLUO010000026,JBLLUO010000005,JBLLUO010000018,JBLLUO010000019,JBLLUO010000020,JBLLUO010000022,JBLLUO010000004,JBLLUO010000009	4847896	GCA_047739095.1	link_v1v2
1185650.1374	15	JBLLUR010000015,JBLLUR010000011,JBLLUR010000007,JBLLUR010000010,JBLLUR010000008,JBLLUR010000013,JBLLUR010000014,JBLLUR010000001,JBLLUR010000002,JBLLUR010000003,JBLLUR010000004,JBLLUR010000009,JBLLUR010000005,JBLLUR010000006,JBLLUR010000012	4959161	GCA_047739165.1	link_v1v2
1430326.7	1	OY970459	5303299	GCA_963853665.1	link_v1v2
144549.17	1	CP194182	6333915		download_bvbrc
146020.13	3	JBTGPB010000001,JBTGPB010000002,JBTGPB010000003	7296582		download_bvbrc
169765.18	1	OY970455	5077830	GCA_963853655.1	link_v1v2
1764.589	3	AP043789,AP043788,AP043787	5607771	GCA_055386175.1	link_v1v2
1766.141	3	JBLVUS010000002,JBLVUS010000001,JBLVUS010000003	6565671	GCA_048286955.1	link_v1v2
1766.142	9	JBLVUR010000006,JBLVUR010000002,JBLVUR010000003,JBLVUR010000005,JBLVUR010000004,JBLVUR010000007,JBLVUR010000001,JBLVUR010000009,JBLVUR010000008	7135101	GCA_048286935.1	link_v1v2
1766.166	11	CBDBSO010000007,CBDBSO010000001,CBDBSO010000002,CBDBSO010000003,CBDBSO010000011,CBDBSO010000005,CBDBSO010000010,CBDBSO010000008,CBDBSO010000009,CBDBSO010000004,CBDBSO010000006	7115163	GCA_965210375.1	link_v1v2
1767.260	1	CP162651	5257760	GCA_040960825.1	link_v1v2
1767.261	1	CP162939	5523812	GCA_040970175.1	link_v1v2
1767.262	2	CP162918,CP162917	5768492	GCA_040970235.1	link_v1v2
1768.314	1	CP159988	6432395		download_bvbrc
1770.158	1	CP171462	4840014	GCA_043590545.1	link_v1v2
1770.159	1	CP171461	4838903	GCA_043591295.1	link_v1v2
1770.160	1	CP172317	4840003	GCA_044336305.1	link_v1v2
1770.161	1	CP172316	4838927	GCA_044336315.1	link_v1v2
1770.162	1	CP172315	4825824	GCA_044336345.1	link_v1v2
1770.163	1	CP170626	4828261	GCA_045348825.1	link_v1v2
1770.826	1	CP187367	4832524	GCA_049810335.1	link_v1v2
1770.827	2	JBJXVT010000002,JBJXVT010000001	4911315	GCA_051523275.1	link_v1v2
1770.828	1	CP174527	4911363		download_bvbrc
1770.853	1	CM144034	4773124	GCA_055419105.1	link_v1v2
1774.147	25	JBJIAN010000008,JBJIAN010000023,JBJIAN010000003,JBJIAN010000016,JBJIAN010000025,JBJIAN010000006,JBJIAN010000022,JBJIAN010000002,JBJIAN010000007,JBJIAN010000001,JBJIAN010000018,JBJIAN010000010,JBJIAN010000021,JBJIAN010000012,JBJIAN010000017,JBJIAN010000024,JBJIAN010000009,JBJIAN010000014,JBJIAN010000015,JBJIAN010000026,JBJIAN010000004,JBJIAN010000005,JBJIAN010000011,JBJIAN010000013,JBJIAN010000019	5191679	GCA_045310755.1	link_v1v2
1774.149	3	JBLVUP010000003,JBLVUP010000001,JBLVUP010000002	5068679	GCA_048282795.1	link_v1v2
1774.150	2	JBLVUQ010000002,JBLVUQ010000001	5131505	GCA_048286995.1	link_v1v2
1774.151	6	JBLVUV010000003,JBLVUV010000006,JBLVUV010000005,JBLVUV010000004,JBLVUV010000001,JBLVUV010000002	5239709	GCA_048287055.1	link_v1v2
1774.153	20	JBEFSE010000018,JBEFSE010000005,JBEFSE010000009,JBEFSE010000017,JBEFSE010000001,JBEFSE010000015,JBEFSE010000016,JBEFSE010000004,JBEFSE010000011,JBEFSE010000012,JBEFSE010000020,JBEFSE010000008,JBEFSE010000013,JBEFSE010000019,JBEFSE010000002,JBEFSE010000003,JBEFSE010000010,JBEFSE010000014,JBEFSE010000006,JBEFSE010000007	5009404	GCA_053483335.1	link_v1v2
1774.155	25	JBEFSQ010000022,JBEFSQ010000005,JBEFSQ010000024,JBEFSQ010000003,JBEFSQ010000008,JBEFSQ010000010,JBEFSQ010000006,JBEFSQ010000017,JBEFSQ010000012,JBEFSQ010000025,JBEFSQ010000018,JBEFSQ010000020,JBEFSQ010000021,JBEFSQ010000015,JBEFSQ010000023,JBEFSQ010000026,JBEFSQ010000007,JBEFSQ010000009,JBEFSQ010000016,JBEFSQ010000001,JBEFSQ010000013,JBEFSQ010000014,JBEFSQ010000019,JBEFSQ010000002,JBEFSQ010000004	5064482	GCA_053483615.1	link_v1v2
1774.156	25	JBEFSR010000001,JBEFSR010000015,JBEFSR010000026,JBEFSR010000017,JBEFSR010000018,JBEFSR010000027,JBEFSR010000008,JBEFSR010000010,JBEFSR010000025,JBEFSR010000005,JBEFSR010000012,JBEFSR010000020,JBEFSR010000004,JBEFSR010000007,JBEFSR010000021,JBEFSR010000024,JBEFSR010000002,JBEFSR010000006,JBEFSR010000013,JBEFSR010000016,JBEFSR010000022,JBEFSR010000003,JBEFSR010000009,JBEFSR010000011,JBEFSR010000014	5160837	GCA_053483635.1	link_v1v2
1774.157	24	JBEFSS010000001,JBEFSS010000021,JBEFSS010000003,JBEFSS010000015,JBEFSS010000022,JBEFSS010000024,JBEFSS010000004,JBEFSS010000014,JBEFSS010000005,JBEFSS010000009,JBEFSS010000006,JBEFSS010000011,JBEFSS010000016,JBEFSS010000010,JBEFSS010000013,JBEFSS010000018,JBEFSS010000007,JBEFSS010000012,JBEFSS010000017,JBEFSS010000023,JBEFSS010000002,JBEFSS010000008,JBEFSS010000019,JBEFSS010000020	5207983	GCA_053483655.1	link_v1v2
1774.158	15	BAAHWI010000005,BAAHWI010000006,BAAHWI010000009,BAAHWI010000001,BAAHWI010000011,BAAHWI010000003,BAAHWI010000012,BAAHWI010000013,BAAHWI010000014,BAAHWI010000007,BAAHWI010000008,BAAHWI010000010,BAAHWI010000002,BAAHWI010000004,BAAHWI010000015	4984018		download_bvbrc
1774.159	2	LC872744,AP043661	5086557		download_bvbrc
1774.162	25	JAWZTU010000018,JAWZTU010000020,JAWZTU010000014,JAWZTU010000015,JAWZTU010000010,JAWZTU010000024,JAWZTU010000002,JAWZTU010000007,JAWZTU010000012,JAWZTU010000011,JAWZTU010000021,JAWZTU010000026,JAWZTU010000003,JAWZTU010000016,JAWZTU010000017,JAWZTU010000006,JAWZTU010000025,JAWZTU010000027,JAWZTU010000008,JAWZTU010000013,JAWZTU010000019,JAWZTU010000022,JAWZTU010000001,JAWZTU010000004,JAWZTU010000005	5032232		download_bvbrc
1774.164	25	JAWZTX010000011,JAWZTX010000007,JAWZTX010000012,JAWZTX010000015,JAWZTX010000017,JAWZTX010000019,JAWZTX010000003,JAWZTX010000022,JAWZTX010000008,JAWZTX010000016,JAWZTX010000001,JAWZTX010000002,JAWZTX010000010,JAWZTX010000004,JAWZTX010000009,JAWZTX010000020,JAWZTX010000013,JAWZTX010000021,JAWZTX010000024,JAWZTX010000005,JAWZTX010000006,JAWZTX010000014,JAWZTX010000018,JAWZTX010000023,JAWZTX010000025	5047390		download_bvbrc
1781.342	2	CP129323,CP129324	6582791	GCA_045277555.1	link_v1v2
1785.630	1	OZ245772	6020729	GCA_965227825.1	link_v1v2
1796.26	2	JBLVUO010000001,JBLVUO010000002	6752396	GCA_048282815.1	link_v1v2
1799.15	2	CP192572,CP192571	5979920		download_bvbrc
1804.15	2	JBQZRH010000002,CM127516	6127897	GCA_052695285.1	link_v1v2
1804.16	2	CM127517,JBQZRI010000002	6014572	GCA_052695305.1	link_v1v2
1807.22	2	LC872747,AP043664	5831501		download_bvbrc
1807.23	2	AP043663,LC872746	5793490		download_bvbrc
1807.24	2	AP043662,LC872745	5828128		download_bvbrc
1962118.470	1	CP163267	4432260	GCA_041002745.1	link_v1v2
1962118.471	1	CP139869	4809104	GCA_042453215.1	link_v1v2
1962118.472	1	CP139870	4811283	GCA_042453965.1	link_v1v2
1962118.473	1	CP139871	4810110	GCA_042454715.1	link_v1v2
1962118.474	1	CP139872	4811046	GCA_042455445.1	link_v1v2
1962118.475	13	JBLLSR010000007,JBLLSR010000004,JBLLSR010000008,JBLLSR010000011,JBLLSR010000003,JBLLSR010000001,JBLLSR010000009,JBLLSR010000002,JBLLSR010000005,JBLLSR010000012,JBLLSR010000013,JBLLSR010000006,JBLLSR010000010	5106176	GCA_047738115.1	link_v1v2
1962118.476	19	JBLLSS010000001,JBLLSS010000018,JBLLSS010000003,JBLLSS010000005,JBLLSS010000013,JBLLSS010000004,JBLLSS010000009,JBLLSS010000019,JBLLSS010000007,JBLLSS010000014,JBLLSS010000017,JBLLSS010000002,JBLLSS010000010,JBLLSS010000011,JBLLSS010000012,JBLLSS010000006,JBLLSS010000008,JBLLSS010000015,JBLLSS010000016	5052636	GCA_047738125.1	link_v1v2
2587097.3	14	JACIBB010000009,JACIBB010000011,JACIBB010000002,JACIBB010000010,JACIBB010000012,JACIBB010000003,JACIBB010000013,JACIBB010000007,JACIBB010000001,JACIBB010000006,JACIBB010000004,JACIBB010000005,JACIBB010000014,JACIBB010000008	6998111		download_bvbrc
2587126.3	12	JACIAX010000007,JACIAX010000009,JACIAX010000010,JACIAX010000006,JACIAX010000012,JACIAX010000004,JACIAX010000005,JACIAX010000001,JACIAX010000003,JACIAX010000008,JACIAX010000011,JACIAX010000002	6978591		download_bvbrc
280871.16	19	LXOV01000003,LXOV01000010,LXOV01000014,LXOV01000009,LXOV01000019,LXOV01000008,LXOV01000006,LXOV01000005,LXOV01000017,LXOV01000004,LXOV01000012,LXOV01000016,LXOV01000007,LXOV01000013,LXOV01000018,LXOV01000001,LXOV01000002,LXOV01000011,LXOV01000015	6577636	GCA_025331195.1	link_v1v2
2857058.4	2	CP079864,CP079863	6027766	GCA_025263485.1	link_v1v2
2857058.5	2	CP079864,CP079863	6027766	GCA_025263485.1	link_v1v2
2857058.6	2	CP079864,CP079863	6027766	GCA_025263485.1	link_v1v2
2857059.4	11	CP079877,CP079872,CP079871,CP079875,CP079870,CP079879,CP079873,CP079876,CP079874,CP079869,CP079878	5936685	GCA_025263265.1	link_v1v2
2857059.5	11	CP079872,CP079873,CP079870,CP079871,CP079875,CP079869,CP079874,CP079876,CP079879,CP079877,CP079878	5936685	GCA_025263265.1	link_v1v2
2857059.6	11	CP079873,CP079869,CP079877,CP079876,CP079878,CP079872,CP079875,CP079879,CP079871,CP079870,CP079874	5936685	GCA_025263265.1	link_v1v2
2857060.4	4	CP079865,CP079867,CP079866,CP079868	6882089	GCA_025263565.1	link_v1v2
2857060.5	4	CP079865,CP079866,CP079868,CP079867	6882089	GCA_025263565.1	link_v1v2
2857060.6	4	CP079866,CP079865,CP079867,CP079868	6882089	GCA_025263565.1	link_v1v2
2903536.7	5	AP025527,AP025526,AP025524,AP025525,AP025528	6729043	GCA_022179425.1	link_v1v2
2973093.3	1	CP166497	6620168	GCA_041320295.1	link_v1v2
2973594.3	1	CP166457	6621492	GCA_041295725.1	link_v1v2
2978347.3	14	JAODWD010000010,JAODWD010000001,JAODWD010000011,JAODWD010000004,JAODWD010000006,JAODWD010000003,JAODWD010000009,JAODWD010000002,JAODWD010000008,JAODWD010000014,JAODWD010000007,JAODWD010000012,JAODWD010000013,JAODWD010000005	5632578	GCA_025345615.1	link_v1v2
3023368.5	2	BSPZ01000002,BSPZ01000001	6008954	GCA_030161295.1	link_v1v2
3023369.5	3	BSPY01000003,BSPY01000001,BSPY01000002	5836029	GCA_030161275.1	link_v1v2
3023370.3	1	AP027291	6054104	GCA_030295745.1	link_v1v2
3023370.4	1	AP027291	6054104	GCA_030295745.1	link_v1v2
3023370.5	1	AP027291	6054104	GCA_030295745.1	link_v1v2
3023370.6	1	AP027291	6054104	GCA_030295745.1	link_v1v2
3023370.7	1	AP027291	6054104	GCA_030295745.1	link_v1v2
3025189.5	5	JAQYVB010000002,JAQYVB010000001,JAQYVB010000003,JAQYVB010000004,JAQYVB010000005	4509467	GCA_028728255.1	link_v1v2
3056937.4	1	CP129613	6488666	GCA_030486405.1	link_v1v2
3056937.5	1	CP129613	6488666	GCA_030486405.1	link_v1v2
3056937.6	1	CP129613	6488666	GCA_030486405.1	link_v1v2
3064284.3	2	OY726396,OY726395	5224726	GCA_963378085.1	link_v1v2
3064284.4	2	OY726396,OY726395	5224726	GCA_963378085.1	link_v1v2
3064284.5	2	OY726396,OY726395	5224726	GCA_963378085.1	link_v1v2
3064286.3	1	OY726397	5453374	GCA_963378095.1	link_v1v2
3064286.4	1	OY726397	5453374	GCA_963378095.1	link_v1v2
3064286.5	1	OY726397	5453374	GCA_963378095.1	link_v1v2
3064287.3	1	OY726394	4341397	GCA_963378075.1	link_v1v2
3064287.4	1	OY726394	4341397	GCA_963378075.1	link_v1v2
3064287.5	1	OY726394	4341397	GCA_963378075.1	link_v1v2
3064288.3	1	OY726398	4794172	GCA_963378105.1	link_v1v2
3064288.4	1	OY726398	4794172	GCA_963378105.1	link_v1v2
3064288.5	1	OY726398	4794172	GCA_963378105.1	link_v1v2
3073562.3	1	CP134062	6790973		download_bvbrc
3073562.4	1	CP134062	6790973		download_bvbrc
3122055.3	1	CP146371	6056820	GCA_043974665.1	link_v1v2
3145017.3	2	CP155796,CP155797	6259455	GCA_039729195.1	link_v1v2
3145017.4	2	CP155796,CP155797	6259455	GCA_039729195.1	link_v1v2
3145017.5	2	CP155796,CP155797	6259455	GCA_039729195.1	link_v1v2
3289775.3	1	CP169059	5800079	GCA_041890355.1	link_v1v2
3317307.3	1	CP169251	5909519	GCA_041902445.1	link_v1v2
3364295.3	25	JBITCD010000012,JBITCD010000024,JBITCD010000004,JBITCD010000008,JBITCD010000010,JBITCD010000009,JBITCD010000014,JBITCD010000003,JBITCD010000021,JBITCD010000020,JBITCD010000022,JBITCD010000001,JBITCD010000005,JBITCD010000006,JBITCD010000017,JBITCD010000018,JBITCD010000019,JBITCD010000025,JBITCD010000011,JBITCD010000013,JBITCD010000023,JBITCD010000026,JBITCD010000002,JBITCD010000007,JBITCD010000015	6318692	GCA_044452905.1	link_v1v2
3376069.3	2	JBISVF010000002,JBISVF010000001	5521016	GCA_044385025.1	link_v1v2
3378087.3	3	CP174281,CP174282,CP174280	5576639	GCA_045343915.1	link_v1v2
3385967.3	2	CP176427,CP176428	6076186	GCA_046250085.1	link_v1v2
3385967.4	2	CP176427,CP176428	6076186	GCA_046250085.1	link_v1v2
3385968.3	1	CP176429	4823686	GCA_046250075.1	link_v1v2
3385968.4	1	CP176429	4823686	GCA_046250075.1	link_v1v2
3385969.3	1	CP176430	4863145	GCA_046250095.1	link_v1v2
3385969.4	1	CP176430	4863145	GCA_046250095.1	link_v1v2
3391399.3	1	CP182502	5804442	GCA_048282635.1	link_v1v2
3400424.3	5	JBLVUX010000003,JBLVUX010000001,JBLVUX010000005,JBLVUX010000002,JBLVUX010000004	7316505	GCA_048287075.1	link_v1v2
3400425.3	8	JBLVUN010000002,JBLVUN010000008,JBLVUN010000005,JBLVUN010000004,JBLVUN010000007,JBLVUN010000003,JBLVUN010000001,JBLVUN010000006	7727894	GCA_048282715.1	link_v1v2
3400426.3	2	JBLVUL010000001,JBLVUL010000002	7611443	GCA_048282725.1	link_v1v2
36809.1188	3	CP167797,CP167798,CP167799	5161060	GCA_041494495.1	link_v1v2
36809.1189	3	CP167794,CP167795,CP167796	5161060	GCA_041497025.1	link_v1v2
36809.1190	3	CP167803,CP167805,CP167804	5161059	GCA_041499715.1	link_v1v2
36809.1191	3	CP167806,CP167807,CP167808	5161059	GCA_041501425.1	link_v1v2
36809.1192	3	CP167800,CP167801,CP167802	5161058	GCA_041501435.1	link_v1v2
36809.1193	3	CP167809,CP167810,CP167811	5137881	GCA_041501445.1	link_v1v2
36809.1194	1	CP167812	5020550	GCA_041501455.1	link_v1v2
36809.1393	5	JBLVUU010000001,JBLVUU010000005,JBLVUU010000003,JBLVUU010000002,JBLVUU010000004	5286281	GCA_048287035.1	link_v1v2
36809.1394	5	JBLVUW010000003,JBLVUW010000004,JBLVUW010000001,JBLVUW010000002,JBLVUW010000005	5359267	GCA_048287095.1	link_v1v2
36809.1937	2	CP172086,CP172085	4936773	GCA_051055845.1	link_v1v2
36809.1938	2	CP172088,CP172087	4936947	GCA_051056535.1	link_v1v2
36809.1939	2	CP172089,CP172090	4936864	GCA_051056565.1	link_v1v2
36809.1940	2	CP172091,CP172092	4936947	GCA_051057315.1	link_v1v2
36809.1941	2	CP172093,CP172094	4936947	GCA_051057325.1	link_v1v2
36809.1942	2	CM125927,JBQPNS010000002	5063580	GCA_052220945.1	link_v1v2
36809.1943	2	CM125928,JBQPNW010000002	5063585	GCA_052220965.1	link_v1v2
36809.1944	2	JBQPNV010000002,CM125930	5063581	GCA_052221005.1	link_v1v2
36809.1945	2	JBQPNT010000002,CM125932	5063581	GCA_052221045.1	link_v1v2
36809.1946	2	CM125931,JBQPNU010000002	5063579	GCA_052221025.1	link_v1v2
36809.1947	19	JBQYGD010000005,JBQYGD010000014,JBQYGD010000013,JBQYGD010000007,JBQYGD010000015,JBQYGD010000017,JBQYGD010000002,JBQYGD010000004,JBQYGD010000008,JBQYGD010000009,JBQYGD010000003,JBQYGD010000006,JBQYGD010000010,JBQYGD010000001,JBQYGD010000011,JBQYGD010000016,JBQYGD010000012,JBQYGD010000018,JBQYGD010000019	4876164	GCA_052690915.1	link_v1v2
36809.1948	1	CM128802	4781464	GCA_052931425.1	link_v1v2
36809.1950	24	JBOZKZ010000017,JBOZKZ010000006,JBOZKZ010000002,JBOZKZ010000010,JBOZKZ010000023,JBOZKZ010000003,JBOZKZ010000011,JBOZKZ010000019,JBOZKZ010000020,JBOZKZ010000016,JBOZKZ010000018,JBOZKZ010000008,JBOZKZ010000015,JBOZKZ010000022,JBOZKZ010000001,JBOZKZ010000004,JBOZKZ010000005,JBOZKZ010000012,JBOZKZ010000013,JBOZKZ010000024,JBOZKZ010000007,JBOZKZ010000009,JBOZKZ010000014,JBOZKZ010000021	4675041		download_bvbrc
36809.1951	25	JBOZLA010000021,JBOZLA010000003,JBOZLA010000001,JBOZLA010000004,JBOZLA010000012,JBOZLA010000020,JBOZLA010000016,JBOZLA010000018,JBOZLA010000015,JBOZLA010000019,JBOZLA010000005,JBOZLA010000009,JBOZLA010000023,JBOZLA010000008,JBOZLA010000010,JBOZLA010000013,JBOZLA010000014,JBOZLA010000006,JBOZLA010000011,JBOZLA010000017,JBOZLA010000025,JBOZLA010000002,JBOZLA010000007,JBOZLA010000022,JBOZLA010000024	4953767		download_bvbrc
36809.1953	25	JBOZLB010000020,JBOZLB010000005,JBOZLB010000003,JBOZLB010000016,JBOZLB010000014,JBOZLB010000019,JBOZLB010000001,JBOZLB010000011,JBOZLB010000004,JBOZLB010000006,JBOZLB010000025,JBOZLB010000008,JBOZLB010000021,JBOZLB010000023,JBOZLB010000002,JBOZLB010000007,JBOZLB010000013,JBOZLB010000009,JBOZLB010000012,JBOZLB010000015,JBOZLB010000018,JBOZLB010000010,JBOZLB010000017,JBOZLB010000022,JBOZLB010000024	4803403		download_bvbrc
36809.1954	25	JBOZLC010000026,JBOZLC010000021,JBOZLC010000025,JBOZLC010000004,JBOZLC010000010,JBOZLC010000008,JBOZLC010000009,JBOZLC010000005,JBOZLC010000023,JBOZLC010000024,JBOZLC010000002,JBOZLC010000003,JBOZLC010000013,JBOZLC010000016,JBOZLC010000019,JBOZLC010000027,JBOZLC010000007,JBOZLC010000011,JBOZLC010000014,JBOZLC010000017,JBOZLC010000001,JBOZLC010000015,JBOZLC010000018,JBOZLC010000029,JBOZLC010000006	4808958		download_bvbrc
36809.1957	13	JBOZLH010000013,JBOZLH010000001,JBOZLH010000010,JBOZLH010000007,JBOZLH010000011,JBOZLH010000004,JBOZLH010000005,JBOZLH010000006,JBOZLH010000002,JBOZLH010000009,JBOZLH010000003,JBOZLH010000008,JBOZLH010000012	4893366		download_bvbrc
36809.1960	25	JBOZLK010000028,JBOZLK010000012,JBOZLK010000018,JBOZLK010000005,JBOZLK010000007,JBOZLK010000002,JBOZLK010000019,JBOZLK010000016,JBOZLK010000026,JBOZLK010000006,JBOZLK010000009,JBOZLK010000008,JBOZLK010000024,JBOZLK010000025,JBOZLK010000010,JBOZLK010000014,JBOZLK010000022,JBOZLK010000004,JBOZLK010000021,JBOZLK010000023,JBOZLK010000003,JBOZLK010000013,JBOZLK010000020,JBOZLK010000027,JBOZLK010000001	5023442		download_bvbrc
36809.1962	25	JBOZLN010000011,JBOZLN010000001,JBOZLN010000017,JBOZLN010000007,JBOZLN010000021,JBOZLN010000013,JBOZLN010000016,JBOZLN010000018,JBOZLN010000009,JBOZLN010000015,JBOZLN010000019,JBOZLN010000005,JBOZLN010000023,JBOZLN010000025,JBOZLN010000004,JBOZLN010000006,JBOZLN010000020,JBOZLN010000002,JBOZLN010000010,JBOZLN010000022,JBOZLN010000024,JBOZLN010000003,JBOZLN010000008,JBOZLN010000012,JBOZLN010000014	4945657		download_bvbrc
36809.1964	25	JBOZLO010000032,JBOZLO010000006,JBOZLO010000021,JBOZLO010000003,JBOZLO010000011,JBOZLO010000022,JBOZLO010000010,JBOZLO010000013,JBOZLO010000027,JBOZLO010000015,JBOZLO010000019,JBOZLO010000028,JBOZLO010000002,JBOZLO010000018,JBOZLO010000030,JBOZLO010000012,JBOZLO010000020,JBOZLO010000023,JBOZLO010000001,JBOZLO010000007,JBOZLO010000025,JBOZLO010000004,JBOZLO010000005,JBOZLO010000009,JBOZLO010000026	4543946		download_bvbrc
36809.1967	25	JBOZLT010000031,JBOZLT010000022,JBOZLT010000009,JBOZLT010000018,JBOZLT010000028,JBOZLT010000004,JBOZLT010000006,JBOZLT010000003,JBOZLT010000027,JBOZLT010000002,JBOZLT010000005,JBOZLT010000017,JBOZLT010000015,JBOZLT010000019,JBOZLT010000021,JBOZLT010000023,JBOZLT010000001,JBOZLT010000007,JBOZLT010000016,JBOZLT010000024,JBOZLT010000008,JBOZLT010000012,JBOZLT010000020,JBOZLT010000029,JBOZLT010000030	4926813		download_bvbrc
36809.1969	25	JBOZLR010000019,JBOZLR010000015,JBOZLR010000012,JBOZLR010000021,JBOZLR010000003,JBOZLR010000024,JBOZLR010000002,JBOZLR010000016,JBOZLR010000013,JBOZLR010000014,JBOZLR010000001,JBOZLR010000007,JBOZLR010000005,JBOZLR010000010,JBOZLR010000011,JBOZLR010000006,JBOZLR010000017,JBOZLR010000022,JBOZLR010000004,JBOZLR010000008,JBOZLR010000023,JBOZLR010000009,JBOZLR010000018,JBOZLR010000020,JBOZLR010000025	4893424		download_bvbrc
36809.1970	25	JBOZLV010000007,JBOZLV010000016,JBOZLV010000013,JBOZLV010000022,JBOZLV010000006,JBOZLV010000015,JBOZLV010000003,JBOZLV010000004,JBOZLV010000011,JBOZLV010000019,JBOZLV010000014,JBOZLV010000021,JBOZLV010000001,JBOZLV010000024,JBOZLV010000025,JBOZLV010000005,JBOZLV010000010,JBOZLV010000012,JBOZLV010000009,JBOZLV010000017,JBOZLV010000023,JBOZLV010000002,JBOZLV010000008,JBOZLV010000018,JBOZLV010000020	4848714		download_bvbrc
36809.1971	20	JBOZLU010000010,JBOZLU010000007,JBOZLU010000020,JBOZLU010000017,JBOZLU010000004,JBOZLU010000015,JBOZLU010000005,JBOZLU010000006,JBOZLU010000003,JBOZLU010000008,JBOZLU010000001,JBOZLU010000013,JBOZLU010000014,JBOZLU010000011,JBOZLU010000012,JBOZLU010000018,JBOZLU010000002,JBOZLU010000009,JBOZLU010000016,JBOZLU010000019	5091573		download_bvbrc
36809.1974	21	JBOZLX010000008,JBOZLX010000012,JBOZLX010000006,JBOZLX010000021,JBOZLX010000013,JBOZLX010000017,JBOZLX010000001,JBOZLX010000003,JBOZLX010000004,JBOZLX010000005,JBOZLX010000010,JBOZLX010000009,JBOZLX010000018,JBOZLX010000019,JBOZLX010000002,JBOZLX010000015,JBOZLX010000016,JBOZLX010000007,JBOZLX010000011,JBOZLX010000014,JBOZLX010000020	4987438		download_bvbrc
36809.1976	25	JBOZLZ010000024,JBOZLZ010000018,JBOZLZ010000002,JBOZLZ010000014,JBOZLZ010000022,JBOZLZ010000025,JBOZLZ010000012,JBOZLZ010000021,JBOZLZ010000007,JBOZLZ010000008,JBOZLZ010000017,JBOZLZ010000020,JBOZLZ010000001,JBOZLZ010000004,JBOZLZ010000013,JBOZLZ010000019,JBOZLZ010000006,JBOZLZ010000009,JBOZLZ010000016,JBOZLZ010000023,JBOZLZ010000003,JBOZLZ010000005,JBOZLZ010000010,JBOZLZ010000011,JBOZLZ010000015	4906951		download_bvbrc
36809.1978	25	JBOZMC010000014,JBOZMC010000010,JBOZMC010000017,JBOZMC010000026,JBOZMC010000022,JBOZMC010000023,JBOZMC010000024,JBOZMC010000025,JBOZMC010000005,JBOZMC010000009,JBOZMC010000012,JBOZMC010000004,JBOZMC010000006,JBOZMC010000027,JBOZMC010000002,JBOZMC010000008,JBOZMC010000028,JBOZMC010000001,JBOZMC010000007,JBOZMC010000021,JBOZMC010000011,JBOZMC010000016,JBOZMC010000020,JBOZMC010000003,JBOZMC010000013	4995167		download_bvbrc
36809.1979	24	JBOZMD010000005,JBOZMD010000024,JBOZMD010000002,JBOZMD010000017,JBOZMD010000013,JBOZMD010000020,JBOZMD010000001,JBOZMD010000010,JBOZMD010000004,JBOZMD010000023,JBOZMD010000007,JBOZMD010000016,JBOZMD010000011,JBOZMD010000015,JBOZMD010000021,JBOZMD010000003,JBOZMD010000008,JBOZMD010000022,JBOZMD010000006,JBOZMD010000012,JBOZMD010000018,JBOZMD010000009,JBOZMD010000014,JBOZMD010000019	4893895		download_bvbrc
36809.1980	18	JBOZMF010000017,JBOZMF010000007,JBOZMF010000010,JBOZMF010000003,JBOZMF010000004,JBOZMF010000006,JBOZMF010000011,JBOZMF010000013,JBOZMF010000002,JBOZMF010000008,JBOZMF010000005,JBOZMF010000012,JBOZMF010000018,JBOZMF010000001,JBOZMF010000009,JBOZMF010000014,JBOZMF010000015,JBOZMF010000016	5015495		download_bvbrc
36809.1981	25	JBOZMG010000012,JBOZMG010000005,JBOZMG010000019,JBOZMG010000025,JBOZMG010000011,JBOZMG010000014,JBOZMG010000010,JBOZMG010000017,JBOZMG010000013,JBOZMG010000022,JBOZMG010000008,JBOZMG010000009,JBOZMG010000023,JBOZMG010000002,JBOZMG010000021,JBOZMG010000024,JBOZMG010000003,JBOZMG010000004,JBOZMG010000018,JBOZMG010000027,JBOZMG010000001,JBOZMG010000007,JBOZMG010000016,JBOZMG010000020,JBOZMG010000006	4901620		download_bvbrc
36809.1982	25	JBOZME010000007,JBOZME010000014,JBOZME010000006,JBOZME010000016,JBOZME010000010,JBOZME010000018,JBOZME010000008,JBOZME010000020,JBOZME010000002,JBOZME010000005,JBOZME010000013,JBOZME010000015,JBOZME010000022,JBOZME010000003,JBOZME010000012,JBOZME010000017,JBOZME010000009,JBOZME010000023,JBOZME010000024,JBOZME010000001,JBOZME010000004,JBOZME010000019,JBOZME010000011,JBOZME010000021,JBOZME010000025	5138754		download_bvbrc
36809.1983	25	JBOZMH010000001,JBOZMH010000014,JBOZMH010000010,JBOZMH010000004,JBOZMH010000019,JBOZMH010000024,JBOZMH010000002,JBOZMH010000017,JBOZMH010000007,JBOZMH010000023,JBOZMH010000005,JBOZMH010000009,JBOZMH010000015,JBOZMH010000018,JBOZMH010000021,JBOZMH010000008,JBOZMH010000011,JBOZMH010000025,JBOZMH010000026,JBOZMH010000012,JBOZMH010000013,JBOZMH010000016,JBOZMH010000022,JBOZMH010000003,JBOZMH010000006	4943373		download_bvbrc
36809.1984	21	JBOZMI010000009,JBOZMI010000019,JBOZMI010000008,JBOZMI010000004,JBOZMI010000016,JBOZMI010000015,JBOZMI010000021,JBOZMI010000002,JBOZMI010000012,JBOZMI010000006,JBOZMI010000018,JBOZMI010000020,JBOZMI010000011,JBOZMI010000013,JBOZMI010000014,JBOZMI010000001,JBOZMI010000010,JBOZMI010000017,JBOZMI010000003,JBOZMI010000005,JBOZMI010000007	5093181		download_bvbrc
36809.1985	25	JBOZMK010000017,JBOZMK010000001,JBOZMK010000008,JBOZMK010000007,JBOZMK010000026,JBOZMK010000005,JBOZMK010000020,JBOZMK010000009,JBOZMK010000033,JBOZMK010000002,JBOZMK010000013,JBOZMK010000006,JBOZMK010000018,JBOZMK010000023,JBOZMK010000003,JBOZMK010000021,JBOZMK010000025,JBOZMK010000029,JBOZMK010000010,JBOZMK010000015,JBOZMK010000019,JBOZMK010000024,JBOZMK010000004,JBOZMK010000012,JBOZMK010000022	4786316		download_bvbrc
36809.1990	25	JBOZMP010000011,JBOZMP010000002,JBOZMP010000014,JBOZMP010000007,JBOZMP010000023,JBOZMP010000027,JBOZMP010000030,JBOZMP010000003,JBOZMP010000005,JBOZMP010000025,JBOZMP010000029,JBOZMP010000004,JBOZMP010000021,JBOZMP010000001,JBOZMP010000024,JBOZMP010000009,JBOZMP010000012,JBOZMP010000020,JBOZMP010000013,JBOZMP010000015,JBOZMP010000028,JBOZMP010000006,JBOZMP010000008,JBOZMP010000018,JBOZMP010000022	4865831		download_bvbrc
36809.2000	25	JBOZMY010000007,JBOZMY010000017,JBOZMY010000001,JBOZMY010000008,JBOZMY010000023,JBOZMY010000015,JBOZMY010000018,JBOZMY010000012,JBOZMY010000013,JBOZMY010000003,JBOZMY010000026,JBOZMY010000024,JBOZMY010000027,JBOZMY010000006,JBOZMY010000010,JBOZMY010000011,JBOZMY010000004,JBOZMY010000005,JBOZMY010000014,JBOZMY010000009,JBOZMY010000016,JBOZMY010000019,JBOZMY010000021,JBOZMY010000002,JBOZMY010000020	5034686		download_bvbrc
36809.2001	18	JBOZMZ010000014,JBOZMZ010000006,JBOZMZ010000008,JBOZMZ010000002,JBOZMZ010000007,JBOZMZ010000005,JBOZMZ010000009,JBOZMZ010000004,JBOZMZ010000016,JBOZMZ010000010,JBOZMZ010000012,JBOZMZ010000015,JBOZMZ010000018,JBOZMZ010000001,JBOZMZ010000003,JBOZMZ010000011,JBOZMZ010000013,JBOZMZ010000017	4741292		download_bvbrc
36809.2002	25	JBOZNA010000014,JBOZNA010000011,JBOZNA010000008,JBOZNA010000016,JBOZNA010000018,JBOZNA010000020,JBOZNA010000026,JBOZNA010000015,JBOZNA010000027,JBOZNA010000004,JBOZNA010000025,JBOZNA010000002,JBOZNA010000021,JBOZNA010000005,JBOZNA010000009,JBOZNA010000010,JBOZNA010000023,JBOZNA010000003,JBOZNA010000012,JBOZNA010000013,JBOZNA010000022,JBOZNA010000024,JBOZNA010000001,JBOZNA010000006,JBOZNA010000007	4723590		download_bvbrc
36809.2012	25	JBOZNK010000024,JBOZNK010000018,JBOZNK010000013,JBOZNK010000006,JBOZNK010000010,JBOZNK010000003,JBOZNK010000014,JBOZNK010000002,JBOZNK010000016,JBOZNK010000023,JBOZNK010000005,JBOZNK010000017,JBOZNK010000019,JBOZNK010000008,JBOZNK010000012,JBOZNK010000015,JBOZNK010000021,JBOZNK010000009,JBOZNK010000011,JBOZNK010000020,JBOZNK010000025,JBOZNK010000001,JBOZNK010000004,JBOZNK010000007,JBOZNK010000022	4893588		download_bvbrc
36809.2013	24	JBOZNL010000014,JBOZNL010000015,JBOZNL010000022,JBOZNL010000009,JBOZNL010000023,JBOZNL010000003,JBOZNL010000017,JBOZNL010000001,JBOZNL010000018,JBOZNL010000021,JBOZNL010000005,JBOZNL010000006,JBOZNL010000008,JBOZNL010000004,JBOZNL010000007,JBOZNL010000012,JBOZNL010000002,JBOZNL010000011,JBOZNL010000016,JBOZNL010000020,JBOZNL010000010,JBOZNL010000013,JBOZNL010000019,JBOZNL010000024	4887063		download_bvbrc
36809.2017	1	CP194519	5099870	GCA_054926045.1	link_v1v2
36809.2025	1	CP194526	4989215		download_bvbrc
36809.2030	24	JBGKBR010000021,JBGKBR010000008,JBGKBR010000011,JBGKBR010000024,JBGKBR010000014,JBGKBR010000020,JBGKBR010000007,JBGKBR010000012,JBGKBR010000003,JBGKBR010000009,JBGKBR010000001,JBGKBR010000006,JBGKBR010000017,JBGKBR010000002,JBGKBR010000013,JBGKBR010000016,JBGKBR010000004,JBGKBR010000010,JBGKBR010000018,JBGKBR010000005,JBGKBR010000015,JBGKBR010000019,JBGKBR010000022,JBGKBR010000023	4892260		download_bvbrc
36809.2032	25	JBGKBT010000021,JBGKBT010000009,JBGKBT010000001,JBGKBT010000016,JBGKBT010000027,JBGKBT010000006,JBGKBT010000012,JBGKBT010000015,JBGKBT010000010,JBGKBT010000011,JBGKBT010000024,JBGKBT010000002,JBGKBT010000022,JBGKBT010000026,JBGKBT010000004,JBGKBT010000005,JBGKBT010000020,JBGKBT010000023,JBGKBT010000007,JBGKBT010000014,JBGKBT010000018,JBGKBT010000025,JBGKBT010000003,JBGKBT010000008,JBGKBT010000013	4867428		download_bvbrc
36809.2034	20	JBGKBV010000016,JBGKBV010000013,JBGKBV010000002,JBGKBV010000015,JBGKBV010000018,JBGKBV010000012,JBGKBV010000017,JBGKBV010000001,JBGKBV010000003,JBGKBV010000009,JBGKBV010000011,JBGKBV010000014,JBGKBV010000019,JBGKBV010000007,JBGKBV010000010,JBGKBV010000020,JBGKBV010000004,JBGKBV010000005,JBGKBV010000006,JBGKBV010000008	5065688		download_bvbrc
36809.2040	17	JBGKBZ010000011,JBGKBZ010000010,JBGKBZ010000007,JBGKBZ010000012,JBGKBZ010000016,JBGKBZ010000014,JBGKBZ010000004,JBGKBZ010000009,JBGKBZ010000003,JBGKBZ010000006,JBGKBZ010000005,JBGKBZ010000008,JBGKBZ010000015,JBGKBZ010000001,JBGKBZ010000002,JBGKBZ010000013,JBGKBZ010000017	5042245		download_bvbrc
36809.2042	25	JBGKCE010000029,JBGKCE010000009,JBGKCE010000012,JBGKCE010000018,JBGKCE010000017,JBGKCE010000024,JBGKCE010000016,JBGKCE010000026,JBGKCE010000001,JBGKCE010000005,JBGKCE010000019,JBGKCE010000002,JBGKCE010000006,JBGKCE010000022,JBGKCE010000004,JBGKCE010000020,JBGKCE010000028,JBGKCE010000032,JBGKCE010000007,JBGKCE010000013,JBGKCE010000023,JBGKCE010000031,JBGKCE010000008,JBGKCE010000011,JBGKCE010000015	4581058		download_bvbrc
36809.793	21	36809.793.con.0016,36809.793.con.0018,36809.793.con.0021,36809.793.con.0002,36809.793.con.0014,36809.793.con.0008,36809.793.con.0003,36809.793.con.0010,36809.793.con.0001,36809.793.con.0017,36809.793.con.0004,36809.793.con.0020,36809.793.con.0009,36809.793.con.0012,36809.793.con.0015,36809.793.con.0005,36809.793.con.0007,36809.793.con.0011,36809.793.con.0006,36809.793.con.0013,36809.793.con.0019	4845073		download_bvbrc
36809.796	23	36809.796.con.0010,36809.796.con.0022,36809.796.con.0003,36809.796.con.0021,36809.796.con.0014,36809.796.con.0020,36809.796.con.0001,36809.796.con.0015,36809.796.con.0006,36809.796.con.0008,36809.796.con.0018,36809.796.con.0009,36809.796.con.0017,36809.796.con.0023,36809.796.con.0004,36809.796.con.0007,36809.796.con.0011,36809.796.con.0019,36809.796.con.0002,36809.796.con.0005,36809.796.con.0012,36809.796.con.0013,36809.796.con.0016	5356938		download_bvbrc
36809.799	18	36809.799.con.0008,36809.799.con.0009,36809.799.con.0010,36809.799.con.0013,36809.799.con.0001,36809.799.con.0014,36809.799.con.0002,36809.799.con.0004,36809.799.con.0003,36809.799.con.0007,36809.799.con.0016,36809.799.con.0005,36809.799.con.0012,36809.799.con.0015,36809.799.con.0006,36809.799.con.0011,36809.799.con.0017,36809.799.con.0018	4896759		download_bvbrc
36809.805	16	36809.805.con.0007,36809.805.con.0013,36809.805.con.0001,36809.805.con.0016,36809.805.con.0009,36809.805.con.0006,36809.805.con.0008,36809.805.con.0010,36809.805.con.0005,36809.805.con.0012,36809.805.con.0002,36809.805.con.0011,36809.805.con.0003,36809.805.con.0004,36809.805.con.0014,36809.805.con.0015	5118587		download_bvbrc
36809.809	22	36809.809.con.0021,36809.809.con.0016,36809.809.con.0005,36809.809.con.0011,36809.809.con.0003,36809.809.con.0009,36809.809.con.0020,36809.809.con.0006,36809.809.con.0013,36809.809.con.0015,36809.809.con.0019,36809.809.con.0004,36809.809.con.0014,36809.809.con.0001,36809.809.con.0007,36809.809.con.0008,36809.809.con.0010,36809.809.con.0012,36809.809.con.0022,36809.809.con.0002,36809.809.con.0017,36809.809.con.0018	4909123		download_bvbrc
36809.812	25	36809.812.con.0004,36809.812.con.0020,36809.812.con.0022,36809.812.con.0007,36809.812.con.0001,36809.812.con.0025,36809.812.con.0009,36809.812.con.0011,36809.812.con.0006,36809.812.con.0013,36809.812.con.0019,36809.812.con.0010,36809.812.con.0008,36809.812.con.0014,36809.812.con.0012,36809.812.con.0015,36809.812.con.0026,36809.812.con.0003,36809.812.con.0016,36809.812.con.0018,36809.812.con.0017,36809.812.con.0021,36809.812.con.0023,36809.812.con.0002,36809.812.con.0005	4978282		download_bvbrc
36809.816	25	36809.816.con.0027,36809.816.con.0008,36809.816.con.0010,36809.816.con.0004,36809.816.con.0013,36809.816.con.0015,36809.816.con.0020,36809.816.con.0021,36809.816.con.0028,36809.816.con.0009,36809.816.con.0018,36809.816.con.0003,36809.816.con.0019,36809.816.con.0022,36809.816.con.0001,36809.816.con.0002,36809.816.con.0005,36809.816.con.0007,36809.816.con.0014,36809.816.con.0026,36809.816.con.0006,36809.816.con.0012,36809.816.con.0024,36809.816.con.0011,36809.816.con.0016	4957705		download_bvbrc
36809.818	25	36809.818.con.0021,36809.818.con.0027,36809.818.con.0012,36809.818.con.0002,36809.818.con.0006,36809.818.con.0024,36809.818.con.0026,36809.818.con.0014,36809.818.con.0023,36809.818.con.0010,36809.818.con.0019,36809.818.con.0001,36809.818.con.0018,36809.818.con.0015,36809.818.con.0016,36809.818.con.0025,36809.818.con.0004,36809.818.con.0005,36809.818.con.0008,36809.818.con.0007,36809.818.con.0011,36809.818.con.0013,36809.818.con.0022,36809.818.con.0003,36809.818.con.0009	4987179		download_bvbrc
36809.819	25	36809.819.con.0029,36809.819.con.0012,36809.819.con.0014,36809.819.con.0005,36809.819.con.0027,36809.819.con.0001,36809.819.con.0011,36809.819.con.0004,36809.819.con.0018,36809.819.con.0006,36809.819.con.0031,36809.819.con.0002,36809.819.con.0009,36809.819.con.0007,36809.819.con.0010,36809.819.con.0017,36809.819.con.0021,36809.819.con.0025,36809.819.con.0026,36809.819.con.0013,36809.819.con.0015,36809.819.con.0030,36809.819.con.0003,36809.819.con.0008,36809.819.con.0016	4968454		download_bvbrc
36809.821	19	36809.821.con.0003,36809.821.con.0008,36809.821.con.0002,36809.821.con.0010,36809.821.con.0012,36809.821.con.0014,36809.821.con.0017,36809.821.con.0005,36809.821.con.0009,36809.821.con.0016,36809.821.con.0006,36809.821.con.0013,36809.821.con.0015,36809.821.con.0018,36809.821.con.0001,36809.821.con.0004,36809.821.con.0007,36809.821.con.0011,36809.821.con.0019	5060593		download_bvbrc
36809.823	22	36809.823.con.0008,36809.823.con.0009,36809.823.con.0014,36809.823.con.0013,36809.823.con.0015,36809.823.con.0001,36809.823.con.0004,36809.823.con.0019,36809.823.con.0010,36809.823.con.0012,36809.823.con.0021,36809.823.con.0005,36809.823.con.0006,36809.823.con.0017,36809.823.con.0007,36809.823.con.0011,36809.823.con.0016,36809.823.con.0018,36809.823.con.0002,36809.823.con.0003,36809.823.con.0020,36809.823.con.0022	4830676		download_bvbrc
36809.824	15	36809.824.con.0001,36809.824.con.0014,36809.824.con.0011,36809.824.con.0007,36809.824.con.0010,36809.824.con.0009,36809.824.con.0013,36809.824.con.0003,36809.824.con.0004,36809.824.con.0005,36809.824.con.0015,36809.824.con.0008,36809.824.con.0012,36809.824.con.0002,36809.824.con.0006	5076742		download_bvbrc
36809.826	23	36809.826.con.0001,36809.826.con.0021,36809.826.con.0002,36809.826.con.0004,36809.826.con.0003,36809.826.con.0015,36809.826.con.0008,36809.826.con.0009,36809.826.con.0017,36809.826.con.0012,36809.826.con.0005,36809.826.con.0007,36809.826.con.0014,36809.826.con.0016,36809.826.con.0019,36809.826.con.0010,36809.826.con.0011,36809.826.con.0013,36809.826.con.0023,36809.826.con.0006,36809.826.con.0018,36809.826.con.0020,36809.826.con.0022	4973203		download_bvbrc
36809.827	10	36809.827.con.0008,36809.827.con.0010,36809.827.con.0005,36809.827.con.0002,36809.827.con.0004,36809.827.con.0003,36809.827.con.0009,36809.827.con.0001,36809.827.con.0006,36809.827.con.0007	5109143		download_bvbrc
36809.829	21	36809.829.con.0008,36809.829.con.0001,36809.829.con.0005,36809.829.con.0002,36809.829.con.0012,36809.829.con.0019,36809.829.con.0014,36809.829.con.0004,36809.829.con.0011,36809.829.con.0020,36809.829.con.0007,36809.829.con.0015,36809.829.con.0016,36809.829.con.0010,36809.829.con.0013,36809.829.con.0017,36809.829.con.0018,36809.829.con.0003,36809.829.con.0006,36809.829.con.0009,36809.829.con.0021	4996000		download_bvbrc
39692.23	1	CP157737	5926939	GCA_040105145.1	link_v1v2
39695.15	2	LC872748,AP043665	6579945		download_bvbrc
43304.22	6	JBLVUM010000003,JBLVUM010000005,JBLVUM010000002,JBLVUM010000004,JBLVUM010000001,JBLVUM010000006	7708691	GCA_048282875.1	link_v1v2
43304.23	3	JBLVUT010000002,JBLVUT010000001,JBLVUT010000003	7189906	GCA_048287015.1	link_v1v2
43304.25	3	JBLVUY010000001,JBLVUY010000003,JBLVUY010000002	7195141	GCA_048287115.1	link_v1v2
439334.700	3	CP083995,CP083993,CP083994	5527856	GCA_038446055.1	link_v1v2
439334.701	2	CP083998,CP083999	5328329	GCA_038446155.1	link_v1v2
439334.702	2	CP085280,CP085281	5476965	GCA_038446185.1	link_v1v2
439334.703	3	CP085196,CP085195,CP085194	5350539	GCA_038446175.1	link_v1v2
439334.709	2	CP083997,CP083996	5284967	GCA_041082025.1	link_v1v2
439334.710	3	OZ123590,OZ123591,OZ123589	5215115	GCA_964205065.1	link_v1v2
439334.711	3	OZ123584,OZ123583,OZ123585	5232156	GCA_964205035.1	link_v1v2
439334.713	3	OZ123588,OZ123587,OZ123586	5198611	GCA_964205045.1	link_v1v2
44282.4	1	OZ258201	4841659	GCA_965280235.1	link_v1v2
486698.25	3	OY970457,OY970456,OY970458	6635210	GCA_963853645.1	link_v1v2
49897.13	6	BAAIGO010000006,BAAIGO010000004,BAAIGO010000003,BAAIGO010000001,BAAIGO010000005,BAAIGO010000002	6559169		download_bvbrc
81858.19	1	CM133413	5346014		download_bvbrc
98668.17	25	JBKBDE010000021,JBKBDE010000017,JBKBDE010000009,JBKBDE010000010,JBKBDE010000002,JBKBDE010000022,JBKBDE010000015,JBKBDE010000019,JBKBDE010000003,JBKBDE010000014,JBKBDE010000005,JBKBDE010000012,JBKBDE010000024,JBKBDE010000018,JBKBDE010000020,JBKBDE010000026,JBKBDE010000007,JBKBDE010000008,JBKBDE010000016,JBKBDE010000023,JBKBDE010000004,JBKBDE010000011,JBKBDE010000013,JBKBDE010000027,JBKBDE010000001	6649278	GCA_046310135.1	link_v1v2
98668.18	25	JBKFEK010000028,JBKFEK010000003,JBKFEK010000011,JBKFEK010000019,JBKFEK010000005,JBKFEK010000015,JBKFEK010000007,JBKFEK010000010,JBKFEK010000014,JBKFEK010000025,JBKFEK010000018,JBKFEK010000023,JBKFEK010000029,JBKFEK010000008,JBKFEK010000012,JBKFEK010000020,JBKFEK010000001,JBKFEK010000004,JBKFEK010000013,JBKFEK010000002,JBKFEK010000022,JBKFEK010000024,JBKFEK010000026,JBKFEK010000006,JBKFEK010000009	6933450		download_bvbrc
98668.19	25	JBNGHN010000002,JBNGHN010000019,JBNGHN010000027,JBNGHN010000022,JBNGHN010000024,JBNGHN010000010,JBNGHN010000017,JBNGHN010000003,JBNGHN010000016,JBNGHN010000021,JBNGHN010000025,JBNGHN010000026,JBNGHN010000001,JBNGHN010000009,JBNGHN010000014,JBNGHN010000005,JBNGHN010000007,JBNGHN010000015,JBNGHN010000004,JBNGHN010000008,JBNGHN010000012,JBNGHN010000013,JBNGHN010000018,JBNGHN010000020,JBNGHN010000006	6870791	GCA_050016095.1	link_v1v2
98668.20	25	JBNGHX010000027,JBNGHX010000012,JBNGHX010000001,JBNGHX010000016,JBNGHX010000018,JBNGHX010000015,JBNGHX010000023,JBNGHX010000002,JBNGHX010000009,JBNGHX010000010,JBNGHX010000013,JBNGHX010000028,JBNGHX010000003,JBNGHX010000007,JBNGHX010000017,JBNGHX010000006,JBNGHX010000014,JBNGHX010000030,JBNGHX010000021,JBNGHX010000024,JBNGHX010000025,JBNGHX010000011,JBNGHX010000020,JBNGHX010000029,JBNGHX010000004	6101662	GCA_050016115.1	link_v1v2
98668.22	24	JBNGHW010000006,JBNGHW010000017,JBNGHW010000016,JBNGHW010000019,JBNGHW010000002,JBNGHW010000010,JBNGHW010000001,JBNGHW010000012,JBNGHW010000014,JBNGHW010000005,JBNGHW010000018,JBNGHW010000021,JBNGHW010000003,JBNGHW010000011,JBNGHW010000013,JBNGHW010000020,JBNGHW010000009,JBNGHW010000015,JBNGHW010000022,JBNGHW010000023,JBNGHW010000004,JBNGHW010000007,JBNGHW010000008,JBNGHW010000024	6870629	GCA_050016155.1	link_v1v2
98668.23	22	JBNGHI010000007,JBNGHI010000014,JBNGHI010000003,JBNGHI010000006,JBNGHI010000002,JBNGHI010000022,JBNGHI010000013,JBNGHI010000020,JBNGHI010000005,JBNGHI010000018,JBNGHI010000001,JBNGHI010000021,JBNGHI010000012,JBNGHI010000017,JBNGHI010000004,JBNGHI010000009,JBNGHI010000010,JBNGHI010000019,JBNGHI010000008,JBNGHI010000011,JBNGHI010000015,JBNGHI010000016	6871620	GCA_050016215.1	link_v1v2
98668.24	24	JBNGHJ010000022,JBNGHJ010000013,JBNGHJ010000015,JBNGHJ010000016,JBNGHJ010000019,JBNGHJ010000020,JBNGHJ010000005,JBNGHJ010000021,JBNGHJ010000001,JBNGHJ010000009,JBNGHJ010000010,JBNGHJ010000024,JBNGHJ010000004,JBNGHJ010000014,JBNGHJ010000007,JBNGHJ010000008,JBNGHJ010000017,JBNGHJ010000003,JBNGHJ010000018,JBNGHJ010000023,JBNGHJ010000002,JBNGHJ010000006,JBNGHJ010000011,JBNGHJ010000012	7061078	GCA_050016235.1	link_v1v2
98668.25	25	JBNGHK010000019,JBNGHK010000021,JBNGHK010000003,JBNGHK010000020,JBNGHK010000023,JBNGHK010000001,JBNGHK010000006,JBNGHK010000004,JBNGHK010000007,JBNGHK010000012,JBNGHK010000017,JBNGHK010000002,JBNGHK010000022,JBNGHK010000024,JBNGHK010000008,JBNGHK010000009,JBNGHK010000016,JBNGHK010000026,JBNGHK010000005,JBNGHK010000010,JBNGHK010000011,JBNGHK010000014,JBNGHK010000013,JBNGHK010000015,JBNGHK010000018	7060150	GCA_050016255.1	link_v1v2
98668.27	25	JBNGHL010000022,JBNGHL010000003,JBNGHL010000021,JBNGHL010000001,JBNGHL010000023,JBNGHL010000009,JBNGHL010000012,JBNGHL010000011,JBNGHL010000024,JBNGHL010000004,JBNGHL010000006,JBNGHL010000013,JBNGHL010000015,JBNGHL010000025,JBNGHL010000002,JBNGHL010000014,JBNGHL010000020,JBNGHL010000007,JBNGHL010000017,JBNGHL010000018,JBNGHL010000019,JBNGHL010000005,JBNGHL010000008,JBNGHL010000010,JBNGHL010000016	7061847	GCA_050016295.1	link_v1v2
98668.28	22	JBNGHP010000002,JBNGHP010000003,JBNGHP010000009,JBNGHP010000015,JBNGHP010000004,JBNGHP010000017,JBNGHP010000008,JBNGHP010000014,JBNGHP010000001,JBNGHP010000011,JBNGHP010000021,JBNGHP010000007,JBNGHP010000013,JBNGHP010000020,JBNGHP010000005,JBNGHP010000010,JBNGHP010000019,JBNGHP010000022,JBNGHP010000006,JBNGHP010000012,JBNGHP010000016,JBNGHP010000018	6870480	GCA_050016315.1	link_v1v2
98668.29	22	JBNGHV010000013,JBNGHV010000015,JBNGHV010000007,JBNGHV010000016,JBNGHV010000001,JBNGHV010000012,JBNGHV010000009,JBNGHV010000021,JBNGHV010000008,JBNGHV010000010,JBNGHV010000002,JBNGHV010000005,JBNGHV010000003,JBNGHV010000004,JBNGHV010000017,JBNGHV010000006,JBNGHV010000011,JBNGHV010000019,JBNGHV010000014,JBNGHV010000018,JBNGHV010000020,JBNGHV010000022	7061455	GCA_050016335.1	link_v1v2
98668.30	25	JBNGHR010000009,JBNGHR010000019,JBNGHR010000012,JBNGHR010000006,JBNGHR010000020,JBNGHR010000010,JBNGHR010000016,JBNGHR010000002,JBNGHR010000025,JBNGHR010000004,JBNGHR010000018,JBNGHR010000005,JBNGHR010000008,JBNGHR010000024,JBNGHR010000001,JBNGHR010000014,JBNGHR010000015,JBNGHR010000021,JBNGHR010000007,JBNGHR010000011,JBNGHR010000017,JBNGHR010000026,JBNGHR010000003,JBNGHR010000013,JBNGHR010000022	7051379	GCA_050016355.1	link_v1v2
98668.32	25	JBNGHM010000002,JBNGHM010000019,JBNGHM010000005,JBNGHM010000006,JBNGHM010000004,JBNGHM010000014,JBNGHM010000013,JBNGHM010000017,JBNGHM010000008,JBNGHM010000015,JBNGHM010000010,JBNGHM010000016,JBNGHM010000018,JBNGHM010000021,JBNGHM010000001,JBNGHM010000011,JBNGHM010000020,JBNGHM010000025,JBNGHM010000003,JBNGHM010000007,JBNGHM010000009,JBNGHM010000012,JBNGHM010000022,JBNGHM010000023,JBNGHM010000024	7061126	GCA_050016395.1	link_v1v2
98668.33	24	JBNGHT010000013,JBNGHT010000004,JBNGHT010000001,JBNGHT010000015,JBNGHT010000016,JBNGHT010000023,JBNGHT010000007,JBNGHT010000008,JBNGHT010000006,JBNGHT010000009,JBNGHT010000003,JBNGHT010000014,JBNGHT010000005,JBNGHT010000011,JBNGHT010000018,JBNGHT010000020,JBNGHT010000017,JBNGHT010000019,JBNGHT010000021,JBNGHT010000024,JBNGHT010000002,JBNGHT010000010,JBNGHT010000012,JBNGHT010000022	7061959	GCA_050016755.1	link_v1v2
98668.34	25	JBNGHH010000020,JBNGHH010000013,JBNGHH010000014,JBNGHH010000006,JBNGHH010000011,JBNGHH010000008,JBNGHH010000009,JBNGHH010000004,JBNGHH010000005,JBNGHH010000003,JBNGHH010000017,JBNGHH010000021,JBNGHH010000007,JBNGHH010000010,JBNGHH010000018,JBNGHH010000019,JBNGHH010000022,JBNGHH010000023,JBNGHH010000001,JBNGHH010000002,JBNGHH010000012,JBNGHH010000025,JBNGHH010000015,JBNGHH010000016,JBNGHH010000024	7060873	GCA_050016775.1	link_v1v2
98668.35	25	JBNGHO010000012,JBNGHO010000016,JBNGHO010000004,JBNGHO010000026,JBNGHO010000005,JBNGHO010000017,JBNGHO010000009,JBNGHO010000020,JBNGHO010000023,JBNGHO010000001,JBNGHO010000007,JBNGHO010000024,JBNGHO010000008,JBNGHO010000018,JBNGHO010000021,JBNGHO010000003,JBNGHO010000014,JBNGHO010000027,JBNGHO010000028,JBNGHO010000002,JBNGHO010000006,JBNGHO010000011,JBNGHO010000013,JBNGHO010000010,JBNGHO010000015	7032263	GCA_050016835.1	link_v1v2
